Bell No,Actual Time,Contest Model,HawkEar Model,RWP Model,Metronomic Model
1,1990,1990,1990,2097.98,1990
2,2220,2238.95,2238.95,2333.08,2211.28
3,2510,2487.89,2487.89,2568.19,2432.55
4,2770,2736.84,2736.84,2803.3,2653.83
5,2960,2985.79,2985.79,3038.41,2875.11
6,3260,3234.74,3234.74,3273.52,3096.39
7,3580,3483.68,3483.68,3508.62,3317.66
8,3810,3732.63,3732.63,3743.73,3538.94
9,4040,3981.58,3981.58,3978.84,3760.22
10,4300,4230.53,4230.53,4213.95,3981.49
1,4360,4479.47,4479.47,4449.05,4202.77
2,4700,4728.42,4728.42,4684.16,4424.05
3,4840,4977.37,4977.37,4919.27,4645.33
4,5160,5226.32,5226.32,5154.38,4866.6
5,5440,5475.26,5475.26,5389.48,5087.88
6,5610,5724.21,5724.21,5624.59,5309.16
7,5890,5973.16,5973.16,5859.7,5530.43
8,6130,6222.11,6222.11,6094.81,5751.71
9,6340,6471.05,6471.05,6329.92,5972.99
10,6720,6720,6720,6565.02,6194.27
1,6930,7066.71,7113.35,7048.48,6636.82
2,7220,7301.12,7344.17,7283.58,6858.1
3,7500,7535.54,7574.99,7518.69,7079.37
4,7720,7769.95,7805.82,7753.8,7300.65
5,7980,8004.36,8036.64,7988.91,7521.93
6,8260,8238.77,8267.46,8224.02,7743.2
7,8560,8473.18,8498.28,8459.12,7964.48
8,8770,8707.59,8729.1,8694.23,8185.76
9,9010,8942,8959.92,8929.34,8407.04
10,9260,9176.41,9190.74,9164.45,8628.31
1,9380,9410.82,9421.56,9399.55,8849.59
2,9610,9645.24,9652.39,9634.66,9070.87
3,9730,9879.65,9883.21,9869.77,9292.14
4,10020,10114.1,10114,10104.9,9513.42
5,10320,10348.5,10344.8,10340,9734.7
6,10590,10582.9,10575.7,10575.1,9955.98
7,10800,10817.3,10806.5,10810.2,10177.3
8,11070,11051.7,11037.3,11045.3,10398.5
9,11280,11286.1,11268.1,11280.4,10619.8
10,11630,11520.5,11499,11515.5,10841.1
1,12030,11972.7,11978.9,11961.8,11283.6
2,12210,12203.4,12209.1,12194.3,11504.9
3,12430,12434.1,12439.4,12426.8,11726.2
4,12670,12664.9,12669.6,12659.3,11947.5
5,12860,12895.6,12899.9,12891.8,12168.7
6,13140,13126.3,13130.1,13124.3,12390
7,13410,13357.1,13360.4,13356.8,12611.3
8,13600,13587.8,13590.6,13589.3,12832.6
9,13890,13818.5,13820.9,13821.8,13053.9
10,14070,14049.2,14051.1,14054.3,13275.1
1,14380,14280,14281.4,14286.7,13496.4
2,14460,14510.7,14511.6,14519.2,13717.7
3,14700,14741.4,14741.9,14751.7,13939
4,14940,14972.2,14972.1,14984.2,14160.2
5,15160,15202.9,15202.4,15216.7,14381.5
6,15420,15433.6,15432.6,15449.2,14602.8
7,15600,15664.4,15662.9,15681.7,14824.1
8,15900,15895.1,15893.1,15914.2,15045.3
9,16110,16125.8,16123.4,16146.7,15266.6
10,16430,16356.6,16353.6,16379.2,15487.9
1,16850,16806.1,16811.7,16807,15930.5
2,17050,17038.2,17043.3,17039.1,16151.7
3,17240,17270.2,17274.9,17271.1,16373
4,17480,17502.3,17506.5,17503.2,16594.3
5,17700,17734.3,17738.2,17735.2,16815.6
6,17960,17966.4,17969.8,17967.3,17036.8
7,18220,18198.4,18201.4,18199.3,17258.1
8,18410,18430.5,18433,18431.4,17479.4
9,18720,18662.5,18664.7,18663.4,17700.7
10,18950,18894.6,18896.3,18895.5,17922
1,19180,19126.6,19127.9,19127.5,18143.2
2,19380,19358.7,19359.5,19359.6,18364.5
3,19560,19590.7,19591.1,19591.6,18585.8
4,19790,19822.8,19822.8,19823.7,18807.1
5,20020,20054.8,20054.4,20055.7,19028.3
6,20170,20286.9,20286,20287.8,19249.6
7,20490,20518.9,20517.6,20519.8,19470.9
8,20780,20751,20749.3,20751.9,19692.2
9,20960,20983,20980.9,20983.9,19913.4
10,21320,21215.1,21212.5,21216,20134.7
1,21750,21678.5,21677.8,21677,20577.3
2,21950,21909.8,21909.4,21909.1,20798.6
3,22140,22141,22141.1,22141.1,21019.8
4,22370,22372.3,22372.7,22373.2,21241.1
5,22580,22603.6,22604.3,22605.2,21462.4
6,22830,22834.9,22835.9,22837.3,21683.7
7,23040,23066.2,23067.6,23069.3,21904.9
8,23300,23297.5,23299.2,23301.4,22126.2
9,23600,23528.7,23530.8,23533.4,22347.5
10,23810,23760,23762.4,23765.5,22568.8
1,24060,23991.3,23994.1,23997.5,22790
2,24250,24222.6,24225.7,24229.6,23011.3
3,24440,24453.9,24457.3,24461.6,23232.6
4,24670,24685.2,24688.9,24693.7,23453.9
5,24900,24916.4,24920.6,24925.7,23675.2
6,25080,25147.7,25152.2,25157.8,23896.4
7,25310,25379,25383.8,25389.8,24117.7
8,25580,25610.3,25615.4,25621.9,24339
9,25830,25841.6,25847,25853.9,24560.3
10,26140,26072.9,26078.7,26086,24781.5
1,26540,26527.7,26532.2,26532.8,25224.1
2,26760,26758.6,26763.5,26763.3,25445.4
3,26950,26989.5,26994.9,26993.8,25666.7
4,27190,27220.4,27226.2,27224.3,25887.9
5,27470,27451.3,27457.5,27454.8,26109.2
6,27720,27682.2,27688.8,27685.3,26330.5
7,27950,27913.1,27920.2,27915.8,26551.8
8,28110,28144,28151.5,28146.3,26773
9,28390,28374.9,28382.8,28376.8,26994.3
10,28600,28605.8,28614.1,28607.3,27215.6
1,28900,28836.7,28845.5,28837.7,27436.9
2,29130,29067.6,29076.8,29068.2,27658.1
3,29300,29298.5,29308.1,29298.7,27879.4
4,29490,29529.4,29539.4,29529.2,28100.7
5,29700,29760.3,29770.8,29759.7,28322
6,29990,29991.2,30002.1,29990.2,28543.3
7,30210,30222.1,30233.4,30220.7,28764.5
8,30480,30453,30464.7,30451.2,28985.8
9,30650,30683.9,30696.1,30681.7,29207.1
10,30920,30914.8,30927.4,30912.2,29428.4
1,31370,31355.6,31360.9,31350.5,29870.9
2,31620,31584.5,31591.4,31579.7,30092.2
3,31800,31813.4,31821.9,31808.8,30313.5
4,31990,32042.4,32052.3,32038,30534.7
5,32240,32271.3,32282.8,32267.1,30756
6,32490,32500.3,32513.3,32496.3,30977.3
7,32750,32729.2,32743.7,32725.4,31198.6
8,32990,32958.2,32974.2,32954.6,31419.9
9,33250,33187.1,33204.7,33183.8,31641.1
10,33390,33416,33435.2,33412.9,31862.4
1,33650,33645,33665.6,33642.1,32083.7
2,33860,33873.9,33896.1,33871.2,32305
3,34040,34102.9,34126.6,34100.4,32526.2
4,34260,34331.8,34357,34329.6,32747.5
5,34540,34560.8,34587.5,34558.7,32968.8
6,34780,34789.7,34818,34787.9,33190.1
7,35010,35018.6,35048.4,35017,33411.3
8,35270,35247.6,35278.9,35246.2,33632.6
9,35470,35476.5,35509.4,35475.3,33853.9
10,35780,35705.5,35739.9,35704.5,34075.2
1,36140,36149.7,36163.2,36138.1,34517.7
2,36370,36377.6,36392.6,36367,34739
3,36570,36605.4,36622,36595.9,34960.3
4,36800,36833.3,36851.3,36824.8,35181.6
5,37000,37061.1,37080.7,37053.6,35402.8
6,37280,37289,37310.1,37282.5,35624.1
7,37520,37516.8,37539.4,37511.4,35845.4
8,37790,37744.7,37768.8,37740.3,36066.7
9,38040,37972.6,37998.2,37969.2,36288
10,38280,38200.4,38227.6,38198.1,36509.2
1,38490,38428.3,38456.9,38426.9,36730.5
2,38700,38656.1,38686.3,38655.8,36951.8
3,38880,38884,38915.7,38884.7,37173.1
4,39090,39111.8,39145,39113.6,37394.3
5,39270,39339.7,39374.4,39342.5,37615.6
6,39480,39567.5,39603.8,39571.4,37836.9
7,39750,39795.4,39833.2,39800.2,38058.2
8,40030,40023.2,40062.5,40029.1,38279.4
9,40220,40251.1,40291.9,40258,38500.7
10,40550,40478.9,40521.3,40486.9,38722
1,40990,40935.9,40954.4,40921.9,39164.6
2,41210,41164.1,41183,41151.8,39385.8
3,41400,41392.3,41411.6,41381.7,39607.1
4,41600,41620.6,41640.2,41611.6,39828.4
5,41810,41848.8,41868.9,41841.5,40049.7
6,42060,42077,42097.5,42071.4,40270.9
7,42300,42305.3,42326.1,42301.3,40492.2
8,42540,42533.5,42554.7,42531.2,40713.5
9,42790,42761.7,42783.4,42761.1,40934.8
10,42990,42990,43012,42991,41156
1,43230,43218.2,43240.6,43221,41377.3
2,43440,43446.4,43469.2,43450.9,41598.6
3,43640,43674.6,43697.9,43680.8,41819.9
4,43870,43902.9,43926.5,43910.7,42041.2
5,44140,44131.1,44155.1,44140.6,42262.4
6,44330,44359.3,44383.7,44370.5,42483.7
7,44580,44587.6,44612.3,44600.4,42705
8,44850,44815.8,44841,44830.3,42926.3
9,45000,45044,45069.6,45060.2,43147.5
10,45350,45272.3,45298.2,45290.1,43368.8
1,45800,45742.2,45758.7,45738.7,43811.4
2,45990,45972.4,45987.5,45969.8,44032.7
3,46190,46202.6,46216.2,46200.9,44253.9
4,46420,46432.8,46444.9,46432,44475.2
5,46620,46663,46673.6,46663.1,44696.5
6,46900,46893.1,46902.4,46894.1,44917.8
7,47120,47123.3,47131.1,47125.2,45139
8,47400,47353.5,47359.8,47356.3,45360.3
9,47650,47583.7,47588.6,47587.4,45581.6
10,47880,47813.9,47817.3,47818.5,45802.9
1,48090,48044,48046,48049.5,46024.1
2,48260,48274.2,48274.7,48280.6,46245.4
3,48460,48504.4,48503.5,48511.7,46466.7
4,48670,48734.6,48732.2,48742.8,46688
5,48900,48964.8,48960.9,48973.9,46909.3
6,49210,49195,49189.6,49204.9,47130.5
7,49400,49425.1,49418.4,49436,47351.8
8,49660,49655.3,49647.1,49667.1,47573.1
9,49850,49885.5,49875.8,49898.2,47794.4
10,50210,50115.7,50104.6,50129.3,48015.6
1,50660,50582.1,50582,50578.7,48458.2
2,50840,50812.7,50811.3,50810.1,48679.5
3,51060,51043.3,51040.6,51041.4,48900.7
4,51230,51273.9,51269.9,51272.8,49122
5,51440,51504.5,51499.2,51504.1,49343.3
6,51730,51735.1,51728.5,51735.5,49564.6
7,51930,51965.7,51957.8,51966.8,49785.9
8,52210,52196.3,52187.1,52198.1,50007.1
9,52480,52426.9,52416.4,52429.5,50228.4
10,52670,52657.5,52645.7,52660.8,50449.7
1,52950,52888.1,52875,52892.2,50671
2,53170,53118.7,53104.3,53123.5,50892.2
3,53350,53349.3,53333.6,53354.9,51113.5
4,53540,53579.9,53562.9,53586.2,51334.8
5,53780,53810.5,53792.2,53817.5,51556.1
6,54030,54041.1,54021.5,54048.9,51777.3
7,54280,54271.7,54250.8,54280.2,51998.6
8,54510,54502.3,54480.1,54511.6,52219.9
9,54660,54732.9,54709.4,54742.9,52441.2
10,55010,54963.5,54938.7,54974.3,52662.5
1,55500,55431.2,55416,55422.3,53105
2,55670,55660.7,55645.8,55653.1,53326.3
3,55910,55890.2,55875.6,55884,53547.6
4,56090,56119.7,56105.4,56114.9,53768.8
5,56330,56349.2,56335.2,56345.7,53990.1
6,56590,56578.7,56565,56576.6,54211.4
7,56830,56808.1,56794.8,56807.5,54432.7
8,57050,57037.6,57024.5,57038.3,54654
9,57310,57267.1,57254.3,57269.2,54875.2
10,57530,57496.6,57484.1,57500.1,55096.5
1,57780,57726.1,57713.9,57730.9,55317.8
2,57960,57955.5,57943.7,57961.8,55539.1
3,58140,58185,58173.5,58192.7,55760.3
4,58340,58414.5,58403.3,58423.5,55981.6
5,58650,58644,58633,58654.4,56202.9
6,58810,58873.5,58862.8,58885.3,56424.2
7,59110,59102.9,59092.6,59116.1,56645.4
8,59330,59332.4,59322.4,59347,56866.7
9,59570,59561.9,59552.2,59577.9,57088
10,59810,59791.4,59782,59808.7,57309.3
1,60320,60257.7,60247.7,60243.9,57751.8
2,60520,60487,60477.7,60474.8,57973.1
3,60730,60716.3,60707.6,60705.8,58194.4
4,60920,60945.6,60937.5,60936.7,58415.7
5,61130,61174.9,61167.5,61167.7,58636.9
6,61370,61404.2,61397.4,61398.7,58858.2
7,61620,61633.5,61627.3,61629.6,59079.5
8,61860,61862.7,61857.3,61860.6,59300.8
9,62180,62092,62087.2,62091.6,59522
10,62350,62321.3,62317.1,62322.5,59743.3
1,62580,62550.6,62547.1,62553.5,59964.6
2,62780,62779.9,62777,62784.4,60185.9
3,63000,63009.2,63006.9,63015.4,60407.2
4,63180,63238.5,63236.9,63246.4,60628.4
5,63440,63467.7,63466.8,63477.3,60849.7
6,63660,63697,63696.7,63708.3,61071
7,63880,63926.3,63926.6,63939.3,61292.3
8,64140,64155.6,64156.6,64170.2,61513.5
9,64390,64384.9,64386.5,64401.2,61734.8
10,64710,64614.2,64616.4,64632.1,61956.1
1,65240,65096.8,65085.4,65096.4,62398.7
2,65350,65326,65315.6,65326.4,62619.9
3,65610,65555.2,65545.7,65556.3,62841.2
4,65820,65784.4,65775.8,65786.3,63062.5
5,65930,66013.5,66005.9,66016.2,63283.8
6,66210,66242.7,66236,66246.2,63505
7,66450,66471.9,66466.1,66476.1,63726.3
8,66700,66701.1,66696.3,66706.1,63947.6
9,66940,66930.3,66926.4,66936.1,64168.9
10,67160,67159.4,67156.5,67166,64390.1
1,67420,67388.6,67386.6,67396,64611.4
2,67670,67617.8,67616.7,67625.9,64832.7
3,67830,67847,67846.9,67855.9,65054
4,68020,68076.2,68077,68085.9,65275.3
5,68300,68305.3,68307.1,68315.8,65496.5
6,68540,68534.5,68537.2,68545.8,65717.8
7,68740,68763.7,68767.3,68775.7,65939.1
8,68990,68992.9,68997.4,69005.7,66160.4
9,69200,69222.1,69227.6,69235.6,66381.6
10,69500,69451.2,69457.7,69465.6,66602.9
1,69830,69895.6,69897.8,69896.9,67045.5
2,70100,70124.4,70127.4,70124.7,67266.7
3,70330,70353.1,70356.9,70352.6,67488
4,70540,70581.9,70586.5,70580.4,67709.3
5,70790,70810.7,70816.1,70808.3,67930.6
6,71070,71039.5,71045.7,71036.2,68151.9
7,71280,71268.2,71275.3,71264,68373.1
8,71530,71497,71504.8,71491.9,68594.4
9,71800,71725.8,71734.4,71719.7,68815.7
10,71980,71954.6,71964,71947.6,69037
1,72150,72183.4,72193.6,72175.4,69258.2
2,72370,72412.1,72423.2,72403.3,69479.5
3,72540,72640.9,72652.7,72631.1,69700.8
4,72770,72869.7,72882.3,72859,69922.1
5,73080,73098.5,73111.9,73086.8,70143.3
6,73320,73327.2,73341.5,73314.7,70364.6
7,73550,73556,73571.1,73542.6,70585.9
8,73830,73784.8,73800.6,73770.4,70807.2
9,74040,74013.6,74030.2,73998.3,71028.5
10,74330,74242.3,74259.8,74226.1,71249.7
1,74550,74665,74679.5,74652.2,71692.3
2,74830,74892.8,74908,74880,71913.6
3,75070,75120.6,75136.6,75107.9,72134.8
4,75280,75348.4,75365.1,75335.7,72356.1
5,75530,75576.2,75593.6,75563.5,72577.4
6,75800,75804.1,75822.1,75791.3,72798.7
7,76060,76031.9,76050.7,76019.1,73020
8,76320,76259.7,76279.2,76247,73241.2
9,76600,76487.5,76507.7,76474.8,73462.5
10,76800,76715.3,76736.2,76702.6,73683.8
1,76880,76943.1,76964.8,76930.4,73905.1
2,77140,77170.9,77193.3,77158.2,74126.3
3,77340,77398.8,77421.8,77386,74347.6
4,77530,77626.6,77650.4,77613.9,74568.9
5,77810,77854.4,77878.9,77841.7,74790.2
6,78040,78082.2,78107.4,78069.5,75011.4
7,78310,78310,78335.9,78297.3,75232.7
8,78550,78537.8,78564.5,78525.1,75454
9,78780,78765.7,78793,78753,75675.3
10,79110,78993.5,79021.5,78980.8,75896.6
2,79460,79441.8,79452.4,79428,76339.1
1,79660,79668.7,79680.2,79656.2,76560.4
3,79900,79895.5,79907.9,79884.3,76781.7
5,80120,80122.3,80135.7,80112.5,77002.9
4,80350,80349.1,80363.5,80340.7,77224.2
7,80540,80575.9,80591.2,80568.8,77445.5
6,80790,80802.7,80819,80797,77666.8
9,81030,81029.6,81046.8,81025.1,77888
8,81320,81256.4,81274.5,81253.3,78109.3
10,81550,81483.2,81502.3,81481.4,78330.6
2,81690,81710,81730.1,81709.6,78551.9
3,81950,81936.8,81957.8,81937.7,78773.2
1,82130,82163.6,82185.6,82165.9,78994.4
4,82340,82390.5,82413.3,82394,79215.7
5,82590,82617.3,82641.1,82622.2,79437
6,82790,82844.1,82868.9,82850.3,79658.3
7,83000,83070.9,83096.6,83078.5,79879.5
8,83310,83297.7,83324.4,83306.7,80100.8
9,83530,83524.5,83552.2,83534.8,80322.1
10,83860,83751.3,83779.9,83763,80543.4
3,84240,84210.4,84218.5,84203.6,80985.9
2,84480,84436.9,84445.7,84431.1,81207.2
4,84660,84663.4,84673,84658.5,81428.5
1,84880,84889.9,84900.2,84886,81649.8
6,85080,85116.4,85127.5,85113.5,81871
5,85340,85342.9,85354.7,85340.9,82092.3
8,85520,85569.5,85582,85568.4,82313.6
7,85810,85796,85809.2,85795.8,82534.9
9,86060,86022.5,86036.4,86023.3,82756.1
10,86260,86249,86263.7,86250.8,82977.4
3,86530,86475.5,86490.9,86478.2,83198.7
4,86700,86702,86718.2,86705.7,83420
2,86970,86928.5,86945.4,86933.2,83641.3
6,87130,87155,87172.7,87160.6,83862.5
1,87420,87381.6,87399.9,87388.1,84083.8
8,87550,87608.1,87627.2,87615.5,84305.1
5,87840,87834.6,87854.4,87843,84526.4
9,87980,88061.1,88081.6,88070.5,84747.6
7,88280,88287.6,88308.9,88297.9,84968.9
10,88560,88514.1,88536.1,88525.4,85190.2
4,88950,88967.6,88973.7,88958.4,85632.7
3,89200,89193.6,89200.4,89185.3,85854
6,89390,89419.6,89427.2,89412.3,86075.3
2,89660,89645.6,89653.9,89639.3,86296.6
8,89870,89871.6,89880.6,89866.2,86517.9
1,90130,90097.6,90107.4,90093.2,86739.1
9,90330,90323.6,90334.1,90320.1,86960.4
5,90510,90549.6,90560.9,90547.1,87181.7
7,90790,90775.6,90787.6,90774.1,87403
10,91050,91001.6,91014.4,91001,87624.2
4,91230,91227.6,91241.1,91228,87845.5
6,91470,91453.6,91467.8,91454.9,88066.8
3,91710,91679.6,91694.6,91681.9,88288.1
8,91900,91905.6,91921.3,91908.9,88509.4
2,92140,92131.6,92148.1,92135.8,88730.6
9,92310,92357.6,92374.8,92362.8,88951.9
1,92540,92583.6,92601.6,92589.7,89173.2
7,92750,92809.5,92828.3,92816.7,89394.5
5,93010,93035.5,93055,93043.7,89615.7
10,93350,93261.5,93281.8,93270.6,89837
6,93790,93726.3,93721.6,93707,90279.6
4,94040,93950.7,93947.9,93933.9,90500.8
8,94230,94175.1,94174.2,94160.8,90722.1
3,94430,94399.5,94400.5,94387.7,90943.4
9,94630,94624,94626.7,94614.6,91164.7
2,94710,94848.4,94853,94841.5,91386
7,95070,95072.8,95079.3,95068.4,91607.2
1,95260,95297.2,95305.5,95295.3,91828.5
5,95470,95521.6,95531.8,95522.2,92049.8
10,95750,95746.1,95758.1,95749.1,92271.1
6,95940,95970.5,95984.3,95975.9,92492.3
8,96310,96194.9,96210.6,96202.8,92713.6
4,96480,96419.3,96436.9,96429.7,92934.9
9,96640,96643.7,96663.2,96656.6,93156.2
3,96860,96868.2,96889.4,96883.5,93377.4
7,97070,97092.6,97115.7,97110.4,93598.7
2,97290,97317,97342,97337.3,93820
5,97490,97541.4,97568.2,97564.2,94041.3
1,97790,97765.9,97794.5,97791.1,94262.6
10,98000,97990.3,98020.8,98018,94483.8
8,98540,98466.3,98466.6,98448.7,94926.4
6,98700,98691.4,98692.7,98676.2,95147.7
9,98960,98916.4,98918.7,98903.7,95368.9
4,99130,99141.5,99144.7,99131.2,95590.2
7,99420,99366.6,99370.7,99358.7,95811.5
3,99630,99591.6,99596.7,99586.2,96032.8
5,99800,99816.7,99822.8,99813.7,96254
2,99970,100042,100049,100041,96475.3
1,100220,100267,100275,100269,96696.6
10,100470,100492,100501,100496,96917.9
8,100770,100717,100727,100724,97139.2
9,100980,100942,100953,100951,97360.4
6,101140,101167,101179,101179,97581.7
7,101410,101392,101405,101406,97803
4,101600,101617,101631,101634,98024.3
5,101850,101842,101857,101861,98245.5
3,102070,102067,102083,102089,98466.8
1,102220,102292,102309,102316,98688.1
2,102520,102517,102535,102544,98909.4
10,102800,102742,102761,102771,99130.7
9,103270,103225,103224,103217,99573.2
8,103530,103451,103450,103445,99794.5
7,103640,103678,103677,103673,100016
6,103920,103905,103903,103901,100237
5,104130,104131,104129,104129,100458
4,104390,104358,104356,104357,100680
1,104640,104584,104582,104585,100901
3,104810,104811,104808,104813,101122
2,104940,105038,105035,105041,101343
10,105220,105264,105261,105269,101565
9,105470,105491,105487,105498,101786
7,105720,105718,105713,105726,102007
8,105950,105944,105940,105954,102229
5,106210,106171,106166,106182,102450
6,106420,106397,106392,106410,102671
1,106740,106624,106619,106638,102892
4,106850,106851,106845,106866,103114
2,107050,107077,107071,107094,103335
3,107210,107304,107298,107322,103556
10,107560,107531,107524,107550,103777
7,108000,108004,107990,107987,104220
9,108280,108230,108217,108216,104441
5,108440,108456,108443,108444,104663
8,108650,108682,108670,108672,104884
1,108960,108909,108896,108900,105105
6,109190,109135,109123,109128,105326
2,109370,109361,109350,109356,105548
4,109590,109587,109576,109585,105769
3,109810,109813,109803,109813,105990
10,110010,110039,110030,110041,106212
7,110260,110265,110256,110269,106433
5,110530,110491,110483,110497,106654
9,110710,110717,110710,110725,106875
1,110990,110943,110936,110954,107097
8,111170,111169,111163,111182,107318
2,111350,111396,111390,111410,107539
6,111540,111622,111616,111638,107760
3,111800,111848,111843,111866,107982
4,112050,112074,112070,112094,108203
10,112400,112300,112296,112323,108424
5,112800,112788,112763,112776,108867
7,113090,113013,112990,113003,109088
1,113300,113238,113216,113230,109309
9,113550,113463,113443,113457,109531
2,113630,113688,113670,113684,109752
8,113920,113913,113897,113911,109973
3,114140,114137,114124,114138,110195
6,114320,114362,114351,114365,110416
4,114550,114587,114578,114592,110637
10,114830,114812,114805,114819,110858
5,115090,115037,115032,115045,111080
1,115350,115262,115259,115272,111301
7,115520,115487,115486,115499,111522
2,115690,115711,115712,115726,111743
9,115950,115936,115939,115953,111965
3,116090,116161,116166,116180,112186
8,116380,116386,116393,116407,112407
4,116540,116611,116620,116634,112629
6,116780,116836,116847,116861,112850
10,117120,117060,117074,117088,113071
1,117660,117536,117512,117509,113514
5,117730,117759,117738,117735,113735
7,117960,117981,117965,117961,113956
9,118240,118204,118191,118186,114177
2,118430,118426,118417,118412,114399
8,118630,118649,118644,118637,114620
3,118840,118872,118870,118863,114841
6,119060,119094,119096,119089,115063
4,119310,119317,119323,119314,115284
10,119550,119539,119549,119540,115505
1,119800,119762,119775,119765,115726
7,119970,119985,120002,119991,115948
5,120240,120207,120228,120216,116169
2,120460,120430,120454,120442,116390
9,120640,120652,120681,120668,116612
3,120820,120875,120907,120893,116833
8,121100,121098,121133,121119,117054
4,121280,121320,121360,121344,117275
6,121490,121543,121586,121570,117497
10,121840,121766,121812,121796,117718
7,122300,122254,122244,122230,118160
1,122500,122476,122470,122456,118382
5,122710,122699,122695,122681,118603
9,122970,122922,122921,122907,118824
2,123100,123144,123147,123133,119046
8,123360,123367,123372,123358,119267
3,123590,123590,123598,123584,119488
6,123800,123812,123823,123809,119709
4,124030,124035,124049,124035,119931
10,124210,124258,124275,124260,120152
7,124500,124480,124500,124486,120373
5,124740,124703,124726,124711,120595
1,124970,124926,124952,124937,120816
2,125220,125148,125177,125162,121037
9,125380,125371,125403,125388,121258
3,125550,125594,125629,125613,121480
8,125800,125816,125854,125839,121701
4,125970,126039,126080,126065,121922
6,126190,126262,126306,126290,122143
10,126570,126484,126531,126516,122365
5,126980,126967,126965,126944,122807
7,127270,127190,127190,127170,123029
2,127400,127414,127416,127396,123250
1,127640,127637,127641,127622,123471
3,127840,127861,127866,127848,123692
9,128100,128084,128091,128074,123914
4,128240,128308,128316,128300,124135
8,128480,128531,128541,128526,124356
6,128720,128755,128766,128752,124578
10,128980,128978,128991,128978,124799
5,129200,129202,129217,129204,125020
2,129480,129425,129442,129430,125241
7,129690,129649,129667,129656,125463
3,129900,129872,129892,129882,125684
1,130140,130096,130117,130108,125905
4,130250,130319,130342,130334,126126
9,130500,130543,130567,130560,126348
6,130720,130766,130792,130786,126569
8,131000,130990,131018,131012,126790
10,131290,131213,131243,131238,127012
2,131710,131699,131693,131681,127454
5,131910,131923,131918,131908,127675
3,132190,132148,132143,132134,127897
7,132410,132372,132369,132361,128118
4,132620,132596,132594,132587,128339
1,132780,132821,132819,132813,128561
6,133050,133045,133044,133040,128782
9,133290,133270,133269,133266,129003
8,133520,133494,133494,133493,129224
10,133660,133719,133719,133719,129446
2,133900,133943,133944,133946,129667
3,134150,134168,134169,134172,129888
5,134370,134392,134395,134399,130109
4,134610,134617,134620,134625,130331
7,134840,134841,134845,134852,130552
6,135070,135066,135070,135078,130773
1,135280,135290,135295,135304,130995
8,135520,135515,135520,135531,131216
9,135750,135739,135745,135757,131437
10,136020,135963,135970,135984,131658
3,136470,136447,136424,136422,132101
2,136680,136670,136649,136647,132322
4,136860,136893,136875,136873,132543
5,137100,137116,137100,137099,132765
6,137400,137339,137325,137325,132986
7,137600,137562,137550,137551,133207
8,137860,137785,137775,137777,133429
1,137960,138008,138000,138003,133650
9,138280,138232,138225,138229,133871
10,138450,138455,138451,138455,134092
3,138620,138678,138676,138681,134314
4,138880,138901,138901,138907,134535
2,139150,139124,139126,139133,134756
6,139310,139347,139351,139359,134978
5,139530,139570,139576,139585,135199
8,139790,139793,139801,139811,135420
7,140020,140016,140027,140037,135641
9,140210,140240,140252,140263,135863
1,140400,140463,140477,140489,136084
10,140790,140686,140702,140714,136305
4,141230,141170,141150,141137,136748
3,141440,141392,141375,141363,136969
6,141650,141615,141600,141590,137190
2,141830,141838,141825,141816,137412
8,142000,142061,142050,142043,137633
5,142210,142284,142275,142269,137854
9,142500,142507,142501,142496,138075
7,142720,142730,142726,142722,138297
1,142880,142953,142951,142948,138518
10,143200,143176,143176,143175,138739
4,143400,143399,143401,143401,138961
6,143650,143622,143626,143628,139182
3,143890,143844,143851,143854,139403
8,144120,144067,144076,144080,139624
2,144320,144290,144301,144307,139846
9,144470,144513,144526,144533,140067
5,144740,144736,144751,144760,140288
1,144870,144959,144976,144986,140509
7,145150,145182,145201,145213,140731
10,145490,145405,145426,145439,140952
6,145930,145908,145890,145880,141395
4,146160,146132,146115,146107,141616
8,146400,146356,146340,146335,141837
3,146620,146580,146566,146563,142058
9,146830,146805,146791,146791,142280
2,147010,147029,147016,147018,142501
1,147240,147253,147242,147246,142722
5,147420,147477,147467,147474,142944
7,147710,147701,147693,147702,143165
10,147900,147925,147918,147930,143386
6,148170,148149,148143,148157,143607
8,148450,148373,148369,148385,143829
4,148630,148597,148594,148613,144050
9,148860,148821,148819,148841,144271
3,149020,149046,149045,149069,144492
1,149260,149270,149270,149296,144714
2,149510,149494,149495,149524,144935
7,149650,149718,149721,149752,145156
5,149860,149942,149946,149980,145378
10,150240,150166,150172,150207,145599
8,150690,150669,150650,150659,146041
6,150900,150895,150876,150887,146263
9,151200,151121,151102,151114,146484
4,151320,151347,151328,151342,146705
1,151640,151573,151554,151569,146927
3,151820,151799,151780,151797,147148
7,152050,152025,152006,152024,147369
2,152230,152251,152232,152252,147590
5,152440,152477,152459,152479,147812
10,152610,152703,152685,152707,148033
8,152940,152929,152911,152934,148254
9,153150,153155,153137,153162,148475
6,153350,153381,153363,153389,148697
1,153650,153607,153589,153617,148918
4,153780,153833,153815,153844,149139
7,154080,154059,154041,154072,149361
3,154250,154285,154267,154299,149582
5,154520,154511,154494,154527,149803
2,154810,154737,154720,154754,150024
10,154980,154963,154946,154982,150246
9,155430,155441,155406,155412,150688
8,155690,155665,155632,155638,150909
1,155880,155888,155859,155865,151131
6,156100,156112,156085,156091,151352
7,156370,156336,156311,156318,151573
4,156550,156560,156538,156545,151795
5,156780,156783,156764,156771,152016
3,157030,157007,156990,156998,152237
2,157230,157231,157216,157224,152458
10,157460,157455,157443,157451,152680
9,157660,157678,157669,157677,152901
1,157870,157902,157895,157904,153122
8,158110,158126,158122,158130,153344
7,158310,158350,158348,158357,153565
6,158520,158573,158574,158583,153786
5,158830,158797,158800,158810,154007
4,158990,159021,159027,159037,154229
2,159250,159245,159253,159263,154450
3,159430,159468,159479,159490,154671
10,159790,159692,159706,159716,154892
1,160220,160174,160155,160152,155335
9,160420,160398,160381,160378,155556
8,160660,160622,160607,160604,155778
6,160810,160846,160833,160831,155999
7,161060,161070,161059,161057,156220
4,161190,161295,161286,161283,156441
5,161460,161519,161512,161509,156663
3,161710,161743,161738,161735,156884
2,161980,161967,161964,161962,157105
10,162190,162191,162190,162188,157327
1,162450,162415,162416,162414,157548
8,162630,162640,162643,162640,157769
9,162890,162864,162869,162867,157990
7,163060,163088,163095,163093,158212
6,163320,163312,163321,163319,158433
5,163520,163536,163547,163545,158654
4,163730,163760,163773,163771,158875
2,164060,163985,164000,163998,159097
3,164150,164209,164226,164224,159318
10,164510,164433,164452,164450,159539
8,164840,164904,164894,164882,159982
1,165060,165128,165119,165108,160203
9,165340,165353,165345,165334,160424
6,165590,165577,165571,165560,160646
7,165820,165802,165797,165786,160867
4,166000,166026,166023,166013,161088
5,166230,166250,166249,166239,161310
3,166490,166475,166475,166465,161531
2,166800,166699,166701,166691,161752
10,166940,166924,166926,166917,161973
8,167110,167148,167152,167144,162195
9,167370,167372,167378,167370,162416
1,167560,167597,167604,167596,162637
7,167800,167821,167830,167822,162858
6,168060,168045,168056,168048,163080
5,168230,168270,168282,168275,163301
4,168480,168494,168508,168501,163522
2,168770,168719,168733,168727,163744
3,168860,168943,168959,168953,163965
10,169260,169167,169185,169179,164186
9,169670,169646,169629,169625,164629
8,169920,169869,169854,169850,164850
7,170140,170093,170080,170076,165071
1,170400,170316,170305,170301,165293
5,170490,170539,170531,170527,165514
2,170780,170762,170757,170752,165735
6,170810,170986,170982,170978,165956
4,171100,171209,171208,171203,166178
3,171350,171432,171433,171428,166399
10,171650,171656,171659,171654,166620
9,171920,171879,171884,171879,166841
7,172140,172102,172110,172105,167063
8,172400,172325,172336,172330,167284
5,172590,172549,172561,172555,167505
1,172870,172772,172787,172781,167727
2,172920,172995,173012,173006,167948
6,173200,173219,173238,173232,168169
3,173400,173442,173464,173457,168390
4,173690,173665,173689,173683,168612
10,173890,173888,173915,173908,168833
7,174390,174360,174344,174332,169275
9,174670,174581,174569,174557,169497
5,174840,174803,174794,174781,169718
8,175070,175025,175018,175005,169939
2,175140,175247,175243,175230,170161
1,175370,175469,175468,175454,170382
3,175650,175691,175693,175679,170603
6,175960,175912,175918,175903,170824
4,176020,176134,176143,176127,171046
10,176300,176356,176368,176352,171267
7,176620,176578,176593,176576,171488
5,176860,176800,176818,176801,171710
9,177020,177022,177043,177025,171931
2,177160,177243,177267,177249,172152
8,177500,177465,177492,177474,172373
3,177650,177687,177717,177698,172595
1,177920,177909,177942,177923,172816
4,178110,178131,178167,178147,173037
6,178370,178353,178392,178371,173258
10,178660,178574,178617,178596,173480
5,179040,179057,179044,179030,173922
7,179350,179278,179268,179254,174144
2,179450,179499,179492,179478,174365
9,179710,179720,179717,179702,174586
3,179940,179941,179941,179926,174807
8,180180,180162,180165,180150,175029
4,180390,180383,180389,180374,175250
1,180580,180604,180613,180598,175471
6,180780,180825,180837,180822,175693
10,181100,181046,181062,181046,175914
5,181270,181267,181286,181269,176135
2,181520,181488,181510,181493,176356
7,181750,181709,181734,181717,176578
3,181970,181930,181958,181941,176799
9,182140,182151,182182,182165,177020
4,182400,182372,182407,182389,177241
8,182610,182593,182631,182613,177463
6,182630,182814,182855,182837,177684
1,182980,183035,183079,183061,177905
10,183360,183257,183303,183285,178127
2,183770,183745,183730,183696,178569
5,183980,183965,183953,183922,178790
3,184240,184185,184177,184147,179012
7,184430,184405,184400,184372,179233
4,184670,184625,184623,184598,179454
9,184900,184845,184847,184823,179676
6,184970,185065,185070,185049,179897
8,185270,185285,185294,185274,180118
1,185410,185505,185517,185499,180339
10,185700,185725,185741,185725,180561
2,185960,185945,185964,185950,180782
3,186200,186165,186188,186176,181003
5,186400,186385,186411,186401,181224
4,186660,186605,186634,186626,181446
7,186830,186825,186858,186852,181667
6,187010,187045,187081,187077,181888
9,187250,187265,187305,187303,182110
1,187410,187485,187528,187528,182331
8,187680,187705,187752,187753,182552
10,188010,187925,187975,187979,182773
3,188480,188445,188444,188436,183216
2,188690,188670,188668,188663,183437
4,188930,188894,188892,188890,183659
5,189120,189119,189116,189117,183880
6,189390,189344,189340,189343,184101
7,189600,189569,189564,189570,184322
1,189770,189794,189788,189797,184544
9,190000,190019,190012,190024,184765
8,190250,190244,190236,190250,184986
10,190390,190469,190460,190477,185207
3,190690,190694,190684,190704,185429
4,190940,190918,190909,190931,185650
2,191250,191143,191133,191157,185871
6,191390,191368,191357,191384,186093
5,191570,191593,191581,191611,186314
1,191920,191818,191805,191838,186535
7,192020,192043,192029,192064,186756
8,192230,192268,192253,192291,186978
9,192460,192493,192477,192518,187199
10,192720,192718,192701,192745,187420
4,193140,193197,193173,193170,187863
3,193390,193421,193398,193397,188084
6,193630,193646,193622,193624,188305
2,193880,193870,193847,193851,188527
1,194240,194095,194072,194078,188748
5,194260,194320,194297,194305,188969
8,194470,194544,194521,194532,189190
7,194780,194769,194746,194759,189412
9,194990,194993,194971,194986,189633
10,195210,195218,195196,195213,189854
4,195430,195442,195420,195441,190076
6,195680,195667,195645,195668,190297
3,195870,195892,195870,195895,190518
1,196180,196116,196095,196122,190739
2,196380,196341,196319,196349,190961
8,196530,196565,196544,196576,191182
5,196760,196790,196769,196803,191403
9,196980,197015,196994,197030,191624
7,197250,197239,197218,197257,191846
10,197490,197464,197443,197484,192067
6,197940,197956,197922,197929,192510
4,198160,198180,198148,198156,192731
1,198500,198405,198374,198384,192952
3,198660,198629,198599,198612,193173
8,198860,198854,198825,198839,193395
2,199030,199078,199050,199067,193616
9,199390,199303,199276,199294,193837
5,199490,199527,199501,199522,194059
7,199710,199752,199727,199749,194280
10,199940,199976,199952,199977,194501
6,200170,200201,200178,200204,194722
1,200470,200425,200404,200432,194944
4,200640,200650,200629,200659,195165
8,200910,200874,200855,200887,195386
3,201100,201099,201080,201114,195607
9,201320,201323,201306,201342,195829
2,201550,201548,201531,201569,196050
7,201720,201772,201757,201797,196271
5,201980,201997,201983,202025,196493
10,202270,202221,202208,202252,196714
1,202810,202715,202681,202697,197156
6,202980,202939,202907,202923,197378
4,203180,203164,203134,203150,197599
3,203390,203388,203360,203376,197820
8,203580,203613,203586,203603,198042
2,203720,203837,203812,203830,198263
9,204110,204062,204038,204056,198484
5,204240,204286,204264,204283,198705
7,204430,204510,204490,204509,198927
10,204750,204735,204717,204736,199148
1,204990,204959,204943,204962,199369
4,205220,205184,205169,205189,199590
6,205420,205408,205395,205415,199812
8,205680,205633,205621,205642,200033
3,205820,205857,205847,205868,200254
9,206080,206081,206073,206095,200476
2,206340,206306,206299,206322,200697
7,206490,206530,206526,206548,200918
5,206740,206755,206752,206775,201139
10,207010,206979,206978,207001,201361
4,207400,207451,207427,207426,201803
1,207650,207675,207653,207652,202025
6,207870,207899,207879,207878,202246
3,208170,208122,208105,208104,202467
8,208350,208346,208331,208330,202688
2,208580,208570,208557,208555,202910
9,208800,208794,208783,208781,203131
5,209010,209018,209009,209007,203352
7,209210,209241,209235,209233,203573
10,209450,209465,209461,209459,203795
4,209650,209689,209687,209684,204016
6,209880,209913,209913,209910,204237
1,210150,210137,210139,210136,204459
8,210380,210360,210365,210362,204680
3,210580,210584,210591,210588,204901
9,210750,210808,210817,210813,205122
2,211060,211032,211043,211039,205344
7,211220,211255,211269,211265,205565
5,211440,211479,211495,211491,205786
10,211830,211703,211721,211717,206007
6,212180,212177,212163,212143,206450
4,212390,212400,212388,212370,206671
8,212640,212624,212614,212597,206893
1,212810,212848,212840,212824,207114
9,213120,213072,213065,213051,207335
3,213240,213296,213291,213278,207556
7,213490,213519,213517,213504,207778
2,213680,213743,213743,213731,207999
5,213900,213967,213968,213958,208220
10,214200,214191,214194,214185,208442
6,214450,214415,214420,214412,208663
8,214720,214638,214645,214639,208884
4,214890,214862,214871,214866,209105
9,215060,215086,215097,215093,209327
1,215300,215310,215323,215319,209548
7,215470,215534,215548,215546,209769
3,215710,215757,215774,215773,209990
5,215980,215981,216000,216000,210212
2,216230,216205,216225,216227,210433
10,216510,216429,216451,216454,210654
8,216930,216920,216912,216905,211097
6,217170,217146,217138,217133,211318
9,217420,217371,217364,217360,211539
4,217590,217597,217590,217588,211761
7,217850,217823,217816,217815,211982
1,218030,218049,218042,218043,212203
5,218250,218275,218268,218270,212425
3,218480,218500,218494,218498,212646
2,218700,218726,218720,218725,212867
10,218910,218952,218946,218953,213088
8,219180,219178,219172,219180,213310
9,219400,219403,219398,219408,213531
6,219640,219629,219624,219635,213752
7,219860,219855,219850,219863,213973
4,220060,220081,220076,220090,214195
5,220290,220307,220302,220318,214416
1,220550,220532,220528,220545,214637
2,220780,220758,220754,220773,214859
3,220950,220984,220980,221000,215080
10,221290,221210,221206,221228,215301
9,221650,221684,221665,221662,215744
8,221910,221909,221891,221889,215965
7,222140,222134,222117,222116,216186
6,222370,222359,222344,222344,216408
5,222530,222584,222570,222571,216629
4,222810,222810,222796,222798,216850
2,223030,223035,223022,223025,217071
1,223280,223260,223248,223252,217293
3,223490,223485,223474,223479,217514
10,223790,223710,223701,223706,217735
9,223930,223935,223927,223934,217956
7,224150,224160,224153,224161,218178
8,224380,224385,224379,224388,218399
5,224610,224611,224605,224615,218620
6,224780,224836,224832,224842,218842
2,225050,225061,225058,225069,219063
4,225200,225286,225284,225296,219284
3,225480,225511,225510,225524,219505
1,225750,225736,225736,225751,219727
10,226070,225961,225962,225978,219948
7,226490,226443,226418,226420,220391
9,226720,226667,226645,226646,220612
5,226890,226891,226871,226873,220833
8,227100,227115,227097,227099,221054
2,227290,227339,227323,227326,221276
6,227550,227563,227549,227553,221497
3,227820,227787,227776,227779,221718
4,227970,228011,228002,228006,221939
1,228220,228235,228228,228232,222161
10,228470,228459,228454,228459,222382
7,228680,228683,228681,228685,222603
5,228950,228908,228907,228912,222825
9,229130,229132,229133,229138,223046
2,229340,229356,229359,229365,223267
8,229590,229580,229585,229591,223488
3,229770,229804,229812,229818,223710
6,229970,230028,230038,230045,223931
1,230300,230252,230264,230271,224152
4,230400,230476,230490,230498,224373
10,230790,230700,230717,230724,224595
5,231170,231181,231160,231152,225037
7,231440,231404,231386,231378,225259
2,231590,231627,231612,231604,225480
9,231870,231850,231838,231830,225701
3,232080,232073,232064,232056,225922
8,232290,232296,232289,232283,226144
1,232520,232520,232515,232509,226365
6,232750,232743,232741,232735,226586
4,232930,232966,232967,232961,226808
10,233190,233189,233193,233187,227029
5,233420,233412,233419,233414,227250
2,233690,233635,233645,233640,227471
7,233890,233859,233871,233866,227693
3,234070,234082,234097,234092,227914
9,234230,234305,234323,234318,228135
1,234610,234528,234548,234545,228356
8,234720,234751,234774,234771,228578
4,234890,234974,235000,234997,228799
6,235150,235198,235226,235223,229020
10,235510,235421,235452,235449,229242
2,235890,235909,235898,235883,229684
5,236110,236133,236124,236110,229905
3,236390,236357,236349,236337,230127
7,236570,236581,236575,236564,230348
1,236870,236805,236801,236790,230569
9,237090,237029,237027,237017,230791
4,237240,237253,237252,237244,231012
8,237440,237477,237478,237471,231233
6,237710,237701,237704,237698,231454
10,237930,237925,237929,237925,231676
2,238150,238149,238155,238152,231897
3,238330,238373,238381,238379,232118
5,238590,238597,238606,238606,232339
1,238840,238822,238832,238833,232561
7,239000,239046,239058,239060,232782
4,239240,239270,239284,239287,233003
9,239470,239494,239509,239513,233225
6,239690,239718,239735,239740,233446
8,239970,239942,239961,239967,233667
10,240250,240166,240186,240194,233888
3,240710,240663,240644,240637,234331
2,240930,240887,240870,240865,234552
1,241230,241111,241096,241092,234774
5,241320,241335,241322,241319,234995
4,241610,241559,241547,241547,235216
7,241670,241783,241773,241774,235437
6,241980,242008,241999,242001,235659
9,242200,242232,242225,242228,235880
8,242420,242456,242451,242456,236101
10,242680,242680,242676,242683,236322
3,242880,242904,242902,242910,236544
1,243160,243128,243128,243137,236765
2,243390,243352,243354,243365,236986
4,243600,243576,243580,243592,237208
5,243830,243800,243805,243819,237429
6,244050,244024,244031,244046,237650
7,244150,244249,244257,244274,237871
8,244480,244473,244483,244501,238093
9,244680,244697,244709,244728,238314
10,244960,244921,244934,244956,238535
1,245500,245420,245394,245398,238978
3,245660,245644,245620,245624,239199
4,245910,245867,245846,245851,239420
2,246070,246091,246072,246077,239642
6,246310,246315,246298,246304,239863
5,246530,246538,246524,246530,240084
8,246730,246762,246750,246757,240305
7,246970,246986,246976,246983,240527
9,247190,247210,247202,247210,240748
10,247380,247433,247428,247436,240969
1,247750,247657,247654,247663,241191
4,247900,247881,247880,247889,241412
3,248120,248104,248106,248116,241633
6,248360,248328,248331,248342,241854
2,248590,248552,248557,248569,242076
8,248760,248775,248783,248795,242297
5,248990,248999,249009,249022,242518
9,249160,249223,249235,249248,242739
7,249430,249447,249461,249475,242961
10,249680,249670,249687,249701,243182
4,250180,250160,250133,250131,243625
1,250440,250383,250359,250357,243846
3,250610,250605,250585,250582,244067
2,250870,250828,250810,250808,244288
6,251050,251050,251036,251034,244510
5,251260,251273,251262,251259,244731
8,251450,251495,251487,251485,244952
7,251710,251718,251713,251711,245174
9,251940,251941,251939,251936,245395
10,252100,252163,252165,252162,245616
4,252350,252386,252390,252388,245837
3,252590,252608,252616,252614,246059
1,252880,252831,252842,252839,246280
6,253040,253053,253067,253065,246501
2,253320,253276,253293,253291,246722
8,253480,253498,253519,253516,246944
5,253730,253721,253744,253742,247165
9,253900,253944,253970,253968,247386
7,254170,254166,254196,254193,247608
10,254430,254389,254422,254419,247829
3,254920,254881,254861,254849,248271
4,255110,255103,255087,255075,248493
6,255330,255326,255312,255301,248714
1,255540,255548,255537,255527,248935
8,255760,255770,255762,255752,249157
2,256010,255993,255988,255978,249378
9,256210,256215,256213,256204,249599
5,256400,256437,256438,256430,249820
7,256650,256660,256664,256655,250042
10,256880,256882,256889,256881,250263
3,257120,257104,257114,257107,250484
6,257360,257327,257339,257333,250705
4,257560,257549,257565,257558,250927
8,257770,257771,257790,257784,251148
1,257950,257994,258015,258010,251369
9,258170,258216,258241,258236,251591
2,258470,258438,258466,258461,251812
7,258640,258661,258691,258687,252033
5,258870,258883,258917,258913,252254
10,259160,259105,259142,259139,252476
6,259600,259595,259588,259574,252918
3,259860,259819,259813,259800,253140
8,260070,260043,260038,260026,253361
4,260260,260267,260263,260252,253582
9,260500,260491,260488,260478,253803
1,260660,260716,260713,260705,254025
7,260900,260940,260939,260931,254246
2,261170,261164,261164,261157,254467
5,261340,261388,261389,261383,254688
10,261540,261612,261614,261609,254910
6,261840,261836,261839,261836,255131
8,262130,262060,262064,262062,255352
3,262250,262284,262289,262288,255574
9,262470,262509,262515,262514,255795
4,262680,262733,262740,262740,256016
7,262950,262957,262965,262967,256237
1,263220,263181,263190,263193,256459
5,263420,263405,263415,263419,256680
2,263690,263629,263640,263645,256901
10,263900,263853,263866,263871,257123
8,264360,264332,264318,264303,257565
6,264570,264557,264543,264530,257786
9,264810,264781,264769,264757,258008
3,264970,265005,264994,264984,258229
7,265160,265230,265219,265211,258450
4,265410,265454,265444,265438,258671
5,265640,265678,265670,265665,258893
1,265920,265902,265895,265892,259114
2,266090,266127,266120,266119,259335
10,266380,266351,266345,266346,259557
8,266590,266575,266570,266573,259778
9,266830,266800,266796,266800,259999
6,267000,267024,267021,267027,260220
7,267230,267248,267246,267254,260442
3,267450,267472,267471,267481,260663
5,267670,267697,267697,267708,260884
4,267880,267921,267922,267935,261105
2,268160,268145,268147,268162,261327
1,268410,268370,268372,268389,261548
10,268660,268594,268598,268616,261769
9,269130,269087,269064,269067,262212
8,269350,269311,269290,269294,262433
7,269530,269536,269516,269521,262654
6,269750,269761,269741,269748,262876
5,269960,269985,269967,269975,263097
3,270230,270210,270193,270202,263318
2,270410,270434,270418,270428,263540
4,270610,270659,270644,270655,263761
1,270900,270884,270870,270882,263982
10,271120,271108,271095,271109,264203
9,271310,271333,271321,271336,264425
7,271570,271558,271547,271563,264646
8,271780,271782,271772,271790,264867
5,272050,272007,271998,272017,265088
6,272250,272231,272224,272243,265310
2,272490,272456,272449,272470,265531
3,272650,272681,272675,272697,265752
1,272860,272905,272901,272924,265974
4,273090,273130,273126,273151,266195
10,273410,273355,273352,273378,266416
7,273850,273834,273806,273813,266859
9,274090,274057,274032,274039,267080
5,274310,274281,274258,274264,267301
8,274530,274504,274483,274489,267523
2,274680,274728,274709,274715,267744
6,274940,274951,274935,274940,267965
1,275150,275174,275160,275165,268186
3,275370,275398,275386,275391,268408
4,275600,275621,275612,275616,268629
10,275830,275845,275838,275841,268850
7,276080,276068,276063,276067,269071
5,276310,276291,276289,276292,269293
9,276510,276515,276515,276517,269514
2,276650,276738,276740,276743,269735
8,276910,276961,276966,276968,269957
1,277200,277185,277192,277193,270178
6,277380,277408,277417,277419,270399
4,277660,277632,277643,277644,270620
3,277870,277855,277869,277869,270842
10,278160,278078,278095,278095,271063
5,278520,278547,278527,278510,271506
7,278830,278769,278753,278736,271727
2,278960,278991,278978,278961,271948
9,279220,279213,279203,279186,272169
1,279330,279436,279428,279412,272391
8,279590,279658,279653,279637,272612
4,279840,279880,279878,279863,272833
6,280080,280102,280103,280088,273054
3,280390,280324,280328,280314,273276
10,280610,280546,280554,280539,273497
5,280760,280769,280779,280765,273718
2,281060,280991,281004,280990,273940
7,281230,281213,281229,281216,274161
1,281410,281435,281454,281441,274382
9,281570,281657,281679,281667,274603
4,281870,281880,281904,281892,274825
8,282050,282102,282130,282118,275046
3,282340,282324,282355,282343,275267
6,282510,282546,282580,282568,275489
10,282870,282768,282805,282794,275710
2,283260,283263,283253,283236,276152
5,283510,283487,283478,283462,276374
1,283780,283710,283703,283689,276595
7,283930,283934,283928,283916,276816
4,284150,284157,284153,284143,277037
9,284400,284381,284378,284369,277259
3,284590,284604,284603,284596,277480
8,284750,284828,284828,284823,277701
6,285020,285051,285053,285049,277923
10,285290,285274,285278,285276,278144
2,285530,285498,285503,285503,278365
1,285790,285721,285728,285730,278586
5,285970,285945,285953,285956,278808
4,286190,286168,286178,286183,279029
7,286380,286392,286403,286410,279250
3,286590,286615,286628,286636,279471
9,286790,286839,286853,286863,279693
6,287010,287062,287078,287090,279914
8,287260,287285,287303,287317,280135
10,287600,287509,287528,287543,280357
1,288060,288006,287989,287987,280799
2,288250,288230,288215,288214,281020
4,288450,288454,288440,288441,281242
5,288670,288679,288665,288667,281463
3,288930,288903,288891,288894,281684
7,289100,289127,289116,289120,281906
6,289360,289352,289341,289347,282127
9,289540,289576,289566,289574,282348
8,289770,289800,289792,289800,282569
10,289980,290024,290017,290027,282791
1,290290,290249,290242,290253,283012
4,290500,290473,290468,290480,283233
2,290760,290697,290693,290706,283454
3,290950,290922,290918,290933,283676
5,291140,291146,291143,291160,283897
6,291350,291370,291369,291386,284118
7,291620,291595,291594,291613,284340
8,291800,291819,291819,291839,284561
9,292000,292043,292045,292066,284782
10,292280,292267,292270,292293,285003
4,292730,292749,292726,292725,285446
1,293030,292973,292951,292951,285667
2,293190,293197,293176,293177,285889
5,293390,293420,293402,293403,286110
3,293610,293644,293627,293629,286331
7,293810,293867,293853,293855,286552
6,294090,294091,294078,294081,286774
9,294330,294314,294303,294307,286995
8,294560,294538,294529,294533,287216
10,294800,294762,294754,294759,287437
4,294980,294985,294980,294985,287659
2,295250,295209,295205,295211,287880
1,295480,295432,295430,295437,288101
3,295630,295656,295656,295663,288323
5,295850,295880,295881,295889,288544
6,296080,296103,296107,296115,288765
7,296290,296327,296332,296341,288986
8,296530,296550,296557,296567,289208
9,296740,296774,296783,296793,289429
10,297070,296997,297008,297019,289650
2,297480,297482,297457,297449,290093
4,297720,297704,297682,297675,290314
3,297930,297927,297908,297901,290535
1,298190,298150,298133,298128,290757
6,298420,298373,298358,298354,290978
5,298590,298595,298584,298580,291199
8,298770,298818,298809,298806,291420
7,298990,299041,299034,299032,291642
9,299250,299264,299259,299258,291863
10,299510,299486,299485,299484,292084
2,299670,299709,299710,299711,292306
3,299940,299932,299935,299937,292527
4,300150,300155,300161,300163,292748
6,300380,300378,300386,300389,292969
1,300640,300600,300611,300615,293191
8,300790,300823,300837,300841,293412
5,301030,301046,301062,301067,293633
9,301240,301269,301287,301294,293855
7,301480,301491,301512,301520,294076
10,301780,301714,301738,301746,294297
3,302270,302209,302191,302183,294740
2,302500,302433,302417,302410,294961
6,302690,302656,302642,302636,295182
4,302890,302880,302867,302863,295403
8,303050,303104,303093,303089,295625
1,303220,303327,303318,303316,295846
9,303580,303551,303543,303543,296067
5,303740,303775,303769,303769,296289
7,303940,303998,303994,303996,296510
10,304200,304222,304219,304223,296731
3,304460,304445,304445,304449,296952
6,304730,304669,304670,304676,297174
2,304980,304893,304895,304903,297395
8,305120,305116,305121,305129,297616
4,305330,305340,305346,305356,297837
9,305510,305564,305571,305583,298059
1,305750,305787,305797,305809,298280
7,305990,306011,306022,306036,298501
5,306260,306235,306247,306262,298723
10,306510,306458,306473,306489,298944
6,306970,306953,306932,306925,299386
3,307240,307177,307157,307152,299608
8,307430,307401,307383,307379,299829
2,307610,307625,307608,307606,300050
9,307880,307849,307834,307833,300272
4,308040,308072,308059,308060,300493
7,308300,308296,308285,308287,300714
1,308460,308520,308510,308514,300935
5,308690,308744,308736,308741,301157
10,308940,308968,308961,308968,301378
6,309290,309192,309187,309196,301599
8,309470,309415,309412,309423,301820
3,309620,309639,309638,309650,302042
9,309840,309863,309863,309877,302263
2,310070,310087,310089,310104,302484
7,310300,310311,310314,310331,302706
4,310500,310534,310540,310558,302927
5,310730,310758,310765,310785,303148
1,310980,310982,310991,311012,303369
10,311280,311206,311216,311239,303591
8,311700,311699,311681,311677,304033
6,311920,311925,311907,311905,304255
9,312210,312150,312133,312132,304476
3,312330,312375,312359,312360,304697
7,312600,312600,312585,312587,304918
2,312900,312825,312811,312815,305140
5,313010,313050,313037,313042,305361
4,313230,313276,313263,313270,305582
1,313520,313501,313488,313498,305803
10,313690,313726,313714,313725,306025
8,313920,313951,313940,313953,306246
9,314180,314176,314166,314180,306467
6,314410,314401,314392,314408,306689
7,314640,314626,314618,314636,306910
3,314820,314852,314844,314863,307131
5,315080,315077,315070,315091,307352
2,315360,315302,315296,315318,307574
1,315510,315527,315522,315546,307795
4,315720,315752,315747,315773,308016
10,316030,315977,315973,316001,308238
9,316490,316465,316442,316449,308680
8,316710,316690,316668,316676,308901
7,316910,316916,316895,316903,309123
6,317190,317141,317121,317130,309344
5,317350,317367,317347,317357,309565
3,317590,317592,317574,317584,309786
1,317810,317818,317800,317811,310008
2,318010,318043,318026,318038,310229
4,318230,318269,318253,318265,310450
10,318480,318494,318479,318492,310672
9,318690,318720,318705,318720,310893
7,318930,318945,318932,318947,311114
8,319130,319171,319158,319174,311335
5,319420,319396,319384,319401,311557
6,319620,319621,319611,319628,311778
1,319860,319847,319837,319855,311999
3,320030,320072,320064,320082,312221
4,320270,320298,320290,320309,312442
2,320590,320523,320516,320536,312663
10,320810,320749,320743,320763,312884
7,321220,321226,321193,321195,313327
9,321510,321449,321419,321421,313548
5,321660,321672,321645,321647,313769
8,321860,321895,321872,321873,313991
1,322120,322118,322098,322099,314212
6,322360,322341,322324,322325,314433
4,322560,322564,322550,322551,314655
3,322760,322787,322776,322777,314876
2,322960,323010,323003,323003,315097
10,323260,323233,323229,323229,315318
7,323450,323456,323455,323455,315540
5,323700,323679,323681,323681,315761
9,323920,323902,323908,323907,315982
1,324110,324125,324134,324133,316203
8,324310,324348,324360,324359,316425
4,324520,324571,324586,324585,316646
6,324780,324794,324812,324811,316867
2,325050,325017,325039,325037,317089
3,325190,325240,325265,325263,317310
10,325540,325463,325491,325489,317531
5,325930,325955,325928,325926,317974
7,326230,326177,326154,326151,318195
1,326420,326398,326380,326376,318416
9,326630,326620,326605,326601,318638
4,326890,326842,326831,326826,318859
8,327000,327063,327057,327051,319080
2,327330,327285,327282,327276,319301
6,327470,327507,327508,327501,319523
3,327770,327728,327734,327726,319744
10,327900,327950,327959,327951,319965
5,328150,328172,328185,328175,320186
1,328420,328393,328411,328400,320408
7,328640,328615,328636,328625,320629
4,328880,328837,328862,328850,320850
9,329070,329058,329088,329075,321072
2,329270,329280,329313,329300,321293
8,329480,329502,329539,329525,321514
3,329690,329723,329765,329750,321735
6,329880,329945,329990,329975,321957
10,330210,330167,330216,330200,322178
1,330710,330658,330640,330625,322621
5,330830,330879,330865,330849,322842
7,331130,331100,331089,331074,323063
9,331350,331320,331314,331298,323284
4,331550,331541,331539,331522,323506
8,331750,331762,331764,331747,323727
2,331990,331982,331989,331971,323948
6,332180,332203,332213,332195,324169
3,332430,332424,332438,332420,324391
10,332580,332645,332663,332644,324612
1,332880,332865,332888,332868,324833
7,333140,333086,333113,333092,325055
5,333310,333307,333337,333317,325276
4,333530,333527,333562,333541,325497
9,333760,333748,333787,333765,325718
2,333930,333969,334012,333990,325940
8,334190,334190,334236,334214,326161
3,334360,334410,334461,334438,326382
6,334590,334631,334686,334663,326604
10,334930,334852,334911,334887,326825
7,335370,335348,335338,335314,327267
1,335560,335569,335562,335539,327489
5,335770,335791,335786,335764,327710
9,336060,336012,336010,335989,327931
4,336220,336233,336235,336214,328152
8,336430,336454,336459,336439,328374
2,336670,336675,336683,336664,328595
6,336890,336896,336907,336889,328816
3,337170,337118,337131,337114,329038
10,337340,337339,337355,337339,329259
7,337570,337560,337579,337563,329480
5,337790,337781,337803,337788,329701
1,338020,338002,338027,338013,329923
4,338220,338224,338251,338238,330144
9,338450,338445,338475,338463,330365
2,338630,338666,338699,338688,330587
8,338860,338887,338924,338913,330808
3,339070,339108,339148,339138,331029
6,339290,339329,339372,339363,331250
10,339640,339551,339596,339588,331472
5,340040,340057,340043,340031,331914
7,340300,340279,340267,340256,332135
4,340550,340501,340491,340482,332357
1,340740,340723,340715,340707,332578
2,340990,340945,340938,340932,332799
9,341190,341167,341162,341157,333021
3,341370,341389,341386,341383,333242
8,341550,341612,341610,341608,333463
6,341830,341834,341834,341833,333684
10,342020,342056,342058,342058,333906
5,342260,342278,342282,342284,334127
4,342530,342500,342506,342509,334348
7,342770,342722,342730,342734,334569
2,343020,342944,342954,342959,334791
1,343230,343166,343178,343185,335012
3,343360,343388,343402,343410,335233
9,343560,343611,343626,343635,335455
6,343750,343833,343850,343860,335676
8,344020,344055,344074,344086,335897
10,344340,344277,344298,344311,336118
4,344750,344767,344747,344742,336561
5,344960,344989,344971,344967,336782
2,345220,345212,345195,345191,337004
7,345460,345434,345419,345416,337225
3,345710,345656,345643,345641,337446
1,345890,345878,345867,345866,337667
6,346120,346101,346091,346090,337889
9,346300,346323,346315,346315,338110
8,346530,346545,346539,346540,338331
10,346720,346768,346763,346765,338552
4,346930,346990,346987,346989,338774
2,347220,347212,347211,347214,338995
5,347390,347434,347435,347439,339216
3,347650,347657,347659,347664,339438
7,347870,347879,347883,347888,339659
6,348110,348101,348107,348113,339880
1,348370,348323,348331,348338,340101
8,348530,348546,348555,348563,340323
9,348760,348768,348779,348787,340544
10,349050,348990,349003,349012,340765
2,349480,349473,349450,349440,341208
4,349660,349695,349674,349665,341429
3,349890,349916,349898,349890,341650
5,350130,350138,350121,350115,341872
6,350390,350360,350345,350340,342093
7,350600,350582,350569,350565,342314
8,350830,350804,350793,350790,342535
1,350950,351025,351017,351014,342757
9,351250,351247,351241,351239,342978
10,351430,351469,351465,351464,343199
2,351690,351691,351689,351689,343421
3,351910,351913,351913,351914,343642
4,352110,352134,352137,352139,343863
6,352330,352356,352361,352363,344084
5,352640,352578,352585,352588,344306
8,352800,352800,352809,352813,344527
7,353070,353022,353032,353038,344748
9,353220,353243,353256,353263,344970
1,353420,353465,353480,353488,345191
10,353730,353687,353704,353713,345412
3,354240,354182,354155,354148,345855
2,354470,354403,354379,354373,346076
6,354630,354625,354603,354598,346297
4,354820,354846,354827,354823,346518
8,355000,355068,355051,355049,346740
5,355300,355289,355275,355274,346961
9,355530,355511,355499,355499,347182
7,355730,355732,355723,355724,347404
1,355880,355953,355947,355949,347625
10,356150,356175,356171,356174,347846
3,356420,356396,356395,356400,348067
6,356660,356618,356619,356625,348289
2,356880,356839,356842,356850,348510
8,357070,357061,357066,357075,348731
4,357230,357282,357290,357300,348953
9,357470,357504,357514,357525,349174
5,357720,357725,357738,357751,349395
1,357880,357947,357962,357976,349616
7,358180,358168,358186,358201,349838
10,358480,358389,358410,358426,350059
6,358910,358887,358865,358859,350501
3,359170,359109,359089,359085,350723
8,359320,359331,359313,359310,350944
2,359550,359554,359537,359535,351165
9,359750,359776,359761,359761,351387
4,359900,359998,359985,359986,351608
1,360260,360221,360209,360211,351829
5,360420,360443,360433,360437,352050
7,360630,360665,360657,360662,352272
10,360850,360888,360881,360887,352493
6,361190,361110,361106,361113,352714
8,361430,361332,361330,361338,352935
3,361580,361555,361554,361563,353157
9,361730,361777,361778,361789,353378
2,362000,361999,362002,362014,353599
1,362270,362222,362226,362239,353821
4,362380,362444,362450,362465,354042
7,362620,362666,362674,362690,354263
5,362860,362889,362898,362915,354484
10,363180,363111,363122,363141,354706
8,363620,363601,363579,363567,355148
6,363810,363824,363803,363794,355370
9,364090,364047,364027,364020,355591
3,364240,364270,364251,364246,355812
1,364490,364492,364476,364472,356033
2,364760,364715,364700,364698,356255
7,364900,364938,364924,364925,356476
4,365090,365161,365149,365151,356697
5,365330,365383,365373,365377,356918
10,365570,365606,365597,365603,357140
8,365860,365829,365821,365830,357361
9,366070,366052,366046,366056,357582
6,366270,366274,366270,366282,357804
1,366570,366497,366494,366508,358025
3,366720,366720,366719,366735,358246
7,366960,366943,366943,366961,358467
2,367180,367165,367167,367187,358689
5,367330,367388,367392,367413,358910
4,367590,367611,367616,367639,359131
10,367880,367834,367840,367866,359353
9,368380,368338,368311,368321,359795
8,368600,368562,368536,368547,360016
1,368830,368785,368761,368773,360238
6,369040,369009,368986,368999,360459
7,369270,369233,369211,369225,360680
3,369450,369457,369436,369451,360901
5,369640,369681,369661,369677,361123
2,369860,369904,369886,369903,361344
4,370060,370128,370111,370129,361565
10,370250,370352,370335,370355,361787
9,370600,370576,370560,370580,362008
1,370840,370800,370785,370806,362229
8,371010,371023,371010,371032,362450
7,371280,371247,371235,371258,362672
6,371530,371471,371460,371484,362893
5,371710,371695,371685,371710,363114
3,371850,371919,371910,371936,363336
4,372130,372143,372135,372162,363557
2,372420,372366,372360,372388,363778
10,372600,372590,372584,372614,363999
1,373090,373073,373033,373033,364442
9,373300,373294,373258,373258,364663
7,373470,373515,373483,373483,364884
8,373720,373736,373708,373708,365106
5,373910,373957,373932,373933,365327
6,374230,374178,374157,374158,365548
4,374460,374399,374382,374383,365770
3,374650,374620,374607,374608,365991
2,374840,374841,374832,374833,366212
10,375080,375062,375056,375058,366433
1,375260,375283,375281,375283,366655
7,375480,375504,375506,375508,366876
9,375690,375725,375731,375733,367097
5,375930,375946,375956,375958,367319
8,376160,376167,376180,376183,367540
4,376360,376388,376405,376408,367761
6,376600,376609,376630,376633,367982
2,376840,376830,376855,376858,368204
3,376990,377051,377079,377083,368425
10,377350,377272,377304,377308,368646
7,377810,377775,377751,377745,369089
1,378020,377997,377976,377971,369310
9,378190,378219,378201,378196,369531
8,378410,378441,378425,378421,369753
5,378630,378663,378650,378646,369974
6,378930,378884,378875,378872,370195
4,379170,379106,379099,379097,370416
3,379320,379328,379324,379322,370638
2,379530,379550,379549,379548,370859
10,379740,379772,379773,379773,371080
7,380050,379994,379998,379998,371301
9,380230,380216,380222,380223,371523
1,380440,380438,380447,380449,371744
5,380690,380660,380672,380674,371965
8,380880,380881,380896,380899,372187
4,381040,381103,381121,381125,372408
6,381260,381325,381346,381350,372629
2,381590,381547,381570,381575,372850
3,381710,381769,381795,381800,373072
10,382070,381991,382020,382026,373293
9,382520,382488,382466,382459,373736
7,382740,382710,382691,382684,373957
5,382890,382932,382915,382909,374178
1,383180,383154,383140,383135,374399
4,383390,383376,383364,383360,374621
8,383550,383599,383589,383585,374842
2,383830,383821,383813,383810,375063
6,384030,384043,384038,384035,375284
3,384250,384265,384262,384261,375506
10,384460,384487,384487,384486,375727
9,384730,384709,384711,384711,375948
5,384930,384931,384936,384936,376170
7,385180,385153,385160,385162,376391
4,385330,385375,385385,385387,376612
1,385650,385597,385609,385612,376833
2,385860,385819,385834,385837,377055
8,386020,386041,386058,386062,377276
3,386220,386263,386283,386288,377497
6,386450,386485,386507,386513,377719
10,386760,386707,386732,386738,377940
5,387160,387191,387179,387166,378382
9,387470,387414,387404,387392,378604
4,387600,387638,387628,387618,378825
7,387880,387861,387853,387843,379046
2,388050,388085,388077,388069,379267
1,388280,388309,388302,388295,379489
3,388540,388532,388526,388520,379710
8,388710,388756,388751,388746,379931
6,388940,388980,388975,388972,380153
10,389120,389203,389200,389197,380374
5,389430,389427,389424,389423,380595
4,389640,389650,389649,389648,380816
9,389850,389874,389873,389874,381038
2,390110,390098,390098,390100,381259
7,390320,390321,390322,390325,381480
3,390530,390545,390547,390551,381702
1,390820,390769,390771,390777,381923
6,391070,390992,390996,391002,382144
8,391230,391216,391220,391228,382365
10,391450,391439,391445,391454,382587
4,391840,391922,391901,391896,383029
5,392100,392145,392125,392121,383250
2,392330,392369,392350,392347,383472
9,392660,392592,392575,392573,383693
3,392840,392815,392799,392799,383914
7,393020,393039,393024,393025,384136
6,393340,393262,393249,393251,384357
1,393570,393485,393473,393476,384578
8,393700,393709,393698,393702,384799
10,393910,393932,393923,393928,385021
4,394110,394155,394147,394154,385242
2,394380,394379,394372,394380,385463
5,394570,394602,394597,394606,385685
3,394790,394825,394821,394831,385906
9,395020,395049,395046,395057,386127
6,395270,395272,395271,395283,386348
7,395520,395495,395496,395509,386570
8,395730,395719,395720,395735,386791
1,395910,395942,395945,395961,387012
10,396210,396165,396170,396186,387233
2,396680,396658,396622,396617,387676
4,396860,396879,396846,396842,387897
3,397140,397100,397071,397068,388119
5,397340,397321,397296,397294,388340
6,397590,397542,397520,397520,388561
9,397800,397764,397745,397745,388782
8,398020,397985,397970,397971,389004
7,398230,398206,398194,398197,389225
1,398370,398427,398419,398422,389446
10,398590,398648,398643,398648,389667
2,398850,398870,398868,398874,389889
3,399070,399091,399093,399100,390110
4,399290,399312,399317,399325,390331
6,399530,399533,399542,399551,390553
5,399810,399754,399767,399777,390774
8,399980,399976,399991,400002,390995
9,400190,400197,400216,400228,391216
1,400320,400418,400441,400454,391438
7,400630,400639,400665,400680,391659
10,400930,400860,400890,400905,391880
3,401410,401362,401346,401337,392323
2,401630,401586,401570,401563,392544
6,401810,401809,401795,401789,392765
4,402030,402033,402020,402016,392987
8,402210,402256,402245,402242,393208
5,402510,402479,402469,402468,393429
1,402720,402703,402694,402695,393650
9,402890,402926,402919,402921,393872
7,403040,403150,403144,403147,394093
10,403340,403373,403369,403374,394314
3,403630,403596,403593,403600,394536
6,403840,403820,403818,403827,394757
2,404080,404043,404043,404053,394978
8,404280,404267,404268,404279,395199
4,404440,404490,404493,404506,395421
1,404750,404713,404717,404732,395642
5,404950,404937,404942,404958,395863
7,405180,405160,405167,405185,396085
9,405350,405384,405392,405411,396306
10,405650,405607,405617,405637,396527
6,406090,406104,406081,406075,396970
3,406380,406328,406306,406302,397191
8,406540,406552,406531,406529,397412
2,406810,406776,406756,406756,397633
1,407040,407000,406982,406983,397855
4,407120,407224,407207,407211,398076
7,407460,407448,407432,407438,398297
5,407680,407672,407657,407665,398519
9,407880,407896,407882,407892,398740
10,408120,408120,408108,408119,398961
6,408280,408344,408333,408347,399182
8,408610,408568,408558,408574,399404
3,408780,408792,408783,408801,399625
1,409070,409016,409008,409028,399846
2,409300,409240,409234,409255,400068
7,409450,409464,409459,409483,400289
4,409670,409688,409684,409710,400510
9,409870,409912,409909,409937,400731
5,410120,410136,410134,410164,400953
10,410390,410360,410359,410391,401174
8,410850,410859,410831,410843,401616
6,411080,411084,411057,411070,401838
1,411340,411308,411283,411296,402059
3,411540,411533,411509,411522,402280
7,411790,411758,411734,411749,402502
2,412030,411982,411960,411975,402723
9,412250,412207,412186,412202,402944
4,412420,412431,412412,412428,403165
5,412590,412656,412637,412655,403387
10,412810,412880,412863,412881,403608
8,413130,413105,413089,413108,403829
1,413310,413329,413315,413334,404051
6,413530,413554,413540,413561,404272
7,413790,413778,413766,413787,404493
3,414000,414003,413992,414014,404714
9,414260,414228,414218,414240,404936
2,414450,414452,414443,414467,405157
5,414680,414677,414669,414693,405378
4,414910,414901,414895,414919,405599
10,415130,415126,415121,415146,405821
1,415600,415603,415569,415579,406263
8,415790,415825,415794,415804,406485
7,416050,416047,416020,416028,406706
6,416280,416270,416245,416252,406927
9,416570,416492,416471,416477,407148
3,416710,416715,416697,416701,407370
5,416940,416937,416922,416925,407591
2,417140,417159,417148,417150,407812
4,417300,417382,417373,417374,408033
10,417600,417604,417599,417598,408255
1,417780,417826,417825,417823,408476
7,418020,418049,418050,418047,408697
8,418240,418271,418276,418271,408919
9,418510,418493,418501,418496,409140
6,418700,418716,418727,418720,409361
5,418950,418938,418953,418944,409582
3,419150,419160,419178,419169,409804
4,419340,419383,419404,419393,410025
2,419660,419605,419629,419617,410246
10,419880,419827,419855,419842,410468
7,420300,420291,420274,420249,410910
1,420480,420512,420499,420473,411131
8,420720,420733,420723,420698,411353
6,420920,420954,420948,420922,411574
9,421190,421175,421173,421147,411795
3,421340,421397,421397,421372,412016
5,421610,421618,421622,421596,412238
2,421760,421839,421846,421821,412459
4,422000,422060,422071,422046,412680
10,422310,422281,422296,422270,412902
7,422510,422502,422520,422495,413123
8,422740,422723,422745,422719,413344
1,422930,422944,422970,422944,413565
9,423190,423165,423194,423169,413787
6,423340,423386,423419,423393,414008
5,423580,423607,423644,423618,414229
3,423790,423828,423868,423843,414451
4,424050,424049,424093,424067,414672
2,424350,424270,424318,424292,414893
10,424540,424491,424542,424516,415114
8,424960,424987,424984,424965,415557
7,425260,425210,425208,425190,415778
9,425490,425434,425433,425416,415999
1,425600,425657,425657,425642,416221
5,425860,425880,425882,425868,416442
6,426110,426104,426106,426094,416663
4,426360,426327,426331,426320,416885
3,426580,426550,426555,426546,417106
2,426730,426773,426779,426772,417327
10,426950,426997,427004,426998,417548
8,427210,427220,427228,427223,417770
9,427450,427443,427453,427449,417991
7,427690,427667,427677,427675,418212
5,427900,427890,427901,427901,418434
1,428100,428113,428126,428127,418655
4,428370,428336,428350,428353,418876
6,428570,428560,428575,428579,419097
2,428800,428783,428799,428805,419319
3,428950,429006,429024,429031,419540
10,429270,429230,429248,429256,419761
9,429730,429716,429700,429696,420204
8,429960,429939,429924,429921,420425
5,430150,430162,430149,430146,420646
7,430370,430385,430373,430372,420868
4,430610,430609,430598,430597,421089
1,430820,430832,430822,430822,421310
2,431050,431055,431047,431047,421531
6,431280,431278,431271,431272,421753
3,431490,431501,431495,431498,421974
10,431670,431724,431720,431723,422195
9,431950,431947,431944,431948,422417
5,432250,432170,432169,432173,422638
8,432420,432393,432393,432399,422859
4,432600,432616,432618,432624,423080
7,432830,432839,432842,432849,423302
2,433080,433062,433067,433074,423523
1,433310,433285,433291,433299,423744
3,433470,433508,433516,433525,423965
6,433700,433731,433740,433750,424187
10,433970,433955,433965,433975,424408
5,434400,434430,434408,434408,424851
9,434720,434652,434632,434632,425072
4,434860,434874,434856,434856,425293
8,435080,435096,435081,435079,425514
2,435290,435318,435305,435303,425736
7,435560,435540,435529,435527,425957
3,435820,435762,435754,435751,426178
1,435940,435983,435978,435975,426399
6,436160,436205,436202,436199,426621
10,436390,436427,436426,436423,426842
5,436640,436649,436651,436647,427063
4,436880,436871,436875,436871,427285
9,437090,437093,437099,437095,427506
2,437280,437315,437323,437319,427727
8,437490,437536,437548,437543,427948
3,437760,437758,437772,437767,428170
7,438000,437980,437996,437991,428391
6,438240,438202,438220,438214,428612
1,438420,438424,438445,438438,428834
10,438680,438646,438669,438662,429055
4,439090,439113,439097,439077,429497
5,439300,439334,439321,439301,429719
2,439470,439555,439545,439525,429940
9,439810,439776,439768,439750,430161
3,440040,439997,439992,439974,430382
8,440200,440218,440216,440198,430604
6,440450,440439,440439,440422,430825
7,440710,440660,440663,440646,431046
1,440870,440880,440887,440870,431268
10,441090,441101,441110,441094,431489
4,441300,441322,441334,441319,431710
2,441530,441543,441558,441543,431931
5,441710,441764,441781,441767,432153
3,441990,441985,442005,441991,432374
9,442170,442206,442229,442215,432595
6,442460,442427,442452,442439,432817
8,442610,442648,442676,442663,433038
1,442810,442868,442900,442888,433259
7,443120,443089,443123,443112,433480
10,443400,443310,443347,443336,433702
2,443750,443795,443793,443769,434144
4,443970,444019,444016,443995,434365
3,444260,444242,444240,444221,434587
5,444510,444465,444463,444447,434808
6,444730,444688,444687,444673,435029
9,444970,444911,444911,444899,435251
1,445060,445134,445134,445125,435472
8,445270,445358,445358,445351,435693
7,445590,445581,445582,445577,435914
10,445850,445804,445805,445803,436136
2,446040,446027,446029,446028,436357
3,446260,446250,446253,446254,436578
4,446490,446474,446476,446480,436800
6,446670,446697,446700,446706,437021
5,446970,446920,446923,446932,437242
1,447130,447143,447147,447158,437463
9,447310,447366,447371,447384,437685
7,447560,447590,447594,447610,437906
8,447780,447813,447818,447836,438127
10,448140,448036,448042,448062,438348
3,448600,448532,448512,448512,438791
2,448830,448756,448737,448738,439012
6,448990,448980,448961,448965,439234
4,449170,449203,449185,449191,439455
1,449430,449427,449409,449418,439676
5,449650,449651,449634,449644,439897
7,449840,449875,449858,449871,440119
9,450120,450099,450082,450097,440340
8,450290,450322,450306,450323,440561
10,450500,450546,450531,450550,440783
3,450780,450770,450755,450776,441004
6,451000,450994,450979,451003,441225
2,451270,451218,451203,451229,441446
1,451520,451442,451428,451455,441668
4,451620,451665,451652,451682,441889
7,451850,451889,451876,451908,442110
5,452120,452113,452100,452135,442331
8,452290,452337,452325,452361,442553
9,452570,452561,452549,452588,442774
10,452820,452785,452773,452814,442995
6,453270,453276,453240,453250,443438
3,453530,453498,453464,453475,443659
1,453740,453720,453689,453701,443880
2,454010,453943,453914,453926,444102
7,454200,454165,454138,454152,444323
4,454380,454387,454363,454377,444544
8,454550,454610,454588,454602,444765
5,454850,454832,454812,454828,444987
9,455120,455054,455037,455053,445208
10,455260,455277,455262,455278,445429
6,455470,455499,455486,455504,445651
1,455710,455721,455711,455729,445872
3,455900,455944,455936,455954,446093
7,456150,456166,456160,456180,446314
2,456450,456388,456385,456405,446536
8,456630,456611,456610,456630,446757
4,456760,456833,456834,456856,446978
9,457060,457055,457059,457081,447200
5,457230,457278,457284,457307,447421
10,457550,457500,457508,457532,447642
1,458080,457993,457958,457953,448085
6,458250,458214,458182,458179,448306
3,458470,458435,458407,458404,448527
2,458690,458655,458631,458629,448748
7,458870,458876,458856,458855,448970
4,459030,459097,459080,459080,449191
8,459230,459318,459305,459305,449412
5,459430,459539,459530,459531,449634
9,459730,459760,459754,459756,449855
10,460030,459981,459979,459981,450076
1,460290,460202,460203,460207,450297
3,460460,460423,460428,460432,450519
6,460660,460643,460652,460657,450740
7,460890,460864,460877,460883,450961
2,461190,461085,461102,461108,451183
8,461280,461306,461326,461333,451404
4,461430,461527,461551,461559,451625
9,461720,461748,461775,461784,451846
5,461900,461969,462000,462009,452068
10,462250,462190,462224,462235,452289
3,462780,462708,462679,462680,452731
1,462970,462929,462904,462905,452953
6,463210,463151,463129,463131,453174
2,463470,463372,463353,463356,453395
7,463620,463594,463578,463582,453617
4,463800,463815,463802,463807,453838
8,464000,464037,464027,464032,454059
5,464200,464258,464252,464258,454280
9,464450,464480,464476,464483,454502
10,464620,464701,464701,464709,454723
3,464930,464923,464925,464934,454944
6,465180,465144,465150,465160,455166
1,465400,465366,465375,465385,455387
7,465630,465588,465599,465611,455608
2,465890,465809,465824,465836,455829
8,466060,466031,466048,466061,456051
4,466210,466252,466273,466287,456272
9,466440,466474,466498,466512,456493
5,466670,466695,466722,466738,456714
10,466900,466917,466947,466963,456936
6,467420,467416,467395,467392,457378
3,467680,467638,467619,467617,457600
7,467900,467861,467844,467842,457821
1,468050,468083,468069,468067,458042
8,468310,468305,468293,468292,458263
2,468560,468527,468518,468516,458485
9,468780,468750,468742,468741,458706
4,468930,468972,468967,468966,458927
5,469140,469194,469191,469191,459149
10,469320,469417,469416,469416,459370
6,469630,469639,469640,469641,459591
7,469850,469861,469865,469866,459812
3,470110,470083,470089,470091,460034
8,470350,470306,470314,470316,460255
1,470510,470528,470538,470541,460476
9,470760,470750,470763,470765,460697
2,471010,470972,470987,470990,460919
5,471180,471195,471212,471215,461140
4,471440,471417,471436,471440,461361
10,471640,471639,471661,471665,461583
7,472090,472122,472105,472090,462025
6,472360,472344,472330,472316,462246
8,472570,472567,472554,472541,462468
3,472800,472790,472778,472767,462689
9,473040,473013,473003,472992,462910
1,473190,473235,473227,473218,463131
5,473420,473458,473452,473444,463353
2,473680,473681,473676,473669,463574
4,473920,473904,473900,473895,463795
10,474060,474126,474125,474120,464017
7,474270,474349,474349,474346,464238
8,474590,474572,474574,474571,464459
6,474800,474795,474798,474797,464680
9,475000,475018,475022,475022,464902
3,475220,475240,475247,475248,465123
5,475460,475463,475471,475474,465344
1,475640,475686,475695,475699,465566
4,475910,475909,475920,475925,465787
2,476210,476131,476144,476150,466008
10,476430,476354,476369,476376,466229
8,476770,476840,476827,476812,466672
7,477070,477064,477051,477039,466893
9,477270,477289,477276,477266,467114
6,477560,477513,477501,477493,467336
5,477690,477737,477725,477720,467557
3,477950,477962,477950,477947,467778
4,478230,478186,478175,478174,468000
1,478440,478410,478400,478401,468221
2,478600,478635,478624,478628,468442
10,478870,478859,478849,478855,468663
8,479070,479083,479074,479081,468885
9,479280,479308,479298,479308,469106
7,479510,479532,479523,479535,469327
5,479760,479756,479748,479762,469549
6,479930,479981,479972,479989,469770
4,480200,480205,480197,480216,469991
3,480450,480429,480422,480443,470212
2,480670,480654,480646,480670,470434
1,480860,480878,480871,480897,470655
10,481180,481102,481096,481124,470876
9,481680,481604,481569,481584,471319
8,481860,481828,481794,481810,471540
5,482050,482051,482020,482036,471761
7,482260,482274,482245,482262,471983
4,482520,482498,482470,482488,472204
6,482750,482721,482695,482714,472425
2,482950,482944,482921,482940,472646
3,483130,483168,483146,483166,472868
1,483400,483391,483371,483392,473089
10,483540,483615,483597,483618,473310
9,483860,483838,483822,483844,473532
5,484120,484061,484047,484070,473753
8,484320,484285,484272,484296,473974
4,484530,484508,484498,484522,474195
7,484730,484731,484723,484748,474417
2,484950,484955,484948,484974,474638
6,485100,485178,485174,485200,474859
1,485380,485402,485399,485426,475080
3,485580,485625,485624,485652,475302
10,485910,485848,485849,485878,475523
5,486280,486328,486291,486295,475966
9,486630,486549,486516,486519,476187
4,486790,486770,486741,486743,476408
8,487000,486991,486966,486967,476629
2,487140,487212,487191,487191,476851
7,487410,487433,487416,487415,477072
1,487640,487654,487641,487639,477293
6,487850,487875,487866,487864,477515
3,488150,488096,488091,488088,477736
10,488290,488317,488316,488312,477957
5,488540,488538,488541,488536,478178
4,488820,488759,488766,488760,478400
9,488980,488980,488991,488984,478621
2,489160,489201,489216,489209,478842
8,489410,489421,489441,489433,479063
1,489570,489642,489666,489657,479285
7,489840,489863,489891,489881,479506
3,490070,490084,490116,490105,479727
6,490300,490305,490341,490329,479949
10,490610,490526,490566,490553,480170
4,491040,491015,490995,490978,480612
5,491280,491236,491219,491202,480834
2,491500,491457,491444,491427,481055
9,491700,491677,491668,491651,481276
1,491810,491898,491892,491876,481497
8,492010,492119,492117,492101,481719
3,492310,492340,492341,492325,481940
7,492550,492561,492565,492550,482161
6,492770,492781,492790,492775,482383
10,493020,493002,493014,492999,482604
4,493250,493223,493238,493224,482825
2,493500,493444,493462,493448,483046
5,493690,493664,493687,493673,483268
1,493930,493885,493911,493898,483489
9,494090,494106,494135,494122,483710
3,494250,494327,494360,494347,483932
8,494510,494548,494584,494572,484153
6,494730,494768,494808,494796,484374
7,495000,494989,495033,495021,484595
10,495290,495210,495257,495245,484817
2,495700,495713,495699,495691,485259
4,495930,495935,495923,495916,485480
1,496230,496157,496147,496140,485702
5,496390,496379,496371,496365,485923
3,496620,496601,496595,496589,486144
9,496900,496822,496819,496814,486366
6,497080,497044,497043,497038,486587
8,497180,497266,497267,497263,486808
7,497490,497488,497491,497487,487029
10,497710,497710,497715,497712,487251
2,497910,497931,497939,497936,487472
1,498150,498153,498164,498161,487693
4,498340,498375,498388,498385,487915
3,498570,498597,498612,498610,488136
5,498820,498819,498836,498834,488357
6,499050,499040,499060,499059,488578
9,499250,499262,499284,499283,488800
7,499450,499484,499508,499508,489021
8,499660,499706,499732,499732,489242
10,500050,499928,499956,499957,489463
1,500480,500412,500391,500385,489906
2,500640,500633,500615,500608,490127
4,500870,500854,500839,500832,490349
5,501020,501075,501062,501055,490570
3,501290,501295,501286,501278,490791
9,501520,501516,501509,501502,491012
6,501700,501737,501733,501725,491234
8,501870,501958,501957,501949,491455
7,502130,502178,502180,502172,491676
10,502380,502399,502404,502395,491898
1,502640,502620,502628,502619,492119
2,502880,502840,502851,502842,492340
4,503090,503061,503075,503065,492561
3,503330,503282,503299,503289,492783
5,503510,503503,503522,503512,493004
6,503720,503723,503746,503736,493225
9,503900,503944,503969,503959,493446
7,504120,504165,504193,504182,493668
8,504350,504386,504417,504406,493889
10,504700,504606,504640,504629,494110
2,505030,505084,505068,505052,494553
1,505270,505305,505291,505275,494774
4,505460,505525,505514,505499,494995
5,505760,505745,505737,505722,495217
3,506040,505965,505960,505945,495438
9,506240,506185,506183,506168,495659
6,506460,506406,506406,506391,495881
8,506560,506626,506629,506614,496102
7,506840,506846,506852,506837,496323
10,507090,507066,507075,507060,496544
2,507260,507287,507299,507284,496766
4,507460,507507,507522,507507,496987
1,507700,507727,507745,507730,497208
3,507900,507947,507968,507953,497429
5,508190,508168,508191,508176,497651
6,508330,508388,508414,508399,497872
9,508610,508608,508637,508622,498093
7,508830,508828,508860,508845,498315
8,509050,509049,509083,509069,498536
10,509360,509269,509306,509292,498757
4,509750,509753,509739,509715,499200
2,509980,509973,509962,509939,499421
3,510190,510194,510184,510163,499642
1,510470,510414,510407,510387,499863
6,510560,510634,510630,510612,500085
5,510850,510855,510852,510836,500306
7,511060,511075,511075,511060,500527
9,511280,511295,511297,511284,500749
8,511520,511516,511520,511508,500970
10,511700,511736,511743,511732,501191
4,511950,511956,511965,511957,501412
3,512210,512177,512188,512181,501634
2,512480,512397,512411,512405,501855
6,512590,512618,512633,512629,502076
1,512790,512838,512856,512853,502298
7,513020,513058,513079,513077,502519
5,513280,513279,513301,513302,502740
8,513490,513499,513524,513526,502961
9,513700,513719,513746,513750,503183
10,514020,513940,513969,513974,503404
3,514540,514443,514426,514420,503846
4,514690,514665,514648,514644,504068
6,514910,514886,514871,514869,504289
2,515150,515108,515094,515094,504510
7,515330,515330,515317,515318,504732
1,515500,515551,515540,515543,504953
8,515700,515773,515763,515767,505174
5,515940,515995,515986,515992,505395
9,516230,516216,516209,516217,505617
10,516410,516438,516432,516441,505838
3,516670,516660,516655,516666,506059
6,516900,516882,516877,516890,506281
4,517120,517103,517100,517115,506502
7,517350,517325,517323,517340,506723
2,517590,517547,517546,517564,506944
8,517800,517768,517769,517789,507166
1,517930,517990,517992,518013,507387
9,518190,518212,518215,518238,507608
5,518420,518433,518438,518463,507829
10,518700,518655,518661,518687,508051
6,519130,519139,519116,519112,508493
3,519380,519361,519339,519336,508715
7,519600,519583,519562,519560,508936
4,519760,519804,519785,519785,509157
8,520000,520026,520008,520009,509378
2,520310,520248,520231,520234,509600
9,520500,520470,520455,520458,509821
1,520640,520691,520678,520682,510042
5,520830,520913,520901,520907,510264
10,521150,521135,521124,521131,510485
6,521360,521357,521347,521356,510706
7,521590,521578,521570,521580,510927
3,521770,521800,521794,521805,511149
8,522020,522022,522017,522029,511370
4,522200,522244,522240,522253,511591
9,522480,522465,522463,522478,511812
2,522730,522687,522686,522702,512034
5,522890,522909,522909,522927,512255
1,523110,523131,523132,523151,512476
10,523420,523352,523356,523375,512698
7,523840,523835,523813,523804,513140
6,524100,524058,524036,524029,513361
8,524260,524280,524260,524254,513583
3,524470,524502,524483,524480,513804
9,524740,524725,524707,524705,514025
4,524880,524947,524930,524931,514247
5,525170,525169,525154,525156,514468
2,525410,525392,525377,525381,514689
1,525550,525614,525601,525607,514910
10,525840,525836,525824,525832,515132
7,526070,526058,526048,526058,515353
8,526300,526281,526271,526283,515574
6,526530,526503,526495,526509,515795
9,526720,526725,526718,526734,516017
3,526920,526948,526941,526959,516238
5,527170,527170,527165,527185,516459
4,527340,527392,527388,527410,516681
1,527570,527614,527612,527636,516902
2,527890,527837,527835,527861,517123
10,528130,528059,528059,528086,517344
8,528530,528552,528529,528533,517787
7,528820,528775,528753,528758,518008
9,529010,528999,528977,528984,518229
6,529300,529223,529201,529210,518451
5,529420,529446,529425,529435,518672
3,529670,529670,529649,529661,518893
1,529940,529893,529874,529887,519115
4,530090,530117,530098,530113,519336
2,530230,530340,530322,530338,519557
10,530490,530564,530546,530564,519778
8,530820,530788,530770,530790,520000
9,531030,531011,530994,531016,520221
7,531210,531235,531218,531241,520442
5,531470,531458,531442,531467,520664
6,531700,531682,531666,531693,520885
1,531920,531905,531890,531919,521106
3,532100,532129,532115,532144,521327
2,532360,532352,532339,532370,521549
4,532600,532576,532563,532596,521770
10,532830,532800,532787,532821,521991
9,533350,533286,533248,533259,522434
8,533560,533507,533472,533483,522655
5,533740,533729,533696,533708,522876
7,533950,533951,533921,533932,523098
1,534150,534172,534145,534157,523319
6,534400,534394,534369,534381,523540
2,534590,534615,534594,534606,523761
3,534780,534837,534818,534830,523983
4,535020,535058,535043,535055,524204
10,535250,535280,535267,535279,524425
9,535510,535502,535491,535504,524647
5,535770,535723,535716,535728,524868
8,535970,535945,535940,535953,525089
1,536100,536166,536164,536177,525310
7,536380,536388,536389,536402,525532
2,536680,536609,536613,536626,525753
6,536850,536831,536838,536851,525974
4,537040,537053,537062,537075,526195
3,537200,537274,537286,537300,526417
10,537540,537496,537511,537524,526638
5,537950,537979,537950,537952,527081
9,538250,538199,538174,538175,527302
1,538400,538420,538398,538398,527523
8,538630,538640,538622,538622,527744
2,538870,538861,538846,538845,527966
7,539100,539081,539070,539068,528187
4,539230,539302,539294,539291,528408
6,539520,539522,539518,539514,528630
3,539790,539743,539742,539737,528851
10,539950,539963,539966,539960,529072
5,540220,540184,540190,540184,529293
1,540410,540404,540414,540407,529515
9,540620,540625,540638,540630,529736
2,540920,540845,540862,540853,529957
8,541040,541066,541086,541076,530178
4,541180,541286,541310,541299,530400
7,541440,541507,541534,541522,530621
3,541700,541727,541758,541746,530842
6,541950,541948,541982,541969,531064
10,542270,542168,542206,542192,531285
1,542680,542634,542629,542625,531727
5,542820,542855,542853,542847,531949
2,543070,543077,543076,543068,532170
9,543120,543298,543299,543290,532391
8,543350,543520,543523,543511,532613
7,543760,543741,543746,543733,532834
4,543960,543963,543969,543954,533055
6,544200,544184,544193,544176,533276
3,544410,544406,544416,544398,533498
10,544650,544627,544639,544619,533719
1,544910,544849,544863,544841,533940
9,545100,545070,545086,545062,534161
5,545280,545292,545309,545284,534383
8,545670,545514,545533,545506,534604
2,545680,545735,545756,545727,534825
4,545880,545957,545979,545949,535047
7,546160,546178,546203,546170,535268
3,546390,546400,546426,546392,535489
6,546590,546621,546649,546613,535710
10,546920,546843,546873,546835,535932
9,547430,547295,547272,547253,536374
1,547490,547511,547494,547474,536595
5,547720,547728,547716,547694,536817
8,547940,547945,547938,547914,537038
2,547960,548161,548160,548134,537259
7,548360,548378,548382,548354,537481
4,548560,548594,548604,548574,537702
6,548830,548811,548826,548795,537923
3,549060,549027,549048,549015,538144
10,549280,549244,549269,549235,538366
9,549580,549461,549491,549455,538587
5,549700,549677,549713,549675,538808
2,549790,549894,549935,549895,539030
1,549910,550110,550157,550116,539251
8,550320,550327,550379,550336,539472
4,550450,550544,550601,550556,539693
7,550720,550760,550823,550776,539915
3,551060,550977,551045,550996,540136
6,551210,551193,551267,551216,540357
10,551530,551410,551488,551437,540578
5,551870,551876,551886,551837,541021
2,552230,552094,552106,552059,541242
9,552230,552312,552327,552280,541464
1,552450,552531,552547,552502,541685
4,552660,552749,552768,552724,541906
8,552920,552967,552989,552946,542127
3,553110,553185,553209,553167,542349
7,553390,553403,553430,553389,542570
6,553650,553621,553650,553611,542791
10,553870,553839,553871,553833,543013
5,554060,554058,554091,554054,543234
2,554340,554276,554312,554276,543455
9,554560,554494,554533,554498,543676
4,554700,554712,554753,554720,543898
1,554960,554930,554974,554941,544119
3,555040,555148,555194,555163,544340
8,555290,555367,555415,555385,544561
6,555560,555585,555636,555607,544783
7,555830,555803,555856,555828,545004
10,556150,556021,556077,556050,545225
2,556560,556516,556523,556500,545668
5,556710,556737,556744,556724,545889
4,557010,556959,556965,556947,546110
9,557250,557180,557185,557171,546332
3,557460,557402,557406,557395,546553
1,557620,557623,557627,557618,546774
6,557780,557844,557848,557842,546996
8,557990,558066,558068,558065,547217
7,558290,558287,558289,558289,547438
10,558510,558509,558510,558513,547659
2,558730,558730,558731,558736,547881
4,558920,558952,558951,558960,548102
5,559160,559173,559172,559184,548323
3,559470,559394,559393,559407,548544
9,559620,559616,559614,559631,548766
6,559810,559837,559834,559854,548987
1,560000,560059,560055,560078,549208
7,560260,560280,560276,560302,549430
8,560510,560502,560496,560525,549651
10,560830,560723,560717,560749,549872
4,561220,561205,561181,561177,550315
2,561460,561426,561402,561401,550536
3,561700,561646,561623,561625,550757
5,561850,561867,561844,561848,550979
6,562150,562087,562066,562072,551200
9,562330,562308,562287,562296,551421
7,562510,562528,562508,562519,551642
1,562660,562748,562730,562743,551864
8,562920,562969,562951,562967,552085
10,563140,563189,563172,563190,552306
4,563380,563410,563394,563414,552527
3,563670,563630,563615,563637,552749
2,563950,563851,563836,563861,552970
6,564070,564071,564058,564085,553191
5,564330,564292,564279,564308,553413
7,564490,564512,564500,564532,553634
9,564690,564733,564722,564756,553855
8,565000,564953,564943,564979,554076
1,565120,565174,565164,565203,554298
10,565400,565394,565385,565427,554519
3,565940,565887,565853,565867,554961
4,566110,566107,566075,566090,555183
6,566370,566327,566297,566313,555404
2,566550,566548,566519,566535,555625
7,566820,566768,566741,566758,555847
5,566990,566988,566963,566981,556068
8,567220,567209,567185,567204,556289
9,567490,567429,567407,567427,556510
1,567600,567649,567629,567650,556732
10,567780,567870,567851,567873,556953
3,568060,568090,568073,568096,557174
6,568300,568310,568295,568319,557396
4,568520,568531,568517,568542,557617
7,568750,568751,568739,568765,557838
2,569030,568971,568961,568988,558059
8,569220,569192,569183,569211,558281
5,569400,569412,569405,569434,558502
1,569620,569632,569627,569656,558723
9,569820,569853,569849,569879,558944
10,570100,570073,570071,570102,559166
6,570530,570542,570519,570511,559608
3,570780,570762,570741,570734,559830
7,570970,570983,570963,570957,560051
4,571160,571203,571185,571180,560272
8,571400,571424,571407,571404,560493
2,571610,571644,571629,571627,560715
1,571910,571865,571851,571850,560936
5,572010,572085,572073,572073,561157
9,572270,572305,572295,572297,561379
10,572530,572526,572517,572520,561600
6,572770,572746,572739,572743,561821
7,572970,572967,572961,572966,562042
3,573200,573187,573183,573190,562264
8,573430,573408,573405,573413,562485
4,573620,573628,573628,573636,562706
1,573850,573848,573850,573859,562927
2,574100,574069,574072,574083,563149
9,574250,574289,574294,574306,563370
5,574470,574510,574516,574529,563591
10,574800,574730,574738,574752,563813
7,575260,575220,575199,575198,564255
6,575480,575442,575421,575422,564476
8,575670,575663,575644,575646,564698
3,575910,575885,575866,575870,564919
1,576090,576106,576089,576095,565140
4,576300,576327,576311,576319,565362
9,576580,576549,576534,576543,565583
2,576760,576770,576756,576767,565804
5,576930,576992,576979,576991,566025
10,577160,577213,577201,577215,566247
7,577430,577434,577424,577439,566468
8,577730,577656,577646,577663,566689
6,577920,577877,577869,577887,566910
1,578110,578099,578091,578111,567132
3,578320,578320,578314,578335,567353
9,578530,578542,578536,578559,567574
4,578700,578763,578759,578784,567796
5,578970,578984,578981,579008,568017
2,579220,579206,579204,579232,568238
10,579470,579427,579426,579456,568459
8,579900,579909,579882,579892,568902
7,580160,580130,580105,580115,569123
1,580330,580351,580328,580337,569345
6,580620,580572,580551,580560,569566
9,580870,580793,580773,580783,569787
3,581010,581014,580996,581006,570008
5,581230,581235,581219,581229,570230
4,581460,581456,581442,581452,570451
2,581630,581677,581665,581675,570672
10,581840,581898,581887,581898,570893
8,582150,582119,582110,582120,571115
1,582280,582340,582333,582343,571336
7,582520,582561,582556,582566,571557
9,582790,582782,582778,582789,571779
6,582990,583003,583001,583012,572000
5,583260,583224,583224,583235,572221
3,583410,583445,583447,583458,572442
2,583680,583666,583669,583681,572664
4,583870,583887,583892,583903,572885
10,584180,584108,584115,584126,573106
1,584490,584565,584550,584538,573549
8,584760,584786,584772,584761,573770
7,585010,585007,584995,584984,573991
6,585210,585227,585217,585206,574213
9,585480,585448,585440,585429,574434
3,585630,585669,585662,585652,574655
5,585900,585889,585885,585874,574876
4,586070,586110,586107,586097,575098
2,586360,586331,586330,586320,575319
10,586550,586552,586552,586543,575540
1,586710,586772,586775,586765,575762
7,586950,586993,586997,586988,575983
8,587240,587214,587220,587211,576204
9,587440,587434,587442,587434,576425
6,587630,587655,587664,587656,576647
5,587850,587876,587887,587879,576868
3,588070,588097,588109,588102,577089
2,588320,588317,588332,588324,577310
4,588530,588538,588554,588547,577532
10,588880,588759,588777,588770,577753
7,589300,589230,589219,589198,578196
1,589480,589451,589442,589423,578417
8,589650,589672,589664,589647,578638
6,589860,589894,589886,589872,578859
9,590110,590115,590109,590096,579081
3,590270,590336,590331,590320,579302
5,590500,590557,590554,590545,579523
4,590720,590779,590776,590769,579745
2,591010,591000,590998,590993,579966
10,591240,591221,591221,591218,580187
7,591480,591442,591443,591442,580408
8,591720,591664,591666,591667,580630
1,591880,591885,591888,591891,580851
9,592110,592106,592110,592115,581072
6,592280,592327,592333,592340,581293
5,592510,592549,592555,592564,581515
3,592710,592770,592778,592788,581736
2,593070,592991,593000,593013,581957
4,593180,593213,593222,593237,582179
10,593520,593434,593445,593462,582400
8,593920,593918,593910,593907,582842
7,594180,594142,594133,594132,583064
9,594400,594365,594356,594357,583285
1,594480,594589,594579,594582,583506
5,594800,594812,594802,594807,583728
6,595090,595036,595025,595032,583949
2,595290,595259,595248,595257,584170
3,595490,595483,595471,595482,584391
4,595710,595706,595694,595707,584613
10,595920,595930,595917,595932,584834
8,596200,596154,596140,596156,585055
9,596360,596377,596363,596381,585276
7,596560,596601,596586,596606,585498
5,596830,596824,596808,596831,585719
1,597040,597048,597031,597056,585940
2,597270,597271,597254,597281,586162
6,597450,597495,597477,597506,586383
4,597700,597718,597700,597731,586604
3,597920,597942,597923,597956,586825
10,598270,598165,598146,598181,587047
9,598680,598636,598609,598615,587489
8,598890,598858,598832,598839,587711
5,599040,599080,599055,599064,587932
7,599350,599302,599279,599288,588153
2,599490,599524,599502,599512,588374
1,599690,599746,599726,599736,588596
4,599960,599968,599949,599960,588817
6,600210,600190,600172,600185,589038
3,600420,600413,600396,600409,589259
10,600630,600635,600619,600633,589481
9,600850,600857,600843,600857,589702
5,601090,601079,601066,601081,589923
8,601290,601301,601289,601305,590145
2,601480,601523,601513,601530,590366
7,601770,601745,601736,601754,590587
4,601970,601967,601960,601978,590808
1,602180,602190,602183,602202,591030
3,602360,602412,602407,602426,591251
6,602600,602634,602630,602651,591472
10,602950,602856,602853,602875,591693
5,603320,603325,603302,603302,592136
9,603610,603546,603525,603525,592357
2,603690,603767,603749,603749,592579
8,603970,603989,603972,603973,592800
4,604170,604210,604195,604196,593021
7,604430,604432,604419,604420,593242
3,604710,604653,604642,604644,593464
1,604860,604875,604866,604867,593685
6,605110,605096,605089,605091,593906
10,605340,605318,605313,605315,594128
5,605550,605539,605536,605538,594349
2,605810,605760,605759,605762,594570
9,605970,605982,605983,605986,594791
4,606130,606203,606206,606209,595013
8,606390,606425,606430,606433,595234
3,606640,606646,606653,606657,595455
7,606840,606868,606876,606880,595676
6,607080,607089,607100,607104,595898
1,607320,607311,607323,607328,596119
10,607590,607532,607547,607551,596340
2,608070,608011,607987,607981,596783
5,608240,608231,608211,608204,597004
4,608430,608451,608434,608428,597225
9,608720,608671,608657,608651,597447
3,608960,608892,608880,608875,597668
8,609090,609112,609103,609099,597889
6,609290,609332,609326,609322,598111
7,609550,609552,609549,609546,598332
1,609730,609772,609773,609770,598553
10,609980,609993,609996,609993,598774
2,610240,610213,610219,610217,598996
4,610390,610433,610442,610440,599217
5,610650,610653,610665,610664,599438
3,610940,610873,610888,610888,599659
9,611100,611094,611112,611111,599881
6,611310,611314,611335,611335,600102
8,611530,611534,611558,611559,600323
1,611630,611754,611781,611782,600545
7,611960,611974,612004,612006,600766
10,612290,612194,612227,612229,600987
4,612700,612680,612669,612653,601430
2,612920,612901,612892,612877,601651
3,613160,613123,613115,613102,601872
5,613360,613344,613338,613326,602094
6,613620,613565,613561,613551,602315
9,613820,613787,613784,613775,602536
1,613900,614008,614007,613999,602757
8,614150,614229,614230,614224,602979
7,614410,614450,614453,614448,603200
10,614700,614672,614676,614673,603421
4,614900,614893,614899,614897,603642
3,615150,615114,615122,615122,603864
2,615390,615336,615345,615346,604085
6,615550,615557,615568,615571,604306
5,615790,615778,615791,615795,604528
1,615980,616000,616014,616019,604749
9,616160,616221,616237,616244,604970
7,616390,616442,616460,616468,605191
8,616650,616664,616683,616693,605413
10,617000,616885,616906,616917,605634
3,617460,617379,617365,617354,606077
4,617640,617601,617588,617579,606298
6,617840,617824,617811,617805,606519
2,618050,618046,618034,618031,606740
1,618250,618269,618258,618256,606962
5,618470,618491,618481,618482,607183
7,618670,618714,618704,618708,607404
9,618920,618936,618928,618933,607625
8,619160,619159,619151,619159,607847
10,619350,619381,619374,619385,608068
3,619620,619604,619598,619610,608289
6,619880,619826,619821,619836,608511
4,620070,620049,620044,620062,608732
1,620340,620271,620267,620287,608953
2,620510,620494,620491,620513,609174
7,620650,620716,620714,620739,609396
5,620920,620939,620937,620964,609617
8,621110,621162,621161,621190,609838
9,621370,621384,621384,621416,610059
10,621670,621607,621607,621641,610281
6,622140,622104,622079,622084,610723
3,622370,622327,622303,622310,610945
1,622640,622550,622527,622536,611166
4,622800,622774,622751,622761,611387
7,623020,622997,622975,622987,611608
2,623170,623220,623199,623213,611830
8,623370,623443,623423,623439,612051
5,623610,623666,623647,623665,612272
9,623920,623889,623871,623890,612494
10,624100,624112,624095,624116,612715
6,624310,624335,624319,624342,612936
1,624660,624558,624543,624568,613157
3,624800,624781,624767,624793,613379
7,625020,625004,624991,625019,613600
4,625220,625227,625215,625245,613821
8,625440,625450,625439,625471,614042
2,625630,625673,625663,625697,614264
9,625840,625896,625887,625922,614485
5,626110,626120,626111,626148,614706
10,626410,626343,626335,626374,614928
1,626870,626836,626799,626812,615370
6,627110,627058,627023,627037,615591
3,627320,627279,627247,627261,615813
4,627570,627501,627472,627486,616034
7,627760,627723,627696,627711,616255
2,627880,627944,627920,627935,616477
8,628120,628166,628145,628160,616698
5,628340,628388,628369,628384,616919
9,628570,628610,628593,628609,617140
10,628820,628831,628818,628834,617362
1,629070,629053,629042,629058,617583
3,629290,629275,629266,629283,617804
6,629490,629496,629491,629508,618025
7,629740,629718,629715,629732,618247
4,630000,629940,629940,629957,618468
8,630190,630162,630164,630181,618689
2,630380,630383,630388,630406,618911
9,630540,630605,630613,630631,619132
5,630790,630827,630837,630855,619353
10,631070,631048,631061,631080,619574
3,631560,631535,631503,631501,620017
1,631770,631755,631727,631725,620238
6,632020,631976,631951,631949,620460
4,632260,632196,632175,632173,620681
7,632380,632417,632399,632397,620902
2,632590,632637,632623,632621,621123
8,632830,632857,632848,632845,621345
5,633040,633078,633072,633069,621566
9,633300,633298,633296,633293,621787
10,633500,633518,633520,633517,622008
3,633760,633739,633744,633741,622230
6,634000,633959,633968,633965,622451
1,634210,634179,634192,634189,622672
7,634370,634400,634416,634413,622894
4,634590,634620,634640,634637,623115
8,634830,634841,634864,634861,623336
2,635010,635061,635088,635085,623557
9,635250,635281,635312,635309,623779
5,635540,635502,635536,635533,624000
10,635770,635722,635760,635757,624221
6,636260,636220,636199,636191,624664
3,636520,636441,636422,636415,624885
7,636680,636661,636646,636639,625106
1,636850,636882,636870,636863,625328
8,637100,637102,637093,637087,625549
4,637300,637323,637317,637311,625770
9,637570,637543,637541,637535,625991
2,637710,637764,637764,637759,626213
5,637900,637984,637988,637983,626434
10,638170,638205,638212,638207,626655
6,638450,638425,638436,638430,626877
7,638690,638646,638659,638654,627098
3,638940,638866,638883,638878,627319
8,639170,639087,639107,639102,627540
1,639300,639307,639330,639326,627762
9,639520,639528,639554,639550,627983
4,639700,639748,639778,639774,628204
5,639930,639969,640001,639998,628425
2,640190,640189,640225,640222,628647
10,640420,640410,640449,640446,628868
7,640910,640902,640885,640870,629311
6,641180,641123,641109,641094,629532
8,641380,641344,641332,641319,629753
3,641610,641565,641555,641543,629974
9,641880,641785,641779,641767,630196
1,641940,642006,642002,641991,630417
5,642120,642227,642225,642215,630638
4,642370,642448,642449,642440,630860
2,642580,642668,642672,642664,631081
10,642770,642889,642895,642888,631302
7,643100,643110,643119,643112,631523
8,643380,643331,643342,643336,631745
6,643640,643551,643565,643560,631966
9,643840,643772,643789,643785,632187
3,644050,643993,644012,644009,632408
5,644220,644214,644235,644233,632630
1,644440,644435,644459,644457,632851
2,644640,644655,644682,644681,633072
4,644840,644876,644905,644906,633294
10,645110,645097,645129,645130,633515
8,645540,645587,645577,645565,633957
7,645780,645809,645800,645790,634179
9,646070,646032,646024,646015,634400
6,646290,646255,646247,646239,634621
5,646460,646477,646471,646464,634843
3,646740,646700,646694,646689,635064
2,646920,646923,646917,646914,635285
1,647160,647145,647141,647139,635506
4,647360,647368,647364,647363,635728
10,647530,647591,647588,647588,635949
8,647760,647813,647811,647813,636170
9,648020,648036,648034,648038,636391
7,648260,648259,648258,648262,636613
5,648490,648481,648481,648487,636834
6,648690,648704,648705,648712,637055
2,648950,648927,648928,648937,637277
3,649120,649149,649151,649162,637498
4,649370,649372,649375,649386,637719
1,649600,649595,649598,649611,637940
10,649900,649817,649821,649836,638162
9,650290,650297,650276,650279,638604
8,650520,650520,650500,650503,638826
5,650710,650742,650723,650727,639047
7,650970,650964,650947,650951,639268
2,651130,651187,651171,651175,639489
6,651410,651409,651394,651399,639711
4,651660,651632,651618,651623,639932
3,651880,651854,651841,651847,640153
1,652110,652076,652065,652071,640374
10,652290,652299,652289,652295,640596
9,652550,652521,652512,652519,640817
5,652710,652743,652736,652743,641038
8,652930,652966,652959,652967,641260
2,653160,653188,653183,653191,641481
7,653370,653410,653407,653415,641702
4,653650,653633,653630,653639,641923
6,653850,653855,653854,653863,642145
1,654070,654078,654077,654087,642366
3,654260,654300,654301,654311,642587
10,654620,654522,654525,654535,642809
5,654980,654991,654962,654957,643251
9,655260,655211,655185,655180,643472
2,655390,655431,655408,655403,643694
8,655620,655651,655631,655626,643915
4,655840,655871,655855,655849,644136
7,656080,656091,656078,656072,644357
1,656280,656311,656301,656295,644579
6,656520,656531,656525,656518,644800
3,656720,656751,656748,656741,645021
10,656980,656971,656971,656964,645243
5,657230,657191,657194,657188,645464
2,657500,657411,657418,657411,645685
9,657650,657631,657641,657634,645906
4,657840,657851,657864,657857,646128
8,658050,658071,658087,658080,646349
1,658200,658291,658311,658303,646570
7,658460,658511,658534,658526,646791
3,658700,658731,658757,658749,647013
6,658960,658951,658980,658972,647234
10,659260,659171,659204,659195,647455
2,659640,659650,659635,659620,647898
5,659870,659870,659858,659843,648119
4,660140,660091,660080,660066,648340
9,660340,660311,660303,660289,648562
1,660440,660531,660526,660513,648783
8,660690,660751,660749,660736,649004
3,660970,660971,660972,660959,649226
7,661200,661191,661194,661182,649447
6,661420,661412,661417,661405,649668
10,661620,661632,661640,661628,649889
2,661890,661852,661863,661852,650111
4,662090,662072,662085,662075,650332
5,662300,662292,662308,662298,650553
1,662560,662512,662531,662521,650774
9,662700,662733,662754,662744,650996
3,662910,662953,662977,662967,651217
8,663110,663173,663199,663191,651438
6,663370,663393,663422,663414,651660
7,663610,663613,663645,663637,651881
10,663930,663833,663868,663860,652102
4,664310,664319,664306,664286,652545
2,664530,664540,664528,664510,652766
1,664880,664760,664751,664734,652987
5,664940,664981,664973,664958,653209
3,665190,665201,665196,665182,653430
9,665430,665422,665418,665406,653651
6,665670,665642,665641,665631,653872
8,665790,665863,665863,665855,654094
7,666080,666083,666086,666079,654315
10,666280,666304,666309,666303,654536
4,666510,666524,666531,666527,654757
1,666750,666745,666754,666751,654979
2,667020,666966,666976,666975,655200
3,667160,667186,667199,667199,655421
5,667420,667407,667421,667424,655643
6,667630,667627,667644,667648,655864
9,667840,667848,667866,667872,656085
7,668010,668068,668089,668096,656306
8,668270,668289,668311,668320,656528
10,668590,668509,668534,668544,656749
1,669110,669009,668991,668982,657192
4,669260,669230,669214,669207,657413
3,669430,669452,669437,669432,657634
2,669690,669674,669659,669657,657855
6,669900,669895,669882,669882,658077
5,670090,670117,670105,670107,658298
7,670370,670338,670328,670332,658519
9,670530,670560,670551,670557,658740
8,670770,670782,670773,670782,658962
10,670940,671003,670996,671007,659183
1,671250,671225,671219,671231,659404
3,671450,671447,671442,671456,659626
4,671680,671668,671665,671681,659847
6,671880,671890,671888,671906,660068
2,672160,672112,672110,672131,660289
7,672300,672333,672333,672356,660511
5,672570,672555,672556,672581,660732
8,672740,672777,672779,672806,660953
9,672980,672998,673002,673031,661175
10,673280,673220,673224,673256,661396
3,673770,673717,673690,673697,661838
1,674000,673939,673914,673922,662060
4,674150,674161,674137,674146,662281
2,674450,674383,674360,674371,662502
6,674610,674605,674584,674595,662723
5,674780,674827,674807,674820,662945
7,675040,675049,675030,675044,663166
9,675210,675271,675254,675269,663387
8,675470,675494,675477,675493,663609
10,675710,675716,675700,675718,663830
3,675960,675938,675924,675942,664051
4,676140,676160,676147,676167,664272
1,676400,676382,676371,676391,664494
6,676570,676604,676594,676616,664715
2,676890,676826,676817,676840,664936
7,677000,677048,677041,677065,665157
5,677300,677270,677264,677289,665379
8,677450,677492,677487,677514,665600
9,677690,677714,677711,677738,665821
10,678010,677936,677934,677963,666043
4,678400,678416,678386,678391,666485
3,678680,678637,678609,678615,666706
6,678860,678858,678833,678838,666928
1,679030,679079,679056,679062,667149
7,679330,679300,679280,679285,667370
2,679570,679521,679503,679508,667592
8,679740,679743,679727,679732,667813
5,679910,679964,679950,679955,668034
9,680170,680185,680173,680179,668255
10,680410,680406,680397,680402,668477
4,680610,680627,680620,680626,668698
6,680810,680848,680844,680849,668919
3,681050,681069,681067,681073,669140
7,681290,681291,681291,681296,669362
1,681470,681512,681514,681520,669583
8,681700,681733,681738,681743,669804
2,682000,681954,681961,681966,670026
9,682140,682175,682185,682190,670247
5,682400,682396,682408,682413,670468
10,682710,682617,682631,682637,670689
6,683100,683091,683069,683056,671132
4,683310,683311,683292,683279,671353
7,683530,683532,683515,683503,671575
3,683790,683752,683738,683727,671796
8,683960,683973,683961,683951,672017
1,684100,684193,684184,684175,672238
9,684420,684414,684408,684398,672460
2,684590,684634,684631,684622,672681
5,684780,684855,684854,684846,672902
10,685090,685076,685077,685070,673123
6,685300,685296,685300,685293,673345
7,685550,685517,685523,685517,673566
4,685760,685737,685746,685741,673787
8,685980,685958,685970,685965,674009
3,686180,686178,686193,686188,674230
9,686400,686399,686416,686412,674451
1,686530,686619,686639,686636,674672
5,686810,686840,686862,686860,674894
2,687090,687060,687085,687084,675115
10,687360,687281,687308,687307,675336
7,687800,687773,687756,687744,675779
6,688050,687994,687979,687969,676000
8,688220,688216,688202,688194,676221
4,688410,688437,688426,688418,676443
9,688690,688659,688649,688643,676664
3,688900,688880,688872,688868,676885
5,689100,689101,689095,689092,677106
1,689300,689323,689318,689317,677328
2,689520,689544,689541,689542,677549
10,689720,689766,689764,689766,677770
7,689960,689987,689988,689991,677992
8,690220,690209,690211,690215,678213
6,690460,690430,690434,690440,678434
9,690640,690651,690657,690665,678655
4,690800,690873,690880,690889,678877
5,691100,691094,691103,691114,679098
3,691310,691316,691326,691339,679319
2,691610,691537,691550,691563,679541
1,691720,691759,691773,691788,679762
10,692040,691980,691996,692013,679983
8,692450,692470,692452,692451,680426
7,692700,692692,692675,692676,680647
9,692930,692915,692899,692900,680868
6,693210,693137,693122,693124,681089
5,693360,693359,693346,693349,681311
4,693580,693582,693569,693573,681532
2,693810,693804,693792,693798,681753
3,694000,694026,694016,694022,681975
1,694200,694249,694239,694246,682196
10,694470,694471,694463,694471,682417
8,694700,694693,694686,694695,682638
9,694900,694916,694909,694920,682860
7,695090,695138,695133,695144,683081
5,695360,695360,695356,695368,683302
6,695580,695583,695580,695593,683523
2,695900,695805,695803,695817,683745
4,695990,696027,696026,696042,683966
1,696230,696250,696250,696266,684187
3,696420,696472,696473,696490,684409
10,696780,696694,696697,696715,684630
9,697200,697171,697145,697146,685072
8,697430,697392,697368,697369,685294
5,697620,697613,697592,697593,685515
7,697870,697834,697815,697817,685736
2,698000,698056,698038,698040,685958
6,698230,698277,698262,698264,686179
1,698460,698498,698485,698487,686400
4,698670,698719,698709,698711,686621
3,698920,698940,698932,698934,686843
10,699160,699161,699155,699158,687064
9,699400,699383,699379,699381,687285
5,699630,699604,699602,699605,687506
8,699850,699825,699826,699828,687728
2,700030,700046,700049,700052,687949
7,700230,700267,700272,700275,688170
1,700500,700488,700496,700499,688392
6,700670,700710,700719,700722,688613
3,700890,700931,700943,700946,688834
4,701190,701152,701166,701170,689055
10,701440,701373,701389,701393,689277
5,701820,701849,701826,701820,689719
9,702120,702069,702049,702043,689941
2,702290,702289,702272,702266,690162
8,702510,702509,702495,702489,690383
1,702710,702729,702718,702711,690604
7,702940,702950,702941,702934,690826
3,703180,703170,703164,703157,691047
6,703360,703390,703387,703380,691268
4,703600,703610,703610,703603,691489
10,703860,703830,703833,703826,691711
5,704040,704050,704056,704049,691932
2,704320,704270,704279,704272,692153
9,704490,704490,704502,704495,692375
1,704620,704710,704725,704718,692596
8,704890,704930,704948,704941,692817
3,705130,705150,705171,705164,693038
7,705350,705370,705394,705386,693260
4,705580,705590,705617,705609,693481
6,705810,705810,705840,705832,693702
10,706130,706030,706063,706055,693924
2,706530,706509,706495,706476,694366
5,706720,706729,706717,706699,694587
1,706990,706949,706940,706923,694809
9,707150,707169,707163,707146,695030
3,707410,707389,707385,707370,695251
8,707550,707610,707608,707593,695472
4,707800,707830,707830,707816,695694
7,708010,708050,708053,708040,695915
6,708270,708270,708275,708263,696136
10,708500,708490,708498,708487,696358
2,708740,708710,708721,708710,696579
1,708940,708930,708943,708934,696800
5,709150,709150,709166,709157,697021
3,709380,709371,709388,709381,697243
9,709550,709591,709611,709604,697464
4,709790,709811,709833,709827,697685
8,709990,710031,710056,710051,697907
6,710230,710251,710279,710274,698128
7,710500,710471,710501,710498,698349
10,710770,710691,710724,710721,698570
1,711250,711185,711171,711157,699013
2,711440,711406,711393,711381,699234
3,711660,711627,711616,711605,699455
5,711860,711848,711838,711830,699677
4,712100,712069,712061,712054,699898
9,712250,712290,712284,712278,700119
6,712490,712511,712506,712503,700341
8,712680,712732,712729,712727,700562
7,712930,712953,712951,712951,700783
10,713160,713174,713174,713176,701004
1,713420,713395,713396,713400,701226
3,713590,713616,713619,713625,701447
2,713810,713837,713842,713849,701668
4,714050,714058,714064,714073,701889
5,714320,714279,714287,714298,702111
6,714530,714500,714509,714522,702332
9,714700,714721,714732,714746,702553
7,714900,714943,714955,714971,702775
8,715130,715164,715177,715195,702996
10,715490,715385,715400,715419,703217
3,715920,715880,715858,715862,703660
1,716140,716102,716081,716086,703881
2,716360,716323,716303,716309,704102
5,716570,716544,716526,716533,704324
4,716810,716766,716749,716757,704545
9,716980,716987,716972,716980,704766
6,717190,717209,717195,717204,704987
8,717370,717430,717418,717428,705209
7,717590,717651,717641,717651,705430
10,717820,717873,717864,717875,705651
3,718070,718094,718086,718099,705872
2,718380,718315,718309,718323,706094
1,718560,718537,718532,718546,706315
4,718730,718758,718755,718770,706536
5,719020,718980,718978,718994,706758
6,719220,719201,719201,719217,706979
9,719420,719422,719424,719441,707200
7,719630,719644,719647,719665,707421
8,719840,719865,719870,719888,707643
10,720120,720087,720092,720112,707864
2,720490,720557,720535,720530,708307
3,720750,720778,720757,720753,708528
4,721010,720998,720980,720976,708749
1,721230,721219,721203,721199,708970
6,721480,721440,721426,721422,709192
5,721670,721660,721649,721645,709413
7,721860,721881,721871,721868,709634
9,722130,722102,722094,722091,709855
8,722320,722323,722317,722314,710077
10,722520,722543,722540,722537,710298
2,722760,722764,722762,722760,710519
4,722920,722985,722985,722983,710741
3,723160,723205,723208,723206,710962
6,723420,723426,723431,723429,711183
1,723630,723647,723653,723652,711404
7,723820,723867,723876,723875,711626
5,724140,724088,724099,724098,711847
8,724300,724309,724322,724321,712068
9,724510,724529,724545,724544,712290
10,724850,724750,724767,724767,712511
4,725250,725228,725208,725190,712953
2,725430,725449,725430,725414,713175
6,725680,725669,725653,725638,713396
3,725920,725889,725876,725863,713617
7,726140,726110,726098,726087,713838
1,726240,726330,726321,726311,714060
8,726510,726550,726543,726535,714281
5,726730,726770,726766,726759,714502
9,726990,726991,726988,726983,714724
10,727250,727211,727211,727207,714945
4,727420,727431,727434,727432,715166
6,727690,727651,727656,727656,715387
2,727910,727872,727879,727880,715609
7,728100,728092,728101,728104,715830
3,728310,728312,728324,728328,716051
8,728520,728532,728547,728552,716273
1,728660,728753,728769,728776,716494
9,728990,728973,728992,729001,716715
5,729150,729193,729214,729225,716936
10,729500,729413,729437,729449,717158
6,729960,729917,729897,729893,717600
4,730180,730139,730120,730118,717821
7,730410,730360,730343,730343,718043
2,730620,730582,730566,730568,718264
8,730810,730804,730789,730793,718485
3,731040,731025,731012,731017,718707
9,731290,731247,731235,731242,718928
1,731370,731469,731458,731467,719149
5,731580,731690,731681,731692,719370
10,731890,731912,731904,731917,719592
6,732170,732133,732127,732141,719813
7,732380,732355,732349,732366,720034
4,732590,732577,732572,732591,720255
8,732840,732798,732795,732816,720477
2,733070,733020,733018,733041,720698
9,733250,733242,733241,733265,720919
3,733450,733463,733464,733490,721141
5,733660,733685,733687,733715,721362
1,733840,733907,733910,733940,721583
10,734180,734128,734133,734165,721804
7,734630,734620,734593,734594,722247
6,734880,734841,734816,734818,722468
8,735070,735063,735040,735043,722690
4,735280,735285,735263,735268,722911
9,735550,735506,735486,735492,723132
2,735760,735728,735709,735717,723353
5,735910,735950,735933,735941,723575
3,736120,736171,736156,736166,723796
1,736330,736393,736379,736390,724017
10,736610,736615,736603,736615,724238
7,736850,736836,736826,736839,724460
8,737100,737058,737049,737064,724681
6,737310,737280,737273,737288,724902
9,737500,737501,737496,737513,725124
4,737690,737723,737719,737737,725345
5,737970,737944,737942,737962,725566
2,738170,738166,738166,738186,725787
1,738360,738388,738389,738411,726009
3,738540,738609,738612,738636,726230
10,738910,738831,738836,738860,726451
8,739280,739316,739293,739295,726894
7,739580,739538,739516,739519,727115
9,739770,739760,739740,739743,727336
6,740000,739983,739963,739968,727558
5,740200,740205,740187,740192,727779
4,740410,740427,740410,740416,728000
1,740630,740649,740634,740640,728221
2,740900,740871,740858,740865,728443
3,741030,741093,741081,741089,728664
10,741310,741316,741305,741313,728885
8,741490,741538,741528,741538,729107
9,741770,741760,741752,741762,729328
7,742000,741982,741975,741986,729549
5,742220,742204,742199,742211,729770
6,742460,742427,742423,742435,729992
1,742660,742649,742646,742659,730213
4,742820,742871,742870,742883,730434
3,743040,743093,743093,743108,730656
2,743310,743315,743317,743332,730877
10,743630,743537,743541,743556,731098
9,744090,744016,743988,743992,731541
8,744260,744237,744212,744215,731762
5,744440,744458,744436,744438,731983
7,744660,744679,744659,744662,732204
1,744880,744900,744883,744885,732426
6,745110,745121,745106,745109,732647
3,745320,745342,745330,745332,732868
4,745540,745563,745553,745555,733090
2,745750,745785,745777,745779,733311
10,745990,746006,746000,746002,733532
9,746250,746227,746224,746226,733753
5,746440,746448,746447,746449,733975
8,746650,746669,746671,746673,734196
1,746870,746890,746895,746896,734417
7,747080,747111,747118,747119,734639
3,747300,747332,747342,747343,734860
6,747530,747553,747565,747566,735081
2,747870,747775,747789,747790,735302
4,747970,747996,748012,748013,735524
10,748280,748217,748236,748236,735745
5,748610,748690,748667,748649,736187
9,748940,748910,748890,748873,736409
1,749120,749130,749113,749097,736630
8,749350,749349,749336,749320,736851
3,749580,749569,749559,749544,737073
7,749790,749789,749782,749768,737294
2,750030,750009,750006,749992,737515
6,750260,750229,750229,750216,737736
4,750450,750449,750452,750439,737958
10,750670,750668,750675,750663,738179
5,750920,750888,750898,750887,738400
1,751120,751108,751121,751111,738621
9,751280,751328,751344,751334,738843
3,751470,751548,751567,751558,739064
8,751710,751768,751790,751782,739285
2,751990,751988,752013,752006,739507
7,752210,752207,752236,752230,739728
4,752380,752427,752459,752453,739949
6,752630,752647,752682,752677,740170
10,752990,752867,752905,752901,740392
1,753450,753370,753355,753345,740834
5,753610,753591,753578,753570,741056
9,753800,753813,753801,753795,741277
8,754010,754034,754024,754019,741498
3,754250,754256,754248,754244,741719
7,754460,754477,754471,754469,741941
2,754770,754699,754694,754693,742162
6,754960,754920,754917,754918,742383
4,755140,755142,755140,755143,742604
10,755350,755363,755363,755367,742826
1,755600,755584,755586,755592,743047
9,755830,755806,755809,755816,743268
5,756030,756027,756032,756041,743490
3,756230,756249,756255,756266,743711
8,756410,756470,756478,756490,743932
2,756700,756692,756702,756715,744153
7,756900,756913,756925,756940,744375
4,757070,757135,757148,757164,744596
6,757350,757356,757371,757389,744817
10,757670,757577,757594,757614,745039
9,758130,758072,758047,758048,745481
1,758230,758293,758271,758272,745702
5,758490,758514,758494,758496,745924
8,758730,758735,758717,758720,746145
3,758980,758957,758940,758944,746366
7,759160,759178,759164,759168,746587
2,759480,759399,759387,759392,746809
6,759670,759620,759610,759616,747030
4,759880,759842,759833,759840,747251
10,760060,760063,760057,760064,747473
9,760310,760284,760280,760288,747694
5,760520,760505,760503,760512,747915
1,760720,760727,760726,760736,748136
3,760890,760948,760950,760960,748358
8,761120,761169,761173,761184,748579
2,761390,761390,761396,761408,748800
7,761590,761612,761619,761632,749022
4,761760,761833,761842,761856,749243
6,762030,762054,762066,762080,749464
10,762380,762275,762289,762304,749685
5,762740,762763,762734,762731,750128
9,763040,762983,762957,762954,750349
3,763220,763203,763180,763178,750570
1,763450,763423,763404,763402,750792
2,763720,763644,763627,763625,751013
8,763820,763864,763850,763849,751234
4,763970,764084,764073,764072,751456
7,764300,764304,764296,764296,751677
6,764520,764525,764519,764520,751898
10,764700,764745,764742,764743,752119
5,765000,764965,764966,764967,752341
3,765210,765185,765189,765190,752562
9,765420,765405,765412,765414,752783
2,765670,765626,765635,765638,753005
1,765920,765846,765858,765861,753226
4,765960,766066,766081,766085,753447
8,766210,766286,766304,766308,753668
6,766430,766507,766527,766532,753890
7,766770,766727,766751,766756,754111
10,767030,766947,766974,766979,754332
3,767520,767442,767416,767414,754775
5,767680,767662,767639,767637,754996
2,767920,767882,767862,767861,755217
9,768160,768102,768085,768084,755439
4,768250,768322,768308,768307,755660
1,768520,768542,768531,768530,755881
6,768770,768762,768754,768753,756102
8,768920,768982,768977,768976,756324
7,769170,769202,769200,769199,756545
10,769410,769422,769423,769422,756766
3,769630,769642,769646,769646,756987
2,769900,769862,769869,769869,757209
5,770130,770082,770092,770092,757430
4,770300,770302,770315,770315,757651
9,770500,770522,770538,770538,757873
6,770690,770742,770761,770761,758094
1,770910,770962,770984,770984,758315
7,771200,771181,771207,771207,758536
8,771400,771401,771430,771431,758758
10,771700,771621,771652,771654,758979
2,772100,772108,772086,772077,759422
3,772330,772328,772309,772300,759643
4,772570,772547,772531,772522,759864
5,772760,772767,772754,772745,760085
6,773050,772986,772977,772968,760307
9,773240,773206,773199,773190,760528
7,773350,773425,773422,773413,760749
1,773610,773645,773644,773636,760970
8,773790,773864,773867,773858,761192
10,774030,774084,774089,774081,761413
2,774350,774303,774312,774304,761634
4,774510,774523,774534,774527,761856
3,774790,774743,774757,774749,762077
6,774970,774962,774979,774972,762298
5,775200,775182,775202,775195,762519
7,775420,775401,775425,775417,762741
9,775600,775621,775647,775640,762962
8,775850,775840,775870,775863,763183
1,776010,776060,776092,776085,763405
10,776320,776279,776315,776308,763626
4,776740,776768,776749,776735,764068
2,776970,776988,776971,776958,764290
6,777170,777207,777194,777181,764511
3,777460,777427,777416,777404,764732
7,777650,777646,777638,777627,764953
5,777880,777866,777860,777850,765175
8,778120,778085,778082,778073,765396
9,778390,778305,778305,778296,765617
1,778470,778524,778527,778519,765839
10,778740,778744,778749,778742,766060
4,778960,778963,778971,778964,766281
6,779200,779183,779193,779187,766502
2,779420,779402,779415,779410,766724
7,779590,779622,779638,779633,766945
3,779820,779841,779860,779856,767166
8,780040,780061,780082,780079,767388
5,780280,780280,780304,780302,767609
1,780450,780500,780526,780525,767830
9,780650,780719,780749,780748,768051
10,781060,780939,780971,780971,768273
6,781480,781439,781414,781403,768715
4,781710,781658,781636,781626,768936
7,781940,781877,781858,781849,769158
2,782090,782096,782080,782073,769379
8,782270,782315,782302,782296,769600
3,782500,782535,782524,782519,769822
1,782750,782754,782746,782743,770043
5,782910,782973,782968,782966,770264
9,783190,783192,783190,783189,770485
10,783430,783411,783412,783413,770707
6,783640,783630,783634,783636,770928
7,783890,783850,783856,783860,771149
4,784110,784069,784078,784083,771371
8,784340,784288,784300,784306,771592
2,784520,784507,784522,784530,771813
1,784690,784726,784744,784753,772034
3,784900,784945,784966,784976,772256
9,785140,785165,785189,785200,772477
5,785350,785384,785411,785423,772698
10,785640,785603,785633,785646,772919
7,786140,786107,786083,786080,773362
6,786350,786327,786305,786303,773583
8,786580,786547,786527,786527,773805
4,786760,786767,786749,786750,774026
1,786990,786987,786972,786973,774247
2,787230,787207,787194,787196,774468
9,787480,787427,787416,787419,774690
3,787610,787647,787638,787643,774911
5,787810,787867,787860,787866,775132
10,788010,788087,788082,788089,775354
7,788310,788307,788305,788312,775575
8,788600,788527,788527,788535,775796
6,788790,788747,788749,788758,776017
1,788950,788967,788971,788982,776239
4,789150,789187,789193,789205,776460
9,789400,789407,789415,789428,776681
2,789630,789627,789638,789651,776902
5,789840,789847,789860,789874,777124
3,790020,790067,790082,790098,777345
10,790360,790287,790304,790321,777566
8,790760,790774,790751,790749,778009
7,791000,790995,790973,790971,778230
1,791170,791215,791195,791194,778451
6,791470,791435,791418,791417,778673
9,791720,791655,791640,791640,778894
4,791830,791876,791862,791862,779115
5,792080,792096,792084,792085,779336
2,792340,792316,792306,792308,779558
3,792490,792537,792529,792530,779779
10,792750,792757,792751,792753,780000
8,793010,792977,792973,792976,780222
1,793130,793198,793195,793199,780443
7,793380,793418,793417,793421,780664
9,793640,793638,793640,793644,780885
6,793810,793859,793862,793867,781107
5,794130,794079,794084,794089,781328
4,794290,794299,794306,794312,781549
3,794490,794519,794529,794535,781771
2,794750,794740,794751,794758,781992
10,795050,794960,794973,794980,782213
1,795460,795436,795414,795406,782656
8,795640,795656,795636,795628,782877
7,795910,795876,795858,795851,783098
6,796070,796096,796080,796074,783319
9,796300,796316,796302,796296,783541
4,796430,796536,796524,796519,783762
5,796710,796756,796746,796742,783983
2,796990,796976,796969,796964,784205
3,797150,797197,797191,797187,784426
10,797440,797417,797413,797410,784647
1,797630,797637,797635,797632,784868
8,797860,797857,797857,797855,785090
7,798100,798077,798079,798078,785311
9,798290,798297,798301,798300,785532
6,798470,798517,798523,798523,785754
5,798740,798737,798745,798746,785975
4,798950,798957,798968,798968,786196
3,799140,799178,799190,799191,786417
2,799430,799398,799412,799414,786639
10,799710,799618,799634,799636,786860
8,800070,800086,800076,800061,787302
1,800280,800308,800298,800285,787524
7,800520,800530,800521,800508,787745
6,800740,800751,800743,800732,787966
9,800940,800973,800965,800955,788188
4,801140,801194,801187,801178,788409
5,801370,801416,801409,801402,788630
2,801630,801637,801631,801625,788851
3,801830,801859,801853,801848,789073
10,802090,802080,802075,802072,789294
8,802350,802302,802297,802295,789515
7,802440,802523,802520,802519,789737
1,802710,802745,802742,802742,789958
9,802980,802966,802964,802965,790179
6,803220,803188,803186,803189,790400
5,803430,803409,803408,803412,790622
4,803630,803631,803630,803635,790843
3,803830,803853,803852,803859,791064
2,804110,804074,804074,804082,791285
10,804360,804296,804296,804306,791507
7,804730,804764,804750,804735,791949
8,804950,804986,804972,804959,792171
9,805240,805208,805195,805184,792392
1,805370,805430,805417,805409,792613
5,805630,805652,805639,805633,792834
6,805910,805875,805862,805858,793056
3,806130,806097,806084,806083,793277
4,806280,806319,806307,806307,793498
2,806520,806541,806529,806532,793720
10,806760,806763,806752,806757,793941
7,806960,806986,806974,806981,794162
9,807180,807208,807196,807206,794383
8,807440,807430,807419,807431,794605
5,807680,807652,807641,807655,794826
1,807840,807874,807864,807880,795047
3,808030,808096,808086,808105,795268
6,808320,808319,808308,808329,795490
2,808610,808541,808531,808554,795711
4,808710,808763,808753,808779,795932
10,809090,808985,808976,809003,796154
9,809500,809470,809445,809450,796596
7,809710,809692,809668,809675,796817
5,809910,809915,809891,809900,797039
8,810140,810137,810114,810124,797260
3,810390,810360,810337,810349,797481
1,810550,810582,810560,810574,797702
2,810790,810805,810784,810798,797924
6,811020,811027,811007,811023,798145
4,811140,811249,811230,811248,798366
10,811500,811472,811453,811473,798588
9,811700,811694,811676,811697,798809
5,811970,811917,811899,811922,799030
7,812200,812139,812122,812147,799251
3,812400,812362,812345,812372,799473
8,812570,812584,812568,812596,799694
2,812860,812807,812791,812821,799915
1,813060,813029,813014,813046,800137
4,813110,813252,813237,813270,800358
6,813420,813474,813461,813495,800579
10,813760,813696,813684,813720,800800
5,814210,814178,814141,814155,801243
9,814470,814398,814364,814378,801464
3,814670,814619,814587,814601,801685
7,814920,814839,814811,814824,801907
2,815110,815060,815034,815047,802128
8,815260,815280,815257,815270,802349
4,815340,815500,815481,815493,802571
1,815620,815721,815704,815716,802792
6,815880,815941,815927,815939,803013
10,816140,816162,816150,816162,803234
5,816410,816382,816374,816385,803456
3,816620,816603,816597,816608,803677
9,816850,816823,816820,816831,803898
2,817090,817043,817044,817054,804120
7,817300,817264,817267,817277,804341
4,817450,817484,817490,817500,804562
8,817700,817705,817714,817723,804783
6,817900,817925,817937,817946,805005
1,818130,818145,818160,818169,805226
10,818400,818366,818383,818392,805447
3,818890,818849,818812,818809,805890
5,819090,819066,819034,819031,806111
2,819320,819284,819257,819252,806332
9,819540,819501,819480,819474,806554
4,819660,819718,819702,819696,806775
7,819950,819936,819925,819918,806996
6,820180,820153,820147,820140,807217
8,820410,820371,820370,820361,807439
1,820530,820588,820593,820583,807660
10,820770,820805,820815,820805,807881
3,821050,821023,821038,821027,808103
2,821280,821240,821261,821249,808324
5,821460,821458,821483,821471,808545
4,821660,821675,821706,821692,808766
9,821860,821892,821928,821914,808988
6,822050,822110,822151,822136,809209
7,822340,822327,822374,822358,809430
1,822470,822545,822596,822580,809651
8,822730,822762,822819,822801,809873
10,823080,822979,823042,823023,810094
2,823480,823471,823464,823441,810537
3,823700,823691,823686,823663,810758
4,823920,823910,823908,823886,810979
5,824130,824129,824130,824109,811200
6,824390,824348,824352,824331,811422
9,824600,824568,824574,824554,811643
1,824780,824787,824796,824777,811864
7,824970,825006,825018,824999,812086
8,825230,825226,825240,825222,812307
10,825430,825445,825462,825445,812528
2,825600,825664,825684,825667,812749
4,825850,825883,825906,825890,812971
3,826110,826103,826128,826113,813192
6,826310,826322,826350,826335,813413
5,826550,826541,826571,826558,813634
1,826770,826761,826793,826781,813856
9,826950,826980,827015,827003,814077
8,827200,827199,827237,827226,814298
7,827460,827418,827459,827449,814520
10,827690,827638,827681,827671,814741
4,828160,828135,828125,828105,815183
2,828340,828355,828347,828330,815405
6,828600,828576,828569,828554,815626
3,828820,828797,828791,828778,815847
1,829110,829018,829013,829002,816068
5,829190,829238,829235,829226,816290
8,829400,829459,829457,829450,816511
9,829720,829680,829679,829675,816732
7,829880,829901,829901,829899,816954
10,830120,830121,830123,830123,817175
4,830300,830342,830345,830347,817396
6,830550,830563,830566,830571,817617
2,830800,830784,830788,830795,817839
1,831080,831004,831010,831020,818060
3,831250,831225,831232,831244,818281
8,831370,831446,831454,831468,818503
5,831660,831667,831676,831692,818724
7,831840,831887,831898,831916,818945
9,832120,832108,832120,832140,819166
10,832390,832329,832342,832365,819388
6,832860,832830,832806,832808,819830
4,833060,833051,833028,833032,820051
1,833340,833272,833251,833256,820273
2,833580,833494,833473,833480,820494
8,833690,833715,833696,833704,820715
3,833860,833936,833918,833928,820937
7,834100,834158,834140,834153,821158
5,834380,834379,834363,834377,821379
9,834610,834600,834585,834601,821600
10,834800,834822,834808,834825,821822
6,835040,835043,835030,835049,822043
1,835390,835264,835253,835273,822264
4,835510,835486,835475,835497,822486
8,835740,835707,835698,835721,822707
2,835920,835928,835920,835946,822928
7,836090,836150,836142,836170,823149
3,836300,836371,836365,836394,823371
9,836540,836592,836587,836618,823592
5,836830,836814,836810,836842,823813
10,837100,837035,837032,837066,824034
1,837640,837523,837488,837488,824477
6,837690,837743,837711,837712,824698
8,837930,837963,837934,837936,824920
4,838140,838183,838156,838160,825141
7,838430,838404,838379,838383,825362
2,838700,838624,838602,838607,825583
9,838830,838844,838824,838831,825805
3,839000,839064,839047,839055,826026
5,839230,839284,839270,839279,826247
10,839550,839504,839492,839503,826469
1,839800,839725,839715,839726,826690
8,839980,839945,839938,839950,826911
6,840050,840165,840160,840174,827132
7,840400,840385,840383,840398,827354
4,840580,840605,840606,840622,827575
9,840760,840825,840828,840846,827796
2,841070,841046,841051,841069,828017
5,841270,841266,841274,841293,828239
3,841450,841486,841496,841517,828460
10,841790,841706,841719,841741,828681
8,842230,842213,842175,842177,829124
1,842410,842432,842398,842401,829345
6,842650,842652,842621,842625,829566
4,842850,842871,842844,842849,829788
7,843120,843091,843066,843072,830009
2,843290,843310,843289,843296,830230
9,843540,843530,843512,843520,830452
5,843940,843749,843735,843744,830673
3,843950,843969,843958,843968,830894
10,844210,844188,844181,844192,831115
8,844460,844408,844404,844416,831337
6,844670,844627,844626,844640,831558
1,844860,844847,844849,844864,831779
7,845050,845066,845072,845088,832000
4,845290,845286,845295,845312,832222
9,845520,845505,845518,845536,832443
2,845720,845725,845741,845759,832664
5,845860,845944,845964,845983,832886
3,845960,846164,846186,846207,833107
10,846500,846383,846409,846431,833328
6,846860,846881,846861,846862,833771
8,847110,847102,847084,847086,833992
7,847340,847324,847307,847309,834213
1,847610,847545,847530,847533,834434
9,847820,847767,847753,847756,834656
4,847980,847988,847976,847980,834877
5,848160,848210,848199,848203,835098
2,848400,848431,848422,848426,835320
3,848540,848653,848645,848650,835541
10,848890,848874,848868,848873,835762
6,849120,849096,849091,849097,835983
7,849310,849317,849314,849320,836205
8,849540,849539,849537,849544,836426
9,849750,849760,849760,849767,836647
1,849970,849982,849983,849990,836869
5,850180,850203,850206,850214,837090
4,850380,850425,850429,850437,837311
3,850610,850646,850652,850661,837532
2,850970,850868,850875,850884,837754
10,851160,851089,851098,851108,837975
7,851570,851565,851540,851525,838417
6,851790,851785,851763,851749,838639
9,851990,852006,851986,851973,838860
8,852210,852226,852209,852197,839081
5,852410,852447,852432,852421,839303
1,852650,852668,852654,852646,839524
3,852890,852888,852877,852870,839745
4,853040,853109,853100,853094,839966
2,853290,853329,853323,853318,840188
10,853560,853550,853546,853542,840409
7,853760,853770,853769,853767,840630
9,853970,853991,853992,853991,840852
6,854240,854212,854215,854215,841073
5,854470,854432,854438,854439,841294
8,854670,854653,854660,854663,841515
3,854870,854873,854883,854888,841737
1,855080,855094,855106,855112,841958
2,855310,855315,855329,855336,842179
4,855510,855535,855552,855560,842400
10,855810,855756,855775,855784,842622
9,856290,856262,856234,856249,843064
7,856520,856483,856457,856472,843286
5,856680,856704,856680,856695,843507
6,856940,856925,856904,856918,843728
3,857230,857146,857127,857141,843949
8,857330,857367,857350,857364,844171
2,857650,857589,857573,857587,844392
1,857810,857810,857796,857810,844613
4,858020,858031,858020,858033,844835
10,858180,858252,858243,858256,845056
9,858460,858473,858466,858479,845277
5,858690,858694,858689,858702,845498
7,858930,858915,858912,858925,845720
3,859180,859136,859135,859148,845941
6,859390,859357,859359,859371,846162
2,859660,859578,859582,859594,846383
8,859740,859799,859805,859817,846605
4,859930,860020,860028,860040,846826
1,860200,860241,860251,860263,847047
10,860520,860462,860474,860486,847269
5,860910,860940,860894,860884,847711
9,861190,861156,861116,861106,847932
3,861350,861372,861338,861327,848154
7,861560,861588,861561,861549,848375
2,861880,861803,861783,861770,848596
6,862090,862019,862005,861992,848818
4,862300,862235,862227,862213,849039
8,862420,862451,862450,862434,849260
1,862430,862667,862672,862656,849481
10,862850,862883,862894,862877,849703
5,863150,863098,863116,863099,849924
3,863360,863314,863339,863320,850145
9,863560,863530,863561,863542,850366
2,863820,863746,863783,863763,850588
7,863990,863962,864005,863984,850809
4,864270,864178,864228,864206,851030
1,864290,864393,864450,864427,851252
6,864480,864609,864672,864649,851473
8,864770,864825,864894,864870,851694
10,865090,865041,865117,865092,851915
3,865600,865554,865542,865518,852358
5,865790,865773,865764,865741,852579
2,866030,865991,865985,865964,852800
9,866270,866210,866207,866187,853022
4,866450,866428,866429,866409,853243
7,866670,866646,866650,866632,853464
1,866760,866865,866872,866855,853686
6,867100,867083,867093,867078,853907
8,867300,867302,867315,867300,854128
10,867440,867520,867537,867523,854349
3,867730,867739,867758,867746,854571
2,867980,867957,867980,867969,854792
5,868170,868175,868202,868191,855013
4,868380,868394,868423,868414,855235
9,868560,868612,868645,868637,855456
1,868890,868831,868866,868860,855677
7,869060,869049,869088,869082,855898
8,869250,869268,869310,869305,856120
6,869500,869486,869531,869528,856341
10,869760,869705,869753,869751,856562
2,870160,870202,870200,870179,857005
3,870420,870424,870422,870403,857226
4,870620,870646,870644,870627,857447
5,870830,870868,870866,870852,857669
1,871160,871090,871088,871076,857890
9,871340,871312,871309,871300,858111
8,871500,871534,871531,871525,858332
7,871730,871756,871753,871749,858554
6,872040,871978,871975,871973,858775
10,872180,872200,872196,872197,858996
2,872390,872422,872418,872422,859218
4,872550,872644,872640,872646,859439
3,872820,872866,872862,872870,859660
1,873280,873088,873084,873094,859881
5,873290,873310,873305,873319,860103
8,873470,873532,873527,873543,860324
9,873700,873754,873749,873767,860545
6,873970,873976,873971,873992,860766
7,874180,874198,874193,874216,860988
10,874560,874420,874414,874440,861209
4,874870,874911,874884,874888,861652
2,875060,875133,875107,875112,861873
1,875480,875355,875329,875337,862094
3,875640,875577,875552,875561,862315
8,875710,875799,875775,875785,862537
5,875980,876022,875997,876010,862758
6,876260,876244,876220,876234,862979
9,876500,876466,876442,876459,863201
7,876650,876688,876665,876683,863422
10,876960,876910,876887,876908,863643
4,877130,877132,877110,877132,863864
1,877390,877354,877332,877357,864086
2,877640,877576,877555,877581,864307
8,877750,877798,877777,877806,864528
3,877920,878021,878000,878030,864749
6,878220,878243,878222,878255,864971
5,878430,878465,878445,878479,865192
7,878700,878687,878667,878703,865413
9,878890,878909,878890,878928,865635
10,879220,879131,879113,879152,865856
1,879670,879614,879572,879578,866298
4,879860,879834,879795,879801,866520
2,880000,880054,880018,880025,866741
3,880230,880274,880241,880249,866962
8,880420,880494,880464,880472,867184
5,880690,880715,880687,880696,867405
6,880950,880935,880910,880920,867626
9,881180,881155,881132,881144,867847
7,881400,881375,881355,881367,868069
10,881580,881595,881578,881591,868290
1,881910,881816,881801,881815,868511
2,882140,882036,882024,882039,868732
4,882200,882256,882247,882262,868954
8,882450,882476,882470,882486,869175
3,882620,882696,882693,882710,869396
6,882870,882917,882916,882934,869618
5,883110,883137,883138,883157,869839
7,883310,883357,883361,883381,870060
9,883560,883577,883584,883605,870281
10,883910,883797,883807,883828,870503
2,884300,884292,884258,884262,870945
1,884530,884512,884481,884485,871166
4,884720,884732,884704,884708,871388
3,884970,884952,884927,884932,871609
8,885140,885172,885150,885155,871830
5,885400,885392,885373,885378,872052
6,885650,885612,885596,885601,872273
9,885860,885832,885819,885825,872494
7,886020,886052,886042,886048,872715
10,886290,886272,886265,886271,872937
2,886490,886492,886488,886495,873158
4,886710,886712,886711,886718,873379
1,886930,886932,886934,886941,873601
8,887160,887152,887157,887165,873822
3,887360,887372,887380,887388,874043
6,887560,887592,887603,887611,874264
5,887800,887812,887826,887834,874486
7,887990,888032,888049,888058,874707
9,888220,888252,888272,888281,874928
10,888560,888472,888495,888504,875149
4,888990,888958,888935,888929,875592
2,889230,889178,889158,889152,875813
8,889400,889398,889381,889375,876035
1,889550,889619,889603,889598,876256
6,889770,889839,889826,889821,876477
3,890050,890059,890049,890044,876698
7,890260,890279,890272,890267,876920
5,890490,890500,890495,890490,877141
9,890730,890720,890717,890713,877362
10,890890,890940,890940,890936,877584
4,891150,891161,891163,891160,877805
8,891440,891381,891386,891383,878026
2,891640,891601,891609,891606,878247
6,891810,891822,891831,891829,878469
1,892040,892042,892054,892052,878690
7,892230,892262,892277,892275,878911
3,892450,892483,892500,892498,879132
9,892700,892703,892722,892721,879354
5,892900,892923,892945,892944,879575
10,893240,893143,893168,893167,879796
8,893610,893624,893607,893602,880239
4,893790,893845,893830,893824,880460
6,894030,894066,894052,894047,880681
2,894340,894286,894275,894270,880903
7,894510,894507,894498,894492,881124
1,894730,894728,894720,894715,881345
9,895000,894948,894943,894938,881567
3,895140,895169,895165,895160,881788
5,895330,895390,895388,895383,882009
10,895660,895610,895610,895606,882230
8,895830,895831,895833,895828,882452
6,896030,896052,896056,896051,882673
4,896220,896272,896278,896274,882894
7,896470,896493,896501,896496,883115
2,896720,896713,896723,896719,883337
9,896970,896934,896946,896942,883558
1,897110,897155,897169,897164,883779
5,897330,897375,897391,897387,884001
3,897540,897596,897614,897610,884222
10,897980,897817,897836,897832,884443
6,898260,898290,898267,898244,884886
8,898480,898509,898489,898467,885107
7,898740,898728,898711,898690,885328
4,898930,898947,898933,898914,885550
9,899200,899166,899155,899137,885771
2,899490,899385,899377,899361,885992
5,899530,899604,899599,899584,886213
1,899790,899823,899821,899807,886435
3,899960,900042,900043,900031,886656
10,900310,900261,900266,900254,886877
6,900500,900480,900488,900478,887098
7,900700,900699,900710,900701,887320
8,900920,900918,900932,900925,887541
9,901160,901137,901154,901148,887762
4,901260,901356,901376,901371,887984
5,901530,901575,901598,901595,888205
2,901800,901794,901820,901818,888426
3,901990,902012,902042,902042,888647
1,902180,902231,902265,902265,888869
10,902590,902450,902487,902488,889090
7,903010,902954,902943,902939,889532
6,903220,903176,903165,903163,889754
9,903400,903398,903388,903387,889975
8,903620,903620,903610,903611,890196
5,903810,903842,903833,903835,890418
4,904010,904064,904055,904059,890639
3,904280,904285,904278,904283,890860
2,904550,904507,904500,904507,891081
1,904750,904729,904723,904731,891303
10,904890,904951,904945,904955,891524
7,905170,905173,905167,905178,891745
9,905420,905395,905390,905402,891967
6,905670,905617,905612,905626,892188
5,905860,905839,905835,905850,892409
8,906050,906061,906057,906074,892630
3,906240,906283,906280,906298,892852
4,906450,906505,906502,906522,893073
1,906700,906727,906724,906746,893294
2,906980,906949,906947,906970,893515
10,907250,907171,907169,907194,893737
9,907700,907659,907617,907613,894179
7,907910,907877,907840,907837,894401
5,908090,908096,908062,908060,894622
6,908390,908314,908284,908284,894843
3,908620,908533,908507,908507,895064
8,908740,908751,908729,908731,895286
1,908900,908969,908952,908954,895507
4,909090,909188,909174,909177,895728
2,909280,909406,909396,909401,895950
10,909610,909625,909619,909624,896171
9,909900,909843,909841,909848,896392
5,910110,910062,910064,910071,896613
7,910330,910280,910286,910295,896835
3,910590,910499,910508,910518,897056
6,910780,910717,910731,910741,897277
1,910940,910936,910953,910965,897498
8,911100,911154,911176,911188,897720
2,911250,911373,911398,911412,897941
4,911510,911591,911620,911635,898162
10,911880,911809,911843,911859,898384
5,912330,912325,912295,912296,898826
9,912640,912544,912517,912519,899047
3,912790,912764,912739,912742,899269
7,913010,912983,912962,912966,899490
1,913210,913202,913184,913189,899711
6,913520,913422,913407,913412,899933
2,913700,913641,913629,913635,900154
8,913800,913861,913852,913859,900375
4,913960,914080,914074,914082,900596
10,914240,914299,914297,914305,900818
5,914580,914519,914519,914529,901039
3,914760,914738,914742,914752,901260
9,914970,914958,914964,914975,901481
1,915150,915177,915187,915199,901703
7,915400,915397,915409,915422,901924
2,915640,915616,915632,915645,902145
6,915850,915835,915854,915868,902367
4,916000,916055,916077,916092,902588
8,916240,916274,916299,916315,902809
10,916550,916494,916522,916538,903030
3,917020,916992,916966,916958,903473
5,917210,917212,917189,917182,903694
1,917490,917432,917411,917405,903916
9,917680,917651,917633,917628,904137
2,917850,917871,917856,917852,904358
7,918080,918091,918078,918075,904579
4,918240,918311,918301,918299,904801
6,918500,918530,918523,918522,905022
8,918770,918750,918745,918745,905243
10,918970,918970,918968,918969,905464
3,919170,919190,919190,919192,905686
1,919440,919409,919413,919416,905907
5,919630,919629,919635,919639,906128
2,919870,919849,919857,919862,906350
9,920050,920069,920080,920086,906571
4,920240,920288,920302,920309,906792
7,920490,920508,920525,920533,907013
8,920720,920728,920747,920756,907235
6,920920,920948,920969,920979,907456
10,921270,921167,921192,921203,907677
1,921730,921676,921644,921647,908120
3,921910,921896,921866,921870,908341
2,922130,922115,922089,922093,908562
5,922370,922335,922311,922316,908784
4,922600,922554,922534,922539,909005
9,922770,922774,922756,922762,909226
8,922980,922993,922979,922985,909447
7,923220,923213,923201,923208,909669
6,923450,923432,923424,923431,909890
10,923670,923652,923646,923654,910111
1,923920,923871,923869,923878,910333
2,924010,924091,924091,924101,910554
3,924260,924310,924314,924324,910775
4,924490,924530,924536,924547,910996
5,924760,924749,924759,924770,911218
8,924930,924969,924981,924993,911439
9,925160,925188,925204,925216,911660
6,925360,925408,925426,925439,911881
7,925620,925627,925649,925662,912103
10,925980,925847,925871,925885,912324
2,926240,926331,926308,926296,912767
1,926500,926551,926530,926519,912988
3,926810,926770,926752,926742,913209
5,927000,926990,926975,926965,913430
4,927220,927210,927197,927187,913652
9,927440,927429,927419,927410,913873
8,927640,927649,927641,927633,914094
7,927820,927869,927864,927856,914316
6,928080,928089,928086,928079,914537
10,928310,928308,928308,928302,914758
2,928440,928528,928530,928524,914979
3,928850,928748,928753,928747,915201
1,929010,928968,928975,928970,915422
4,929190,929187,929197,929193,915643
5,929390,929407,929419,929416,915864
8,929600,929627,929642,929639,916086
9,929850,929847,929864,929861,916307
6,930010,930066,930086,930084,916528
7,930280,930286,930308,930307,916750
10,930580,930506,930531,930530,916971
3,931050,931008,930977,930971,917413
2,931290,931227,931199,931194,917635
4,931450,931446,931421,931417,917856
1,931700,931665,931643,931640,918077
8,931860,931884,931866,931864,918299
5,932040,932103,932088,932087,918520
6,932290,932322,932310,932310,918741
9,932560,932541,932532,932533,918962
7,932740,932760,932754,932757,919184
10,932970,932980,932977,932980,919405
3,933220,933199,933199,933203,919626
4,933430,933418,933421,933426,919847
2,933700,933637,933643,933650,920069
8,933890,933856,933865,933873,920290
1,934030,934075,934088,934096,920511
6,934260,934294,934310,934319,920733
5,934450,934513,934532,934543,920954
7,934700,934732,934754,934766,921175
9,934950,934952,934976,934989,921396
10,935250,935171,935199,935212,921618
4,935690,935670,935643,935642,922060
3,935940,935889,935865,935864,922282
8,936120,936109,936087,936087,922503
2,936330,936328,936309,936309,922724
6,936560,936548,936532,936531,922945
1,936710,936767,936754,936754,923167
7,936980,936987,936976,936976,923388
5,937190,937206,937198,937199,923609
9,937420,937426,937420,937421,923830
10,937630,937645,937642,937644,924052
4,937850,937865,937865,937866,924273
8,938100,938084,938087,938089,924494
3,938290,938303,938309,938311,924716
6,938510,938523,938531,938534,924937
2,938730,938742,938753,938756,925158
7,938950,938962,938975,938979,925379
1,939140,939181,939197,939201,925601
9,939380,939401,939420,939423,925822
5,939650,939620,939642,939646,926043
10,939930,939840,939864,939868,926264
8,940310,940323,940299,940287,926707
4,940500,940542,940521,940509,926928
6,940740,940761,940743,940732,927150
3,941010,940981,940965,940954,927371
7,941230,941200,941187,941177,927592
2,941420,941419,941409,941399,927813
9,941680,941638,941631,941622,928035
1,941730,941858,941853,941845,928256
5,942020,942077,942075,942067,928477
10,942330,942296,942296,942290,928699
8,942520,942515,942518,942512,928920
6,942740,942735,942740,942735,929141
4,942920,942954,942962,942957,929362
7,943160,943173,943184,943180,929584
3,943410,943392,943406,943403,929805
9,943630,943612,943628,943625,930026
2,943780,943831,943850,943848,930247
5,944070,944050,944071,944070,930469
1,944260,944269,944293,944293,930690
10,944560,944489,944515,944515,930911
6,944970,944979,944960,944944,931354
8,945200,945199,945182,945167,931575
7,945430,945419,945404,945391,931796
4,945630,945640,945626,945615,932018
9,945890,945860,945848,945839,932239
3,946060,946080,946070,946063,932460
5,946280,946300,946292,946286,932682
2,946490,946521,946513,946510,932903
1,946660,946741,946735,946734,933124
10,946980,946961,946957,946958,933345
6,947230,947182,947179,947181,933567
7,947390,947402,947401,947405,933788
8,947630,947622,947623,947629,934009
9,947870,947842,947845,947853,934230
4,948010,948063,948067,948076,934452
5,948280,948283,948289,948300,934673
3,948510,948503,948510,948524,934894
1,948690,948724,948732,948748,935116
2,948940,948944,948954,948972,935337
10,949250,949164,949176,949195,935558
7,949690,949664,949638,949637,936001
6,949900,949885,949860,949861,936222
9,950110,950106,950082,950085,936443
8,950310,950327,950305,950309,936665
5,950530,950548,950527,950533,936886
4,950760,950769,950749,950757,937107
1,951120,950990,950972,950981,937328
3,951250,951211,951194,951205,937550
2,951340,951432,951416,951429,937771
10,951610,951653,951639,951653,937992
7,951840,951874,951861,951878,938213
9,952100,952095,952084,952102,938435
6,952320,952316,952306,952326,938656
5,952580,952536,952528,952550,938877
8,952740,952757,952751,952774,939099
1,952980,952978,952973,952998,939320
4,953190,953199,953195,953222,939541
2,953440,953420,953418,953446,939762
3,953590,953641,953640,953670,939984
10,953910,953862,953862,953894,940205
9,954430,954359,954320,954331,940648
7,954600,954579,954542,954554,940869
5,954800,954798,954765,954777,941090
6,955070,955018,954987,954999,941311
1,955290,955237,955210,955222,941533
8,955440,955457,955433,955445,941754
2,955570,955677,955655,955668,941975
4,955820,955896,955878,955890,942196
3,956040,956116,956100,956113,942418
10,956270,956335,956323,956336,942639
9,956590,956555,956546,956558,942860
5,956810,956775,956768,956781,943082
7,957050,956994,956991,957004,943303
1,957230,957214,957214,957226,943524
6,957440,957433,957436,957449,943745
8,957840,957653,957659,957672,943967
2,957940,957873,957881,957895,944188
3,957950,958092,958104,958117,944409
4,958240,958312,958327,958340,944630
10,958520,958531,958549,958563,944852
5,959020,959025,958982,958981,945294
9,959280,959242,959204,959202,945516
1,959440,959459,959426,959424,945737
7,959690,959675,959648,959646,945958
2,960070,959892,959870,959867,946179
6,960170,960109,960092,960089,946401
3,960310,960326,960314,960310,946622
8,960440,960543,960537,960532,946843
4,960650,960759,960759,960753,947065
10,960930,960976,960981,960975,947286
5,961190,961193,961203,961196,947507
1,961390,961410,961425,961418,947728
9,961620,961627,961647,961639,947950
2,961890,961843,961869,961861,948171
7,962110,962060,962091,962082,948392
3,962270,962277,962313,962304,948613
6,962470,962494,962535,962525,948835
4,962710,962711,962758,962747,949056
8,962880,962927,962980,962969,949277
10,963180,963144,963202,963190,949499
1,963630,963646,963627,963609,949941
5,963870,963864,963849,963831,950162
9,964100,964082,964070,964053,950384
7,964300,964300,964292,964275,950605
2,964540,964518,964513,964497,950826
6,964740,964736,964735,964719,951048
3,965000,964954,964956,964941,951269
8,965160,965172,965178,965163,951490
4,965340,965390,965399,965385,951711
10,965560,965608,965621,965607,951933
1,965800,965826,965842,965829,952154
9,966050,966044,966064,966051,952375
5,966270,966263,966285,966273,952596
2,966510,966481,966507,966495,952818
7,966690,966699,966728,966717,953039
3,966960,966917,966950,966939,953260
6,967100,967135,967171,967161,953482
4,967340,967353,967393,967383,953703
8,967540,967571,967614,967605,953924
10,967860,967789,967836,967827,954145
9,968360,968296,968275,968262,954588
1,968480,968514,968496,968485,954809
5,968730,968733,968717,968707,955031
7,968970,968952,968939,968930,955252
2,969170,969170,969160,969152,955473
6,969390,969389,969381,969375,955694
3,969650,969608,969603,969597,955916
8,969810,969827,969824,969820,956137
4,969940,970045,970045,970042,956358
10,970200,970264,970267,970265,956579
9,970550,970483,970488,970487,956801
5,970710,970701,970709,970710,957022
1,970990,970920,970930,970932,957243
2,971210,971139,971152,971155,957465
7,971390,971357,971373,971377,957686
3,971610,971576,971594,971600,957907
6,971770,971795,971816,971822,958128
4,971940,972013,972037,972045,958350
8,972160,972232,972258,972267,958571
10,972490,972451,972480,972490,958792
5,972890,972944,972924,972915,959235
9,973200,973164,973145,973138,959456
2,973360,973383,973367,973360,959677
1,973670,973603,973588,973583,959899
3,973870,973823,973809,973805,960120
7,974090,974042,974031,974028,960341
4,974160,974262,974252,974250,960562
6,974420,974482,974473,974472,960784
8,974630,974701,974695,974695,961005
10,974850,974921,974916,974917,961226
5,975150,975141,975138,975140,961448
2,975380,975360,975359,975362,961669
9,975580,975580,975580,975585,961890
3,975810,975800,975802,975807,962111
1,976070,976020,976023,976029,962333
4,976240,976239,976244,976252,962554
7,976490,976459,976466,976474,962775
8,976660,976679,976687,976697,962996
6,976910,976898,976908,976919,963218
10,977140,977118,977130,977142,963439
2,977660,977605,977577,977567,963882
5,977830,977824,977798,977790,964103
3,978040,978044,978020,978013,964324
9,978250,978263,978241,978236,964545
4,978430,978482,978463,978459,964767
1,978640,978701,978684,978682,964988
8,978880,978921,978906,978905,965209
7,979160,979140,979127,979128,965431
6,979410,979359,979348,979351,965652
10,979570,979578,979570,979574,965873
2,979780,979798,979791,979796,966094
3,980040,980017,980013,980019,966316
5,980230,980236,980234,980242,966537
4,980440,980455,980456,980465,966758
9,980630,980675,980677,980688,966979
8,980910,980894,980899,980911,967201
1,981040,981113,981120,981134,967422
6,981280,981332,981341,981357,967643
7,981570,981552,981563,981580,967865
10,981910,981771,981784,981803,968086
3,982340,982270,982240,982244,968528
2,982530,982490,982462,982466,968750
4,982670,982710,982684,982689,968971
5,982900,982929,982906,982912,969192
8,983130,983149,983127,983134,969414
9,983390,983369,983349,983357,969635
6,983580,983589,983571,983580,969856
1,983750,983808,983793,983802,970077
7,984030,984028,984014,984025,970299
10,984240,984248,984236,984248,970520
3,984490,984468,984458,984470,970741
4,984670,984688,984680,984693,970962
2,984930,984907,984902,984916,971184
8,985120,985127,985123,985138,971405
5,985390,985347,985345,985361,971626
6,985550,985567,985567,985584,971848
9,985810,985786,985789,985806,972069
7,985970,986006,986010,986029,972290
1,986180,986226,986232,986252,972511
10,986510,986446,986454,986474,972733
4,986920,986931,986896,986890,973175
3,987170,987149,987118,987113,973397
8,987400,987368,987340,987335,973618
2,987610,987586,987561,987557,973839
6,987750,987804,987783,987780,974060
5,988070,988023,988005,988002,974282
7,988220,988241,988226,988225,974503
9,988480,988460,988448,988447,974724
1,988580,988678,988670,988669,974945
10,988840,988897,988891,988892,975167
4,989080,989115,989113,989114,975388
8,989360,989333,989335,989337,975609
3,989560,989552,989556,989559,975831
6,989750,989770,989778,989781,976052
2,990020,989989,990000,990004,976273
7,990190,990207,990221,990226,976494
5,990470,990426,990443,990449,976716
1,990600,990644,990665,990671,976937
9,990810,990862,990886,990893,977158
10,991180,991081,991108,991116,977380
8,991540,991571,991556,991540,977822
4,991730,991792,991778,991764,978043
6,991990,992013,992000,991988,978265
3,992250,992234,992221,992212,978486
7,992450,992455,992443,992435,978707
2,992710,992675,992665,992659,978928
1,992920,992896,992887,992883,979150
5,993080,993117,993109,993107,979371
9,993350,993338,993331,993331,979592
10,993550,993559,993552,993555,979814
8,993780,993779,993774,993778,980035
6,994020,994000,993996,994002,980256
4,994210,994221,994218,994226,980477
7,994430,994442,994440,994450,980699
3,994620,994663,994661,994674,980920
1,994900,994883,994883,994898,981141
2,995140,995104,995105,995121,981362
9,995320,995325,995327,995345,981584
5,995480,995546,995549,995569,981805
10,995860,995767,995771,995793,982026
6,996260,996264,996237,996240,982469
8,996450,996485,996460,996464,982690
7,996740,996707,996682,996688,982911
4,996890,996928,996905,996913,983133
1,997230,997150,997127,997137,983354
3,997400,997371,997350,997361,983575
9,997610,997593,997572,997585,983797
2,997790,997815,997794,997809,984018
5,998000,998036,998017,998034,984239
10,998230,998258,998239,998258,984460
6,998500,998479,998462,998482,984682
7,998710,998701,998684,998706,984903
8,998920,998922,998907,998931,985124
1,999220,999144,999129,999155,985345
4,999320,999366,999352,999379,985567
9,999610,999587,999574,999603,985788
3,999740,999809,999797,999827,986009
5,1000010,1.00003e+06,1.00002e+06,1.00005e+06,986231
2,1000260,1.00025e+06,1.00024e+06,1.00028e+06,986452
10,1000510,1.00047e+06,1.00046e+06,1.0005e+06,986673
7,1000970,1.00096e+06,1.00092e+06,1.00093e+06,987116
6,1001210,1.00118e+06,1.00114e+06,1.00115e+06,987337
1,1001470,1.0014e+06,1.00137e+06,1.00137e+06,987558
8,1001630,1.00162e+06,1.00159e+06,1.0016e+06,987780
9,1001900,1.00184e+06,1.00181e+06,1.00182e+06,988001
4,1002000,1.00206e+06,1.00203e+06,1.00204e+06,988222
5,1002210,1.00228e+06,1.00226e+06,1.00227e+06,988443
3,1002450,1.0025e+06,1.00248e+06,1.00249e+06,988665
2,1002620,1.00272e+06,1.0027e+06,1.00271e+06,988886
10,1002870,1.00294e+06,1.00293e+06,1.00294e+06,989107
7,1003190,1.00316e+06,1.00315e+06,1.00316e+06,989328
1,1003440,1.00338e+06,1.00337e+06,1.00338e+06,989550
6,1003650,1.0036e+06,1.00359e+06,1.00361e+06,989771
9,1003850,1.00382e+06,1.00382e+06,1.00383e+06,989992
8,1004100,1.00404e+06,1.00404e+06,1.00406e+06,990214
5,1004290,1.00426e+06,1.00426e+06,1.00428e+06,990435
4,1004460,1.00448e+06,1.00449e+06,1.0045e+06,990656
2,1004670,1.0047e+06,1.00471e+06,1.00473e+06,990877
3,1004820,1.00492e+06,1.00493e+06,1.00495e+06,991099
10,1005190,1.00514e+06,1.00515e+06,1.00517e+06,991320
1,1005730,1.00563e+06,1.0056e+06,1.00561e+06,991763
7,1005850,1.00585e+06,1.00583e+06,1.00583e+06,991984
6,1006080,1.00607e+06,1.00605e+06,1.00606e+06,992205
8,1006280,1.00629e+06,1.00627e+06,1.00628e+06,992426
9,1006560,1.00651e+06,1.00649e+06,1.0065e+06,992648
4,1006670,1.00673e+06,1.00672e+06,1.00672e+06,992869
5,1006900,1.00695e+06,1.00694e+06,1.00695e+06,993090
3,1007120,1.00717e+06,1.00716e+06,1.00717e+06,993311
2,1007410,1.00739e+06,1.00738e+06,1.00739e+06,993533
10,1007620,1.00761e+06,1.00761e+06,1.00761e+06,993754
1,1007860,1.00783e+06,1.00783e+06,1.00783e+06,993975
6,1008010,1.00805e+06,1.00805e+06,1.00806e+06,994197
7,1008260,1.00827e+06,1.00828e+06,1.00828e+06,994418
9,1008510,1.00849e+06,1.0085e+06,1.0085e+06,994639
8,1008760,1.00871e+06,1.00872e+06,1.00872e+06,994860
5,1008940,1.00893e+06,1.00894e+06,1.00895e+06,995082
4,1009130,1.00915e+06,1.00917e+06,1.00917e+06,995303
2,1009350,1.00937e+06,1.00939e+06,1.00939e+06,995524
3,1009530,1.00959e+06,1.00961e+06,1.00961e+06,995746
10,1009900,1.00981e+06,1.00983e+06,1.00983e+06,995967
6,1010220,1.01026e+06,1.01026e+06,1.01023e+06,996409
1,1010370,1.01049e+06,1.01048e+06,1.01045e+06,996631
7,1010620,1.01071e+06,1.0107e+06,1.01068e+06,996852
8,1010860,1.01093e+06,1.01093e+06,1.0109e+06,997073
9,1011160,1.01115e+06,1.01115e+06,1.01112e+06,997294
4,1011290,1.01137e+06,1.01137e+06,1.01135e+06,997516
5,1011600,1.01159e+06,1.01159e+06,1.01157e+06,997737
3,1011820,1.01181e+06,1.01181e+06,1.01179e+06,997958
2,1012080,1.01203e+06,1.01204e+06,1.01202e+06,998180
10,1012340,1.01225e+06,1.01226e+06,1.01224e+06,998401
6,1012460,1.01248e+06,1.01248e+06,1.01246e+06,998622
7,1012650,1.0127e+06,1.0127e+06,1.01269e+06,998843
1,1012820,1.01292e+06,1.01293e+06,1.01291e+06,999065
9,1013130,1.01314e+06,1.01315e+06,1.01313e+06,999286
8,1013350,1.01336e+06,1.01337e+06,1.01335e+06,999507
5,1013600,1.01358e+06,1.01359e+06,1.01358e+06,999728
4,1013780,1.0138e+06,1.01381e+06,1.0138e+06,999950
2,1014040,1.01402e+06,1.01404e+06,1.01402e+06,1.00017e+06
3,1014210,1.01424e+06,1.01426e+06,1.01425e+06,1.00039e+06
10,1014610,1.01446e+06,1.01448e+06,1.01447e+06,1.00061e+06
7,1014970,1.01495e+06,1.01494e+06,1.01492e+06,1.00106e+06
6,1015200,1.01517e+06,1.01516e+06,1.01515e+06,1.00128e+06
9,1015430,1.01539e+06,1.01538e+06,1.01537e+06,1.0015e+06
1,1015590,1.01562e+06,1.0156e+06,1.0156e+06,1.00172e+06
5,1015830,1.01584e+06,1.01583e+06,1.01582e+06,1.00194e+06
8,1016050,1.01606e+06,1.01605e+06,1.01605e+06,1.00216e+06
2,1016270,1.01628e+06,1.01627e+06,1.01627e+06,1.00238e+06
4,1016430,1.0165e+06,1.0165e+06,1.0165e+06,1.00261e+06
3,1016630,1.01673e+06,1.01672e+06,1.01672e+06,1.00283e+06
10,1016990,1.01695e+06,1.01694e+06,1.01695e+06,1.00305e+06
7,1017190,1.01717e+06,1.01716e+06,1.01717e+06,1.00327e+06
9,1017410,1.01739e+06,1.01739e+06,1.0174e+06,1.00349e+06
6,1017670,1.01762e+06,1.01761e+06,1.01762e+06,1.00371e+06
5,1017850,1.01784e+06,1.01783e+06,1.01785e+06,1.00393e+06
1,1018090,1.01806e+06,1.01805e+06,1.01807e+06,1.00415e+06
2,1018290,1.01828e+06,1.01828e+06,1.0183e+06,1.00438e+06
8,1018520,1.0185e+06,1.0185e+06,1.01852e+06,1.0046e+06
3,1018640,1.01873e+06,1.01872e+06,1.01875e+06,1.00482e+06
4,1018880,1.01895e+06,1.01894e+06,1.01897e+06,1.00504e+06
10,1019280,1.01917e+06,1.01917e+06,1.0192e+06,1.00526e+06
9,1019690,1.01966e+06,1.01963e+06,1.01964e+06,1.0057e+06
7,1019910,1.01988e+06,1.01985e+06,1.01986e+06,1.00592e+06
5,1020120,1.0201e+06,1.02007e+06,1.02009e+06,1.00615e+06
6,1020440,1.02033e+06,1.0203e+06,1.02031e+06,1.00637e+06
2,1020540,1.02055e+06,1.02052e+06,1.02053e+06,1.00659e+06
1,1020780,1.02077e+06,1.02074e+06,1.02076e+06,1.00681e+06
3,1020960,1.02099e+06,1.02097e+06,1.02098e+06,1.00703e+06
8,1021180,1.02121e+06,1.02119e+06,1.02121e+06,1.00725e+06
4,1021310,1.02143e+06,1.02141e+06,1.02143e+06,1.00747e+06
10,1021670,1.02165e+06,1.02164e+06,1.02165e+06,1.00769e+06
9,1021890,1.02187e+06,1.02186e+06,1.02188e+06,1.00792e+06
5,1022150,1.02209e+06,1.02208e+06,1.0221e+06,1.00814e+06
7,1022360,1.02231e+06,1.0223e+06,1.02232e+06,1.00836e+06
2,1022570,1.02253e+06,1.02253e+06,1.02255e+06,1.00858e+06
6,1022750,1.02275e+06,1.02275e+06,1.02277e+06,1.0088e+06
3,1022950,1.02297e+06,1.02297e+06,1.02299e+06,1.00902e+06
1,1023120,1.02319e+06,1.0232e+06,1.02322e+06,1.00924e+06
4,1023370,1.02341e+06,1.02342e+06,1.02344e+06,1.00946e+06
8,1023590,1.02364e+06,1.02364e+06,1.02366e+06,1.00969e+06
10,1023930,1.02386e+06,1.02387e+06,1.02389e+06,1.00991e+06
5,1024350,1.02434e+06,1.0243e+06,1.02431e+06,1.01035e+06
9,1024610,1.02456e+06,1.02452e+06,1.02453e+06,1.01057e+06
2,1024750,1.02478e+06,1.02475e+06,1.02475e+06,1.01079e+06
7,1025030,1.02499e+06,1.02497e+06,1.02497e+06,1.01101e+06
3,1025260,1.02521e+06,1.02519e+06,1.02519e+06,1.01123e+06
6,1025460,1.02543e+06,1.02542e+06,1.02541e+06,1.01146e+06
4,1025650,1.02565e+06,1.02564e+06,1.02564e+06,1.01168e+06
1,1025800,1.02587e+06,1.02586e+06,1.02586e+06,1.0119e+06
8,1026020,1.02609e+06,1.02608e+06,1.02608e+06,1.01212e+06
10,1026260,1.0263e+06,1.02631e+06,1.0263e+06,1.01234e+06
5,1026530,1.02652e+06,1.02653e+06,1.02652e+06,1.01256e+06
2,1026790,1.02674e+06,1.02675e+06,1.02675e+06,1.01278e+06
9,1026930,1.02696e+06,1.02697e+06,1.02697e+06,1.01301e+06
3,1027190,1.02718e+06,1.0272e+06,1.02719e+06,1.01323e+06
7,1027440,1.02739e+06,1.02742e+06,1.02741e+06,1.01345e+06
4,1027610,1.02761e+06,1.02764e+06,1.02763e+06,1.01367e+06
6,1027820,1.02783e+06,1.02786e+06,1.02786e+06,1.01389e+06
8,1028080,1.02805e+06,1.02809e+06,1.02808e+06,1.01411e+06
1,1028150,1.02827e+06,1.02831e+06,1.0283e+06,1.01433e+06
10,1028530,1.02848e+06,1.02853e+06,1.02852e+06,1.01455e+06
2,1028980,1.02897e+06,1.02896e+06,1.02894e+06,1.015e+06
5,1029170,1.02919e+06,1.02918e+06,1.02916e+06,1.01522e+06
3,1029440,1.02941e+06,1.0294e+06,1.02938e+06,1.01544e+06
9,1029680,1.02963e+06,1.02962e+06,1.0296e+06,1.01566e+06
4,1029820,1.02985e+06,1.02984e+06,1.02983e+06,1.01588e+06
7,1030080,1.03007e+06,1.03006e+06,1.03005e+06,1.0161e+06
8,1030290,1.03028e+06,1.03029e+06,1.03027e+06,1.01632e+06
6,1030570,1.0305e+06,1.03051e+06,1.03049e+06,1.01655e+06
1,1030680,1.03072e+06,1.03073e+06,1.03072e+06,1.01677e+06
10,1030910,1.03094e+06,1.03095e+06,1.03094e+06,1.01699e+06
2,1031160,1.03116e+06,1.03117e+06,1.03116e+06,1.01721e+06
3,1031350,1.03137e+06,1.0314e+06,1.03138e+06,1.01743e+06
5,1031580,1.03159e+06,1.03162e+06,1.0316e+06,1.01765e+06
4,1031790,1.03181e+06,1.03184e+06,1.03183e+06,1.01787e+06
9,1031980,1.03203e+06,1.03206e+06,1.03205e+06,1.01809e+06
8,1032280,1.03225e+06,1.03228e+06,1.03227e+06,1.01832e+06
7,1032510,1.03247e+06,1.03251e+06,1.03249e+06,1.01854e+06
1,1032570,1.03268e+06,1.03273e+06,1.03271e+06,1.01876e+06
6,1032900,1.0329e+06,1.03295e+06,1.03294e+06,1.01898e+06
10,1033230,1.03312e+06,1.03317e+06,1.03316e+06,1.0192e+06
3,1033670,1.03361e+06,1.03361e+06,1.03359e+06,1.01964e+06
2,1033830,1.03383e+06,1.03383e+06,1.03381e+06,1.01986e+06
4,1034050,1.03405e+06,1.03405e+06,1.03403e+06,1.02009e+06
5,1034250,1.03427e+06,1.03427e+06,1.03426e+06,1.02031e+06
8,1034440,1.03449e+06,1.03449e+06,1.03448e+06,1.02053e+06
9,1034700,1.03471e+06,1.03472e+06,1.0347e+06,1.02075e+06
1,1034890,1.03494e+06,1.03494e+06,1.03493e+06,1.02097e+06
7,1035170,1.03516e+06,1.03516e+06,1.03515e+06,1.02119e+06
6,1035380,1.03538e+06,1.03538e+06,1.03537e+06,1.02141e+06
10,1035610,1.0356e+06,1.0356e+06,1.0356e+06,1.02163e+06
3,1035860,1.03582e+06,1.03582e+06,1.03582e+06,1.02186e+06
4,1036070,1.03604e+06,1.03605e+06,1.03604e+06,1.02208e+06
2,1036310,1.03626e+06,1.03627e+06,1.03627e+06,1.0223e+06
8,1036440,1.03648e+06,1.03649e+06,1.03649e+06,1.02252e+06
5,1036670,1.0367e+06,1.03671e+06,1.03671e+06,1.02274e+06
1,1036860,1.03692e+06,1.03693e+06,1.03694e+06,1.02296e+06
9,1037080,1.03714e+06,1.03715e+06,1.03716e+06,1.02318e+06
6,1037330,1.03736e+06,1.03738e+06,1.03738e+06,1.02341e+06
7,1037610,1.03758e+06,1.0376e+06,1.0376e+06,1.02363e+06
10,1037920,1.0378e+06,1.03782e+06,1.03783e+06,1.02385e+06
4,1038320,1.03829e+06,1.03827e+06,1.03827e+06,1.02429e+06
3,1038540,1.03851e+06,1.0385e+06,1.03849e+06,1.02451e+06
8,1038720,1.03873e+06,1.03872e+06,1.03872e+06,1.02473e+06
2,1038940,1.03895e+06,1.03894e+06,1.03894e+06,1.02495e+06
1,1039190,1.03918e+06,1.03916e+06,1.03916e+06,1.02518e+06
5,1039350,1.0394e+06,1.03938e+06,1.03939e+06,1.0254e+06
6,1039610,1.03962e+06,1.03961e+06,1.03961e+06,1.02562e+06
9,1039850,1.03984e+06,1.03983e+06,1.03983e+06,1.02584e+06
7,1040020,1.04006e+06,1.04005e+06,1.04006e+06,1.02606e+06
10,1040260,1.04028e+06,1.04027e+06,1.04028e+06,1.02628e+06
4,1040450,1.0405e+06,1.04049e+06,1.0405e+06,1.0265e+06
8,1040750,1.04072e+06,1.04072e+06,1.04073e+06,1.02672e+06
3,1041000,1.04095e+06,1.04094e+06,1.04095e+06,1.02695e+06
1,1041200,1.04117e+06,1.04116e+06,1.04118e+06,1.02717e+06
2,1041430,1.04139e+06,1.04138e+06,1.0414e+06,1.02739e+06
6,1041600,1.04161e+06,1.0416e+06,1.04162e+06,1.02761e+06
5,1041820,1.04183e+06,1.04183e+06,1.04185e+06,1.02783e+06
7,1042030,1.04205e+06,1.04205e+06,1.04207e+06,1.02805e+06
9,1042250,1.04227e+06,1.04227e+06,1.04229e+06,1.02827e+06
10,1042530,1.0425e+06,1.04249e+06,1.04252e+06,1.02849e+06
8,1042970,1.04297e+06,1.04294e+06,1.04294e+06,1.02894e+06
4,1043150,1.04319e+06,1.04317e+06,1.04317e+06,1.02916e+06
1,1043480,1.04341e+06,1.04339e+06,1.04339e+06,1.02938e+06
3,1043690,1.04363e+06,1.04361e+06,1.04361e+06,1.0296e+06
6,1043830,1.04385e+06,1.04383e+06,1.04384e+06,1.02982e+06
2,1044060,1.04407e+06,1.04405e+06,1.04406e+06,1.03004e+06
7,1044270,1.04429e+06,1.04428e+06,1.04428e+06,1.03026e+06
5,1044510,1.04451e+06,1.0445e+06,1.0445e+06,1.03049e+06
9,1044740,1.04473e+06,1.04472e+06,1.04473e+06,1.03071e+06
10,1044920,1.04495e+06,1.04494e+06,1.04495e+06,1.03093e+06
8,1045200,1.04517e+06,1.04516e+06,1.04517e+06,1.03115e+06
1,1045400,1.04539e+06,1.04539e+06,1.0454e+06,1.03137e+06
4,1045580,1.04561e+06,1.04561e+06,1.04562e+06,1.03159e+06
6,1045830,1.04583e+06,1.04583e+06,1.04584e+06,1.03181e+06
3,1046040,1.04605e+06,1.04605e+06,1.04606e+06,1.03203e+06
7,1046220,1.04627e+06,1.04628e+06,1.04629e+06,1.03226e+06
2,1046480,1.04649e+06,1.0465e+06,1.04651e+06,1.03248e+06
9,1046690,1.04671e+06,1.04672e+06,1.04673e+06,1.0327e+06
5,1046960,1.04693e+06,1.04694e+06,1.04696e+06,1.03292e+06
10,1047200,1.04715e+06,1.04716e+06,1.04718e+06,1.03314e+06
1,1047630,1.04763e+06,1.04761e+06,1.04761e+06,1.03358e+06
8,1047870,1.04785e+06,1.04783e+06,1.04783e+06,1.03381e+06
4,1048050,1.04807e+06,1.04805e+06,1.04805e+06,1.03403e+06
3,1048330,1.04829e+06,1.04827e+06,1.04828e+06,1.03425e+06
6,1048510,1.04851e+06,1.0485e+06,1.0485e+06,1.03447e+06
2,1048750,1.04873e+06,1.04872e+06,1.04872e+06,1.03469e+06
7,1048950,1.04895e+06,1.04894e+06,1.04894e+06,1.03491e+06
5,1049180,1.04917e+06,1.04916e+06,1.04916e+06,1.03513e+06
9,1049410,1.04939e+06,1.04939e+06,1.04939e+06,1.03535e+06
10,1049590,1.04961e+06,1.04961e+06,1.04961e+06,1.03558e+06
1,1049810,1.04983e+06,1.04983e+06,1.04983e+06,1.0358e+06
4,1050000,1.05005e+06,1.05005e+06,1.05005e+06,1.03602e+06
8,1050230,1.05027e+06,1.05027e+06,1.05028e+06,1.03624e+06
6,1050480,1.05049e+06,1.0505e+06,1.0505e+06,1.03646e+06
3,1050700,1.05071e+06,1.05072e+06,1.05072e+06,1.03668e+06
7,1050910,1.05093e+06,1.05094e+06,1.05094e+06,1.0369e+06
2,1051200,1.05115e+06,1.05116e+06,1.05116e+06,1.03712e+06
9,1051360,1.05137e+06,1.05138e+06,1.05139e+06,1.03735e+06
5,1051580,1.05159e+06,1.05161e+06,1.05161e+06,1.03757e+06
10,1051860,1.05181e+06,1.05183e+06,1.05183e+06,1.03779e+06
4,1052260,1.05228e+06,1.05226e+06,1.05225e+06,1.03823e+06
1,1052530,1.0525e+06,1.05248e+06,1.05247e+06,1.03845e+06
8,1052690,1.05272e+06,1.0527e+06,1.05269e+06,1.03867e+06
3,1052940,1.05294e+06,1.05292e+06,1.05291e+06,1.03889e+06
6,1053140,1.05316e+06,1.05315e+06,1.05314e+06,1.03912e+06
2,1053410,1.05338e+06,1.05337e+06,1.05336e+06,1.03934e+06
7,1053580,1.05359e+06,1.05359e+06,1.05358e+06,1.03956e+06
5,1053810,1.05381e+06,1.05381e+06,1.0538e+06,1.03978e+06
9,1053990,1.05403e+06,1.05403e+06,1.05402e+06,1.04e+06
10,1054240,1.05425e+06,1.05425e+06,1.05425e+06,1.04022e+06
4,1054430,1.05447e+06,1.05448e+06,1.05447e+06,1.04044e+06
8,1054720,1.05469e+06,1.0547e+06,1.05469e+06,1.04066e+06
1,1054940,1.05491e+06,1.05492e+06,1.05491e+06,1.04089e+06
6,1055140,1.05512e+06,1.05514e+06,1.05513e+06,1.04111e+06
3,1055330,1.05534e+06,1.05536e+06,1.05535e+06,1.04133e+06
7,1055520,1.05556e+06,1.05558e+06,1.05558e+06,1.04155e+06
2,1055820,1.05578e+06,1.05581e+06,1.0558e+06,1.04177e+06
9,1055980,1.056e+06,1.05603e+06,1.05602e+06,1.04199e+06
5,1056170,1.05622e+06,1.05625e+06,1.05624e+06,1.04221e+06
10,1056490,1.05644e+06,1.05647e+06,1.05646e+06,1.04243e+06
8,1056900,1.05691e+06,1.05691e+06,1.0569e+06,1.04288e+06
4,1057070,1.05713e+06,1.05713e+06,1.05712e+06,1.0431e+06
6,1057320,1.05735e+06,1.05735e+06,1.05734e+06,1.04332e+06
1,1057550,1.05757e+06,1.05757e+06,1.05756e+06,1.04354e+06
7,1057830,1.05779e+06,1.05779e+06,1.05779e+06,1.04376e+06
3,1058070,1.05802e+06,1.05801e+06,1.05801e+06,1.04398e+06
9,1058290,1.05824e+06,1.05824e+06,1.05823e+06,1.04421e+06
2,1058440,1.05846e+06,1.05846e+06,1.05845e+06,1.04443e+06
5,1058620,1.05868e+06,1.05868e+06,1.05867e+06,1.04465e+06
10,1058850,1.0589e+06,1.0589e+06,1.05889e+06,1.04487e+06
8,1059130,1.05912e+06,1.05912e+06,1.05912e+06,1.04509e+06
6,1059330,1.05934e+06,1.05934e+06,1.05934e+06,1.04531e+06
4,1059520,1.05956e+06,1.05957e+06,1.05956e+06,1.04553e+06
7,1059750,1.05978e+06,1.05979e+06,1.05978e+06,1.04575e+06
1,1059960,1.06e+06,1.06001e+06,1.06e+06,1.04598e+06
9,1060240,1.06022e+06,1.06023e+06,1.06022e+06,1.0462e+06
3,1060420,1.06044e+06,1.06045e+06,1.06044e+06,1.04642e+06
5,1060680,1.06066e+06,1.06067e+06,1.06067e+06,1.04664e+06
2,1060940,1.06088e+06,1.06089e+06,1.06089e+06,1.04686e+06
10,1061180,1.06111e+06,1.06112e+06,1.06111e+06,1.04708e+06
6,1061550,1.06155e+06,1.06154e+06,1.06152e+06,1.04752e+06
8,1061770,1.06177e+06,1.06176e+06,1.06174e+06,1.04775e+06
7,1061950,1.06199e+06,1.06198e+06,1.06196e+06,1.04797e+06
4,1062170,1.06221e+06,1.06221e+06,1.06218e+06,1.04819e+06
9,1062440,1.06243e+06,1.06243e+06,1.06241e+06,1.04841e+06
1,1062510,1.06265e+06,1.06265e+06,1.06263e+06,1.04863e+06
5,1062850,1.06287e+06,1.06287e+06,1.06285e+06,1.04885e+06
3,1063100,1.06309e+06,1.06309e+06,1.06307e+06,1.04907e+06
2,1063350,1.06331e+06,1.06331e+06,1.06329e+06,1.04929e+06
10,1063550,1.06353e+06,1.06353e+06,1.06352e+06,1.04952e+06
6,1063760,1.06375e+06,1.06375e+06,1.06374e+06,1.04974e+06
7,1063910,1.06397e+06,1.06397e+06,1.06396e+06,1.04996e+06
8,1064190,1.06419e+06,1.0642e+06,1.06418e+06,1.05018e+06
9,1064390,1.06441e+06,1.06442e+06,1.06441e+06,1.0504e+06
4,1064540,1.06463e+06,1.06464e+06,1.06463e+06,1.05062e+06
5,1064850,1.06485e+06,1.06486e+06,1.06485e+06,1.05084e+06
1,1064990,1.06506e+06,1.06508e+06,1.06507e+06,1.05106e+06
2,1065370,1.06528e+06,1.0653e+06,1.0653e+06,1.05129e+06
3,1065460,1.0655e+06,1.06552e+06,1.06552e+06,1.05151e+06
10,1065870,1.06572e+06,1.06574e+06,1.06574e+06,1.05173e+06
7,1066270,1.06621e+06,1.0662e+06,1.06619e+06,1.05217e+06
6,1066430,1.06643e+06,1.06642e+06,1.06641e+06,1.05239e+06
9,1066690,1.06665e+06,1.06664e+06,1.06664e+06,1.05261e+06
8,1066910,1.06687e+06,1.06686e+06,1.06686e+06,1.05283e+06
5,1067090,1.06709e+06,1.06708e+06,1.06708e+06,1.05306e+06
4,1067300,1.06731e+06,1.0673e+06,1.06731e+06,1.05328e+06
2,1067490,1.06753e+06,1.06752e+06,1.06753e+06,1.0535e+06
1,1067670,1.06775e+06,1.06775e+06,1.06775e+06,1.05372e+06
3,1067910,1.06797e+06,1.06797e+06,1.06797e+06,1.05394e+06
10,1068210,1.0682e+06,1.06819e+06,1.0682e+06,1.05416e+06
7,1068420,1.06842e+06,1.06841e+06,1.06842e+06,1.05438e+06
9,1068680,1.06864e+06,1.06863e+06,1.06864e+06,1.05461e+06
6,1068850,1.06886e+06,1.06885e+06,1.06887e+06,1.05483e+06
5,1069130,1.06908e+06,1.06907e+06,1.06909e+06,1.05505e+06
8,1069320,1.0693e+06,1.0693e+06,1.06931e+06,1.05527e+06
2,1069530,1.06952e+06,1.06952e+06,1.06954e+06,1.05549e+06
4,1069730,1.06974e+06,1.06974e+06,1.06976e+06,1.05571e+06
3,1069940,1.06996e+06,1.06996e+06,1.06998e+06,1.05593e+06
1,1070150,1.07018e+06,1.07018e+06,1.07021e+06,1.05615e+06
10,1070460,1.0704e+06,1.0704e+06,1.07043e+06,1.05638e+06
9,1070880,1.07088e+06,1.07085e+06,1.07086e+06,1.05682e+06
7,1071130,1.0711e+06,1.07107e+06,1.07108e+06,1.05704e+06
5,1071310,1.07132e+06,1.0713e+06,1.0713e+06,1.05726e+06
6,1071610,1.07154e+06,1.07152e+06,1.07152e+06,1.05748e+06
2,1071770,1.07176e+06,1.07174e+06,1.07175e+06,1.0577e+06
8,1071970,1.07198e+06,1.07196e+06,1.07197e+06,1.05792e+06
3,1072220,1.0722e+06,1.07218e+06,1.07219e+06,1.05815e+06
4,1072390,1.07242e+06,1.0724e+06,1.07241e+06,1.05837e+06
1,1072620,1.07263e+06,1.07262e+06,1.07263e+06,1.05859e+06
10,1072830,1.07285e+06,1.07285e+06,1.07285e+06,1.05881e+06
9,1073110,1.07307e+06,1.07307e+06,1.07308e+06,1.05903e+06
5,1073270,1.07329e+06,1.07329e+06,1.0733e+06,1.05925e+06
7,1073500,1.07351e+06,1.07351e+06,1.07352e+06,1.05947e+06
2,1073730,1.07373e+06,1.07373e+06,1.07374e+06,1.05969e+06
6,1073940,1.07395e+06,1.07395e+06,1.07396e+06,1.05992e+06
3,1074190,1.07417e+06,1.07418e+06,1.07418e+06,1.06014e+06
8,1074350,1.07439e+06,1.0744e+06,1.07441e+06,1.06036e+06
1,1074530,1.07461e+06,1.07462e+06,1.07463e+06,1.06058e+06
4,1074790,1.07483e+06,1.07484e+06,1.07485e+06,1.0608e+06
10,1075160,1.07505e+06,1.07506e+06,1.07507e+06,1.06102e+06
5,1075500,1.07552e+06,1.07549e+06,1.07549e+06,1.06146e+06
9,1075780,1.07573e+06,1.07571e+06,1.07571e+06,1.06169e+06
2,1075900,1.07595e+06,1.07594e+06,1.07593e+06,1.06191e+06
7,1076180,1.07617e+06,1.07616e+06,1.07615e+06,1.06213e+06
3,1076440,1.07639e+06,1.07638e+06,1.07637e+06,1.06235e+06
6,1076630,1.07661e+06,1.0766e+06,1.07659e+06,1.06257e+06
1,1076820,1.07683e+06,1.07682e+06,1.07681e+06,1.06279e+06
8,1076970,1.07704e+06,1.07704e+06,1.07703e+06,1.06301e+06
4,1077160,1.07726e+06,1.07726e+06,1.07726e+06,1.06324e+06
10,1077510,1.07748e+06,1.07748e+06,1.07748e+06,1.06346e+06
5,1077730,1.0777e+06,1.0777e+06,1.0777e+06,1.06368e+06
2,1077990,1.07792e+06,1.07793e+06,1.07792e+06,1.0639e+06
9,1078110,1.07813e+06,1.07815e+06,1.07814e+06,1.06412e+06
3,1078370,1.07835e+06,1.07837e+06,1.07836e+06,1.06434e+06
7,1078560,1.07857e+06,1.07859e+06,1.07858e+06,1.06456e+06
1,1078780,1.07879e+06,1.07881e+06,1.0788e+06,1.06478e+06
6,1078970,1.07901e+06,1.07903e+06,1.07902e+06,1.06501e+06
4,1079200,1.07923e+06,1.07925e+06,1.07925e+06,1.06523e+06
8,1079400,1.07944e+06,1.07947e+06,1.07947e+06,1.06545e+06
10,1079750,1.07966e+06,1.0797e+06,1.07969e+06,1.06567e+06
2,1080160,1.08014e+06,1.08013e+06,1.08011e+06,1.06611e+06
5,1080400,1.08036e+06,1.08035e+06,1.08033e+06,1.06633e+06
3,1080630,1.08058e+06,1.08057e+06,1.08055e+06,1.06655e+06
9,1080860,1.0808e+06,1.08079e+06,1.08077e+06,1.06678e+06
1,1081010,1.08102e+06,1.08101e+06,1.081e+06,1.067e+06
7,1081200,1.08123e+06,1.08123e+06,1.08122e+06,1.06722e+06
4,1081380,1.08145e+06,1.08145e+06,1.08144e+06,1.06744e+06
6,1081650,1.08167e+06,1.08167e+06,1.08166e+06,1.06766e+06
8,1081890,1.08189e+06,1.08189e+06,1.08188e+06,1.06788e+06
10,1082090,1.08211e+06,1.08211e+06,1.08211e+06,1.0681e+06
2,1082330,1.08232e+06,1.08233e+06,1.08233e+06,1.06832e+06
3,1082510,1.08254e+06,1.08256e+06,1.08255e+06,1.06855e+06
5,1082790,1.08276e+06,1.08278e+06,1.08277e+06,1.06877e+06
1,1083010,1.08298e+06,1.083e+06,1.08299e+06,1.06899e+06
9,1083180,1.0832e+06,1.08322e+06,1.08322e+06,1.06921e+06
4,1083360,1.08341e+06,1.08344e+06,1.08344e+06,1.06943e+06
7,1083610,1.08363e+06,1.08366e+06,1.08366e+06,1.06965e+06
8,1083830,1.08385e+06,1.08388e+06,1.08388e+06,1.06987e+06
6,1084050,1.08407e+06,1.0841e+06,1.08411e+06,1.07009e+06
10,1084400,1.08429e+06,1.08432e+06,1.08433e+06,1.07032e+06
3,1084810,1.08479e+06,1.08477e+06,1.08476e+06,1.07076e+06
2,1085040,1.08501e+06,1.08499e+06,1.08498e+06,1.07098e+06
1,1085300,1.08523e+06,1.08522e+06,1.08521e+06,1.0712e+06
5,1085450,1.08545e+06,1.08544e+06,1.08543e+06,1.07142e+06
4,1085680,1.08567e+06,1.08566e+06,1.08565e+06,1.07164e+06
9,1085900,1.08589e+06,1.08588e+06,1.08588e+06,1.07186e+06
8,1086090,1.08611e+06,1.0861e+06,1.0861e+06,1.07209e+06
7,1086330,1.08633e+06,1.08632e+06,1.08632e+06,1.07231e+06
6,1086550,1.08655e+06,1.08654e+06,1.08655e+06,1.07253e+06
10,1086770,1.08677e+06,1.08676e+06,1.08677e+06,1.07275e+06
3,1086990,1.08699e+06,1.08698e+06,1.087e+06,1.07297e+06
1,1087200,1.08721e+06,1.0872e+06,1.08722e+06,1.07319e+06
2,1087450,1.08743e+06,1.08743e+06,1.08744e+06,1.07341e+06
4,1087640,1.08765e+06,1.08765e+06,1.08767e+06,1.07364e+06
5,1087850,1.08787e+06,1.08787e+06,1.08789e+06,1.07386e+06
8,1088080,1.08809e+06,1.08809e+06,1.08811e+06,1.07408e+06
9,1088280,1.08831e+06,1.08831e+06,1.08834e+06,1.0743e+06
6,1088470,1.08853e+06,1.08853e+06,1.08856e+06,1.07452e+06
7,1088720,1.08875e+06,1.08875e+06,1.08879e+06,1.07474e+06
10,1089070,1.08897e+06,1.08897e+06,1.08901e+06,1.07496e+06
1,1089570,1.08947e+06,1.08945e+06,1.08946e+06,1.07541e+06
3,1089740,1.08969e+06,1.08967e+06,1.08968e+06,1.07563e+06
4,1089930,1.08992e+06,1.08989e+06,1.08991e+06,1.07585e+06
2,1090120,1.09014e+06,1.09011e+06,1.09013e+06,1.07607e+06
8,1090400,1.09036e+06,1.09033e+06,1.09035e+06,1.07629e+06
5,1090550,1.09058e+06,1.09056e+06,1.09058e+06,1.07651e+06
6,1090810,1.0908e+06,1.09078e+06,1.0908e+06,1.07673e+06
9,1091060,1.09102e+06,1.091e+06,1.09102e+06,1.07695e+06
7,1091250,1.09124e+06,1.09122e+06,1.09125e+06,1.07718e+06
10,1091420,1.09146e+06,1.09144e+06,1.09147e+06,1.0774e+06
1,1091710,1.09168e+06,1.09166e+06,1.09169e+06,1.07762e+06
4,1091910,1.0919e+06,1.09189e+06,1.09192e+06,1.07784e+06
3,1092110,1.09213e+06,1.09211e+06,1.09214e+06,1.07806e+06
8,1092340,1.09235e+06,1.09233e+06,1.09236e+06,1.07828e+06
2,1092610,1.09257e+06,1.09255e+06,1.09259e+06,1.0785e+06
6,1092750,1.09279e+06,1.09277e+06,1.09281e+06,1.07872e+06
5,1092990,1.09301e+06,1.093e+06,1.09303e+06,1.07895e+06
7,1093190,1.09323e+06,1.09322e+06,1.09326e+06,1.07917e+06
9,1093410,1.09345e+06,1.09344e+06,1.09348e+06,1.07939e+06
10,1093760,1.09367e+06,1.09366e+06,1.0937e+06,1.07961e+06
4,1094100,1.09415e+06,1.09411e+06,1.09412e+06,1.08005e+06
1,1094380,1.09437e+06,1.09433e+06,1.09434e+06,1.08027e+06
3,1094610,1.09459e+06,1.09456e+06,1.09457e+06,1.08049e+06
2,1094850,1.09481e+06,1.09478e+06,1.09479e+06,1.08072e+06
8,1095010,1.09502e+06,1.095e+06,1.09501e+06,1.08094e+06
5,1095220,1.09524e+06,1.09522e+06,1.09523e+06,1.08116e+06
6,1095450,1.09546e+06,1.09544e+06,1.09545e+06,1.08138e+06
9,1095700,1.09568e+06,1.09567e+06,1.09567e+06,1.0816e+06
7,1095870,1.0959e+06,1.09589e+06,1.0959e+06,1.08182e+06
10,1096110,1.09612e+06,1.09611e+06,1.09612e+06,1.08204e+06
4,1096260,1.09634e+06,1.09633e+06,1.09634e+06,1.08226e+06
3,1096580,1.09656e+06,1.09655e+06,1.09656e+06,1.08249e+06
1,1096790,1.09678e+06,1.09678e+06,1.09678e+06,1.08271e+06
8,1097010,1.097e+06,1.097e+06,1.097e+06,1.08293e+06
2,1097240,1.09722e+06,1.09722e+06,1.09722e+06,1.08315e+06
6,1097400,1.09744e+06,1.09744e+06,1.09745e+06,1.08337e+06
5,1097660,1.09766e+06,1.09766e+06,1.09767e+06,1.08359e+06
7,1097850,1.09788e+06,1.09789e+06,1.09789e+06,1.08381e+06
9,1098060,1.0981e+06,1.09811e+06,1.09811e+06,1.08404e+06
10,1098410,1.09832e+06,1.09833e+06,1.09833e+06,1.08426e+06
3,1098850,1.09878e+06,1.09876e+06,1.09875e+06,1.0847e+06
4,1099000,1.099e+06,1.09898e+06,1.09897e+06,1.08492e+06
8,1099210,1.09922e+06,1.0992e+06,1.09919e+06,1.08514e+06
1,1099370,1.09944e+06,1.09942e+06,1.09942e+06,1.08536e+06
6,1099560,1.09966e+06,1.09965e+06,1.09964e+06,1.08558e+06
2,1099840,1.09988e+06,1.09987e+06,1.09986e+06,1.08581e+06
7,1100060,1.10009e+06,1.10009e+06,1.10008e+06,1.08603e+06
5,1100340,1.10031e+06,1.10031e+06,1.1003e+06,1.08625e+06
9,1100570,1.10053e+06,1.10053e+06,1.10052e+06,1.08647e+06
10,1100760,1.10075e+06,1.10075e+06,1.10074e+06,1.08669e+06
3,1101000,1.10097e+06,1.10097e+06,1.10096e+06,1.08691e+06
8,1101220,1.10119e+06,1.1012e+06,1.10118e+06,1.08713e+06
4,1101370,1.1014e+06,1.10142e+06,1.10141e+06,1.08735e+06
6,1101600,1.10162e+06,1.10164e+06,1.10163e+06,1.08758e+06
1,1101830,1.10184e+06,1.10186e+06,1.10185e+06,1.0878e+06
7,1101990,1.10206e+06,1.10208e+06,1.10207e+06,1.08802e+06
2,1102230,1.10228e+06,1.1023e+06,1.10229e+06,1.08824e+06
9,1102490,1.1025e+06,1.10253e+06,1.10251e+06,1.08846e+06
5,1102750,1.10271e+06,1.10275e+06,1.10273e+06,1.08868e+06
10,1103020,1.10293e+06,1.10297e+06,1.10295e+06,1.0889e+06
8,1103400,1.1034e+06,1.10339e+06,1.10337e+06,1.08935e+06
3,1103690,1.10362e+06,1.10362e+06,1.1036e+06,1.08957e+06
6,1103810,1.10384e+06,1.10384e+06,1.10382e+06,1.08979e+06
4,1104010,1.10406e+06,1.10406e+06,1.10404e+06,1.09001e+06
7,1104260,1.10428e+06,1.10428e+06,1.10426e+06,1.09023e+06
1,1104430,1.1045e+06,1.1045e+06,1.10448e+06,1.09045e+06
9,1104760,1.10472e+06,1.10472e+06,1.1047e+06,1.09067e+06
2,1104900,1.10494e+06,1.10494e+06,1.10493e+06,1.09089e+06
5,1105110,1.10516e+06,1.10516e+06,1.10515e+06,1.09112e+06
10,1105400,1.10537e+06,1.10538e+06,1.10537e+06,1.09134e+06
8,1105630,1.10559e+06,1.1056e+06,1.10559e+06,1.09156e+06
6,1105770,1.10581e+06,1.10583e+06,1.10581e+06,1.09178e+06
3,1106040,1.10603e+06,1.10605e+06,1.10603e+06,1.092e+06
7,1106210,1.10625e+06,1.10627e+06,1.10626e+06,1.09222e+06
4,1106430,1.10647e+06,1.10649e+06,1.10648e+06,1.09244e+06
9,1106710,1.10669e+06,1.10671e+06,1.1067e+06,1.09266e+06
1,1106900,1.10691e+06,1.10693e+06,1.10692e+06,1.09289e+06
5,1107120,1.10713e+06,1.10715e+06,1.10714e+06,1.09311e+06
2,1107360,1.10735e+06,1.10737e+06,1.10736e+06,1.09333e+06
10,1107660,1.10757e+06,1.10759e+06,1.10759e+06,1.09355e+06
6,1108010,1.10804e+06,1.10803e+06,1.10803e+06,1.09399e+06
8,1108240,1.10826e+06,1.10825e+06,1.10825e+06,1.09421e+06
7,1108510,1.10848e+06,1.10848e+06,1.10847e+06,1.09444e+06
3,1108780,1.1087e+06,1.1087e+06,1.10869e+06,1.09466e+06
9,1108940,1.10892e+06,1.10892e+06,1.10891e+06,1.09488e+06
4,1109100,1.10914e+06,1.10914e+06,1.10913e+06,1.0951e+06
5,1109310,1.10936e+06,1.10936e+06,1.10936e+06,1.09532e+06
1,1109590,1.10958e+06,1.10958e+06,1.10958e+06,1.09554e+06
2,1109780,1.1098e+06,1.1098e+06,1.1098e+06,1.09576e+06
10,1109990,1.11002e+06,1.11002e+06,1.11002e+06,1.09598e+06
6,1110260,1.11024e+06,1.11024e+06,1.11024e+06,1.09621e+06
7,1110480,1.11046e+06,1.11046e+06,1.11046e+06,1.09643e+06
8,1110700,1.11068e+06,1.11069e+06,1.11069e+06,1.09665e+06
9,1110900,1.1109e+06,1.11091e+06,1.11091e+06,1.09687e+06
3,1111150,1.11112e+06,1.11113e+06,1.11113e+06,1.09709e+06
5,1111340,1.11134e+06,1.11135e+06,1.11135e+06,1.09731e+06
4,1111480,1.11156e+06,1.11157e+06,1.11157e+06,1.09753e+06
2,1111790,1.11178e+06,1.11179e+06,1.11179e+06,1.09775e+06
1,1112000,1.112e+06,1.11201e+06,1.11202e+06,1.09798e+06
10,1112290,1.11222e+06,1.11223e+06,1.11224e+06,1.0982e+06
7,1112720,1.11268e+06,1.11267e+06,1.11265e+06,1.09864e+06
6,1112940,1.1129e+06,1.11289e+06,1.11287e+06,1.09886e+06
9,1113140,1.11312e+06,1.11311e+06,1.11309e+06,1.09908e+06
8,1113330,1.11334e+06,1.11333e+06,1.11332e+06,1.0993e+06
5,1113530,1.11356e+06,1.11355e+06,1.11354e+06,1.09952e+06
3,1113800,1.11378e+06,1.11377e+06,1.11376e+06,1.09975e+06
4,1113940,1.114e+06,1.11399e+06,1.11398e+06,1.09997e+06
2,1114020,1.11422e+06,1.11421e+06,1.1142e+06,1.10019e+06
1,1114370,1.11443e+06,1.11443e+06,1.11442e+06,1.10041e+06
10,1114660,1.11465e+06,1.11465e+06,1.11465e+06,1.10063e+06
7,1114850,1.11487e+06,1.11487e+06,1.11487e+06,1.10085e+06
9,1115110,1.11509e+06,1.11509e+06,1.11509e+06,1.10107e+06
6,1115350,1.11531e+06,1.11532e+06,1.11531e+06,1.10129e+06
5,1115540,1.11553e+06,1.11554e+06,1.11553e+06,1.10152e+06
8,1115740,1.11575e+06,1.11576e+06,1.11575e+06,1.10174e+06
2,1116040,1.11597e+06,1.11598e+06,1.11598e+06,1.10196e+06
3,1116160,1.11618e+06,1.1162e+06,1.1162e+06,1.10218e+06
1,1116420,1.1164e+06,1.11642e+06,1.11642e+06,1.1024e+06
4,1116590,1.11662e+06,1.11664e+06,1.11664e+06,1.10262e+06
10,1116890,1.11684e+06,1.11686e+06,1.11686e+06,1.10284e+06
9,1117380,1.11733e+06,1.1173e+06,1.1173e+06,1.10329e+06
7,1117550,1.11755e+06,1.11753e+06,1.11752e+06,1.10351e+06
5,1117750,1.11777e+06,1.11775e+06,1.11774e+06,1.10373e+06
6,1118030,1.11798e+06,1.11797e+06,1.11796e+06,1.10395e+06
2,1118280,1.1182e+06,1.11819e+06,1.11819e+06,1.10417e+06
8,1118450,1.11842e+06,1.11841e+06,1.11841e+06,1.10439e+06
1,1118610,1.11864e+06,1.11863e+06,1.11863e+06,1.10461e+06
3,1118840,1.11886e+06,1.11885e+06,1.11885e+06,1.10484e+06
4,1119020,1.11907e+06,1.11907e+06,1.11907e+06,1.10506e+06
10,1119270,1.11929e+06,1.11929e+06,1.1193e+06,1.10528e+06
9,1119590,1.11951e+06,1.11951e+06,1.11952e+06,1.1055e+06
5,1119730,1.11973e+06,1.11973e+06,1.11974e+06,1.10572e+06
7,1119960,1.11995e+06,1.11995e+06,1.11996e+06,1.10594e+06
2,1120230,1.12016e+06,1.12017e+06,1.12018e+06,1.10616e+06
6,1120390,1.12038e+06,1.12039e+06,1.12041e+06,1.10638e+06
1,1120580,1.1206e+06,1.12062e+06,1.12063e+06,1.10661e+06
8,1120800,1.12082e+06,1.12084e+06,1.12085e+06,1.10683e+06
4,1120960,1.12104e+06,1.12106e+06,1.12107e+06,1.10705e+06
3,1121190,1.12125e+06,1.12128e+06,1.12129e+06,1.10727e+06
10,1121530,1.12147e+06,1.1215e+06,1.12152e+06,1.10749e+06
5,1121950,1.12197e+06,1.12195e+06,1.12195e+06,1.10793e+06
9,1122270,1.12219e+06,1.12217e+06,1.12217e+06,1.10815e+06
2,1122470,1.12241e+06,1.12239e+06,1.12239e+06,1.10838e+06
7,1122600,1.12263e+06,1.12261e+06,1.12261e+06,1.1086e+06
1,1122880,1.12284e+06,1.12283e+06,1.12283e+06,1.10882e+06
6,1123100,1.12306e+06,1.12305e+06,1.12305e+06,1.10904e+06
4,1123260,1.12328e+06,1.12327e+06,1.12328e+06,1.10926e+06
8,1123470,1.1235e+06,1.12349e+06,1.1235e+06,1.10948e+06
3,1123710,1.12372e+06,1.12371e+06,1.12372e+06,1.1097e+06
10,1123900,1.12394e+06,1.12393e+06,1.12394e+06,1.10992e+06
5,1124150,1.12415e+06,1.12415e+06,1.12416e+06,1.11015e+06
2,1124450,1.12437e+06,1.12437e+06,1.12438e+06,1.11037e+06
9,1124640,1.12459e+06,1.12459e+06,1.1246e+06,1.11059e+06
1,1124830,1.12481e+06,1.12482e+06,1.12482e+06,1.11081e+06
7,1124990,1.12503e+06,1.12504e+06,1.12505e+06,1.11103e+06
4,1125230,1.12525e+06,1.12526e+06,1.12527e+06,1.11125e+06
6,1125400,1.12546e+06,1.12548e+06,1.12549e+06,1.11147e+06
3,1125680,1.12568e+06,1.1257e+06,1.12571e+06,1.11169e+06
8,1125870,1.1259e+06,1.12592e+06,1.12593e+06,1.11192e+06
10,1126160,1.12612e+06,1.12614e+06,1.12615e+06,1.11214e+06
2,1126560,1.1266e+06,1.12658e+06,1.12656e+06,1.11258e+06
5,1126820,1.12682e+06,1.1268e+06,1.12678e+06,1.1128e+06
1,1127090,1.12704e+06,1.12702e+06,1.127e+06,1.11302e+06
9,1127330,1.12725e+06,1.12724e+06,1.12722e+06,1.11324e+06
4,1127460,1.12747e+06,1.12746e+06,1.12745e+06,1.11346e+06
7,1127650,1.12769e+06,1.12768e+06,1.12767e+06,1.11369e+06
3,1127950,1.12791e+06,1.1279e+06,1.12789e+06,1.11391e+06
6,1128130,1.12812e+06,1.12812e+06,1.12811e+06,1.11413e+06
8,1128350,1.12834e+06,1.12834e+06,1.12833e+06,1.11435e+06
10,1128520,1.12856e+06,1.12856e+06,1.12856e+06,1.11457e+06
2,1128720,1.12878e+06,1.12878e+06,1.12878e+06,1.11479e+06
1,1128970,1.12899e+06,1.129e+06,1.129e+06,1.11501e+06
5,1129180,1.12921e+06,1.12922e+06,1.12922e+06,1.11524e+06
4,1129400,1.12943e+06,1.12944e+06,1.12944e+06,1.11546e+06
9,1129650,1.12965e+06,1.12966e+06,1.12966e+06,1.11568e+06
3,1129880,1.12986e+06,1.12988e+06,1.12989e+06,1.1159e+06
7,1130060,1.13008e+06,1.1301e+06,1.13011e+06,1.11612e+06
8,1130300,1.1303e+06,1.13032e+06,1.13033e+06,1.11634e+06
6,1130520,1.13052e+06,1.13054e+06,1.13055e+06,1.11656e+06
10,1130790,1.13073e+06,1.13076e+06,1.13077e+06,1.11678e+06
1,1131310,1.13124e+06,1.13122e+06,1.13123e+06,1.11723e+06
2,1131510,1.13146e+06,1.13144e+06,1.13145e+06,1.11745e+06
4,1131690,1.13168e+06,1.13166e+06,1.13167e+06,1.11767e+06
5,1131880,1.1319e+06,1.13188e+06,1.13189e+06,1.11789e+06
3,1132150,1.13212e+06,1.1321e+06,1.13211e+06,1.11811e+06
9,1132310,1.13234e+06,1.13232e+06,1.13234e+06,1.11833e+06
8,1132550,1.13256e+06,1.13255e+06,1.13256e+06,1.11855e+06
7,1132760,1.13278e+06,1.13277e+06,1.13278e+06,1.11878e+06
6,1132960,1.133e+06,1.13299e+06,1.133e+06,1.119e+06
10,1133170,1.13322e+06,1.13321e+06,1.13322e+06,1.11922e+06
1,1133530,1.13343e+06,1.13343e+06,1.13344e+06,1.11944e+06
4,1133720,1.13365e+06,1.13365e+06,1.13366e+06,1.11966e+06
2,1133900,1.13387e+06,1.13387e+06,1.13388e+06,1.11988e+06
3,1134060,1.13409e+06,1.13409e+06,1.13411e+06,1.1201e+06
5,1134330,1.13431e+06,1.13431e+06,1.13433e+06,1.12032e+06
8,1134470,1.13453e+06,1.13453e+06,1.13455e+06,1.12055e+06
9,1134740,1.13475e+06,1.13475e+06,1.13477e+06,1.12077e+06
6,1134960,1.13497e+06,1.13497e+06,1.13499e+06,1.12099e+06
7,1135180,1.13519e+06,1.1352e+06,1.13521e+06,1.12121e+06
10,1135450,1.13541e+06,1.13542e+06,1.13543e+06,1.12143e+06
4,1135890,1.13588e+06,1.13584e+06,1.13584e+06,1.12187e+06
1,1136130,1.1361e+06,1.13606e+06,1.13606e+06,1.12209e+06
2,1136290,1.13631e+06,1.13628e+06,1.13628e+06,1.12232e+06
5,1136550,1.13653e+06,1.1365e+06,1.1365e+06,1.12254e+06
3,1136760,1.13674e+06,1.13672e+06,1.13672e+06,1.12276e+06
9,1136980,1.13696e+06,1.13694e+06,1.13694e+06,1.12298e+06
8,1137210,1.13717e+06,1.13716e+06,1.13716e+06,1.1232e+06
6,1137310,1.13739e+06,1.13738e+06,1.13738e+06,1.12342e+06
7,1137400,1.1376e+06,1.1376e+06,1.13759e+06,1.12364e+06
10,1137840,1.13782e+06,1.13782e+06,1.13781e+06,1.12386e+06
4,1138060,1.13803e+06,1.13804e+06,1.13803e+06,1.12409e+06
2,1138310,1.13825e+06,1.13826e+06,1.13825e+06,1.12431e+06
1,1138560,1.13846e+06,1.13848e+06,1.13847e+06,1.12453e+06
3,1138720,1.13868e+06,1.1387e+06,1.13869e+06,1.12475e+06
5,1138990,1.13889e+06,1.13892e+06,1.13891e+06,1.12497e+06
8,1139160,1.13911e+06,1.13914e+06,1.13913e+06,1.12519e+06
6,1139190,1.13932e+06,1.13936e+06,1.13935e+06,1.12541e+06
9,1139370,1.13954e+06,1.13958e+06,1.13957e+06,1.12564e+06
7,1139660,1.13975e+06,1.1398e+06,1.13978e+06,1.12586e+06
10,1140080,1.13997e+06,1.14003e+06,1.14e+06,1.12608e+06
2,1140480,1.14047e+06,1.14044e+06,1.14042e+06,1.12652e+06
4,1140680,1.14068e+06,1.14065e+06,1.14064e+06,1.12674e+06
3,1140970,1.14089e+06,1.14087e+06,1.14086e+06,1.12696e+06
1,1141170,1.14111e+06,1.14109e+06,1.14108e+06,1.12718e+06
8,1141360,1.14132e+06,1.14131e+06,1.1413e+06,1.12741e+06
6,1141570,1.14153e+06,1.14153e+06,1.14151e+06,1.12763e+06
5,1141600,1.14175e+06,1.14175e+06,1.14173e+06,1.12785e+06
9,1141960,1.14196e+06,1.14197e+06,1.14195e+06,1.12807e+06
7,1142040,1.14217e+06,1.14219e+06,1.14217e+06,1.12829e+06
10,1142370,1.14239e+06,1.14241e+06,1.14239e+06,1.12851e+06
2,1142750,1.1426e+06,1.14263e+06,1.14261e+06,1.12873e+06
3,1142950,1.14281e+06,1.14285e+06,1.14283e+06,1.12895e+06
4,1143120,1.14302e+06,1.14306e+06,1.14304e+06,1.12918e+06
8,1143360,1.14324e+06,1.14328e+06,1.14326e+06,1.1294e+06
1,1143450,1.14345e+06,1.1435e+06,1.14348e+06,1.12962e+06
6,1143500,1.14366e+06,1.14372e+06,1.1437e+06,1.12984e+06
5,1143810,1.14388e+06,1.14394e+06,1.14392e+06,1.13006e+06
7,1143990,1.14409e+06,1.14416e+06,1.14414e+06,1.13028e+06
9,1144250,1.1443e+06,1.14438e+06,1.14436e+06,1.1305e+06
10,1144570,1.14451e+06,1.1446e+06,1.14457e+06,1.13072e+06
3,1145130,1.14503e+06,1.14501e+06,1.145e+06,1.13117e+06
2,1145300,1.14524e+06,1.14523e+06,1.14522e+06,1.13139e+06
8,1145550,1.14546e+06,1.14545e+06,1.14543e+06,1.13161e+06
4,1145720,1.14567e+06,1.14567e+06,1.14565e+06,1.13183e+06
6,1145800,1.14589e+06,1.14589e+06,1.14587e+06,1.13205e+06
1,1145970,1.1461e+06,1.14611e+06,1.14609e+06,1.13227e+06
7,1146230,1.14632e+06,1.14632e+06,1.14631e+06,1.13249e+06
5,1146410,1.14653e+06,1.14654e+06,1.14653e+06,1.13272e+06
9,1146730,1.14674e+06,1.14676e+06,1.14674e+06,1.13294e+06
10,1146830,1.14696e+06,1.14698e+06,1.14696e+06,1.13316e+06
3,1147230,1.14717e+06,1.1472e+06,1.14718e+06,1.13338e+06
8,1147520,1.14739e+06,1.14742e+06,1.1474e+06,1.1336e+06
2,1147830,1.1476e+06,1.14763e+06,1.14762e+06,1.13382e+06
6,1147930,1.14782e+06,1.14785e+06,1.14784e+06,1.13404e+06
4,1148040,1.14803e+06,1.14807e+06,1.14806e+06,1.13426e+06
7,1148220,1.14825e+06,1.14829e+06,1.14827e+06,1.13449e+06
1,1148490,1.14846e+06,1.14851e+06,1.14849e+06,1.13471e+06
9,1148610,1.14868e+06,1.14873e+06,1.14871e+06,1.13493e+06
5,1148850,1.14889e+06,1.14894e+06,1.14893e+06,1.13515e+06
10,1149060,1.14911e+06,1.14916e+06,1.14915e+06,1.13537e+06
8,1149700,1.14961e+06,1.14958e+06,1.14956e+06,1.13581e+06
3,1149920,1.14982e+06,1.1498e+06,1.14978e+06,1.13604e+06
6,1150110,1.15003e+06,1.15002e+06,1.15e+06,1.13626e+06
2,1150150,1.15025e+06,1.15023e+06,1.15021e+06,1.13648e+06
7,1150500,1.15046e+06,1.15045e+06,1.15043e+06,1.1367e+06
4,1150630,1.15067e+06,1.15067e+06,1.15065e+06,1.13692e+06
9,1150860,1.15089e+06,1.15089e+06,1.15087e+06,1.13714e+06
1,1150960,1.1511e+06,1.1511e+06,1.15109e+06,1.13736e+06
5,1151220,1.15131e+06,1.15132e+06,1.15131e+06,1.13758e+06
10,1151360,1.15153e+06,1.15154e+06,1.15153e+06,1.13781e+06
8,1151840,1.15174e+06,1.15176e+06,1.15174e+06,1.13803e+06
6,1152000,1.15195e+06,1.15197e+06,1.15196e+06,1.13825e+06
3,1152210,1.15217e+06,1.15219e+06,1.15218e+06,1.13847e+06
7,1152480,1.15238e+06,1.15241e+06,1.1524e+06,1.13869e+06
2,1152730,1.15259e+06,1.15263e+06,1.15262e+06,1.13891e+06
9,1152770,1.15281e+06,1.15285e+06,1.15284e+06,1.13913e+06
4,1152980,1.15302e+06,1.15306e+06,1.15306e+06,1.13935e+06
5,1153210,1.15323e+06,1.15328e+06,1.15328e+06,1.13958e+06
1,1153420,1.15345e+06,1.1535e+06,1.15349e+06,1.1398e+06
10,1153660,1.15366e+06,1.15372e+06,1.15371e+06,1.14002e+06
6,1154170,1.15416e+06,1.15415e+06,1.15413e+06,1.14046e+06
8,1154390,1.15438e+06,1.15437e+06,1.15435e+06,1.14068e+06
7,1154580,1.1546e+06,1.15459e+06,1.15457e+06,1.1409e+06
3,1154900,1.15481e+06,1.15481e+06,1.15479e+06,1.14112e+06
9,1155050,1.15503e+06,1.15502e+06,1.15501e+06,1.14135e+06
2,1155210,1.15525e+06,1.15524e+06,1.15523e+06,1.14157e+06
5,1155430,1.15546e+06,1.15546e+06,1.15545e+06,1.14179e+06
4,1155620,1.15568e+06,1.15568e+06,1.15567e+06,1.14201e+06
1,1155830,1.1559e+06,1.15589e+06,1.15589e+06,1.14223e+06
10,1156030,1.15611e+06,1.15611e+06,1.15611e+06,1.14245e+06
6,1156350,1.15633e+06,1.15633e+06,1.15633e+06,1.14267e+06
7,1156530,1.15655e+06,1.15655e+06,1.15655e+06,1.14289e+06
8,1156780,1.15676e+06,1.15677e+06,1.15677e+06,1.14312e+06
9,1157000,1.15698e+06,1.15698e+06,1.15699e+06,1.14334e+06
3,1157230,1.1572e+06,1.1572e+06,1.15721e+06,1.14356e+06
5,1157430,1.15741e+06,1.15742e+06,1.15743e+06,1.14378e+06
2,1157670,1.15763e+06,1.15764e+06,1.15765e+06,1.144e+06
1,1157860,1.15785e+06,1.15785e+06,1.15787e+06,1.14422e+06
4,1158080,1.15806e+06,1.15807e+06,1.15809e+06,1.14444e+06
10,1158290,1.15828e+06,1.15829e+06,1.15831e+06,1.14466e+06
7,1158790,1.15877e+06,1.15874e+06,1.15874e+06,1.14511e+06
6,1158990,1.15899e+06,1.15896e+06,1.15896e+06,1.14533e+06
9,1159180,1.1592e+06,1.15918e+06,1.15918e+06,1.14555e+06
8,1159420,1.15942e+06,1.1594e+06,1.1594e+06,1.14577e+06
5,1159620,1.15964e+06,1.15962e+06,1.15962e+06,1.14599e+06
3,1159840,1.15986e+06,1.15984e+06,1.15984e+06,1.14621e+06
1,1160060,1.16008e+06,1.16005e+06,1.16006e+06,1.14644e+06
2,1160280,1.16029e+06,1.16027e+06,1.16028e+06,1.14666e+06
4,1160470,1.16051e+06,1.16049e+06,1.1605e+06,1.14688e+06
10,1160770,1.16073e+06,1.16071e+06,1.16072e+06,1.1471e+06
7,1160910,1.16095e+06,1.16093e+06,1.16094e+06,1.14732e+06
9,1161180,1.16116e+06,1.16115e+06,1.16116e+06,1.14754e+06
6,1161410,1.16138e+06,1.16136e+06,1.16138e+06,1.14776e+06
5,1161590,1.1616e+06,1.16158e+06,1.16161e+06,1.14798e+06
8,1161800,1.16182e+06,1.1618e+06,1.16183e+06,1.14821e+06
1,1162000,1.16203e+06,1.16202e+06,1.16205e+06,1.14843e+06
3,1162190,1.16225e+06,1.16224e+06,1.16227e+06,1.14865e+06
4,1162440,1.16247e+06,1.16246e+06,1.16249e+06,1.14887e+06
2,1162720,1.16269e+06,1.16267e+06,1.16271e+06,1.14909e+06
10,1163020,1.1629e+06,1.16289e+06,1.16293e+06,1.14931e+06
9,1163470,1.16339e+06,1.16335e+06,1.16336e+06,1.14975e+06
7,1163650,1.16361e+06,1.16357e+06,1.16358e+06,1.14998e+06
5,1163810,1.16383e+06,1.16378e+06,1.1638e+06,1.1502e+06
6,1164080,1.16404e+06,1.164e+06,1.16402e+06,1.15042e+06
1,1164260,1.16426e+06,1.16422e+06,1.16423e+06,1.15064e+06
8,1164420,1.16447e+06,1.16444e+06,1.16445e+06,1.15086e+06
4,1164600,1.16469e+06,1.16466e+06,1.16467e+06,1.15108e+06
3,1164830,1.1649e+06,1.16488e+06,1.16489e+06,1.1513e+06
2,1165020,1.16512e+06,1.1651e+06,1.16511e+06,1.15152e+06
10,1165400,1.16533e+06,1.16532e+06,1.16533e+06,1.15175e+06
9,1165620,1.16555e+06,1.16553e+06,1.16555e+06,1.15197e+06
5,1165780,1.16577e+06,1.16575e+06,1.16577e+06,1.15219e+06
7,1166000,1.16598e+06,1.16597e+06,1.16599e+06,1.15241e+06
1,1166220,1.1662e+06,1.16619e+06,1.16621e+06,1.15263e+06
6,1166440,1.16641e+06,1.16641e+06,1.16643e+06,1.15285e+06
4,1166590,1.16663e+06,1.16663e+06,1.16665e+06,1.15307e+06
8,1166840,1.16684e+06,1.16685e+06,1.16687e+06,1.15329e+06
2,1167060,1.16706e+06,1.16707e+06,1.16709e+06,1.15352e+06
3,1167190,1.16727e+06,1.16728e+06,1.16731e+06,1.15374e+06
10,1167550,1.16749e+06,1.1675e+06,1.16753e+06,1.15396e+06
5,1167920,1.16798e+06,1.16794e+06,1.16794e+06,1.1544e+06
9,1168240,1.16819e+06,1.16816e+06,1.16815e+06,1.15462e+06
1,1168420,1.16841e+06,1.16837e+06,1.16837e+06,1.15484e+06
7,1168650,1.16862e+06,1.16859e+06,1.16859e+06,1.15507e+06
4,1168790,1.16884e+06,1.16881e+06,1.16881e+06,1.15529e+06
6,1169030,1.16905e+06,1.16903e+06,1.16903e+06,1.15551e+06
2,1169290,1.16926e+06,1.16925e+06,1.16925e+06,1.15573e+06
8,1169470,1.16948e+06,1.16947e+06,1.16947e+06,1.15595e+06
3,1169690,1.16969e+06,1.16969e+06,1.16969e+06,1.15617e+06
10,1169890,1.16991e+06,1.16991e+06,1.16991e+06,1.15639e+06
5,1170100,1.17012e+06,1.17012e+06,1.17012e+06,1.15661e+06
1,1170320,1.17034e+06,1.17034e+06,1.17034e+06,1.15684e+06
9,1170580,1.17055e+06,1.17056e+06,1.17056e+06,1.15706e+06
4,1170730,1.17077e+06,1.17078e+06,1.17078e+06,1.15728e+06
7,1170980,1.17098e+06,1.171e+06,1.171e+06,1.1575e+06
2,1171230,1.1712e+06,1.17122e+06,1.17122e+06,1.15772e+06
6,1171390,1.17141e+06,1.17144e+06,1.17144e+06,1.15794e+06
3,1171600,1.17163e+06,1.17165e+06,1.17166e+06,1.15816e+06
8,1171840,1.17184e+06,1.17187e+06,1.17187e+06,1.15838e+06
10,1172130,1.17206e+06,1.17209e+06,1.17209e+06,1.15861e+06
1,1172520,1.17255e+06,1.17253e+06,1.17251e+06,1.15905e+06
5,1172730,1.17276e+06,1.17274e+06,1.17273e+06,1.15927e+06
9,1173000,1.17298e+06,1.17296e+06,1.17295e+06,1.15949e+06
7,1173180,1.1732e+06,1.17318e+06,1.17317e+06,1.15971e+06
4,1173430,1.17341e+06,1.1734e+06,1.17339e+06,1.15993e+06
6,1173610,1.17363e+06,1.17362e+06,1.17361e+06,1.16015e+06
2,1173890,1.17384e+06,1.17384e+06,1.17383e+06,1.16038e+06
8,1174050,1.17406e+06,1.17405e+06,1.17405e+06,1.1606e+06
3,1174240,1.17428e+06,1.17427e+06,1.17427e+06,1.16082e+06
10,1174440,1.17449e+06,1.17449e+06,1.17449e+06,1.16104e+06
1,1174750,1.17471e+06,1.17471e+06,1.17471e+06,1.16126e+06
9,1174940,1.17493e+06,1.17493e+06,1.17493e+06,1.16148e+06
5,1175130,1.17514e+06,1.17515e+06,1.17515e+06,1.1617e+06
4,1175360,1.17536e+06,1.17537e+06,1.17537e+06,1.16192e+06
7,1175570,1.17557e+06,1.17558e+06,1.17559e+06,1.16215e+06
2,1175840,1.17579e+06,1.1758e+06,1.17581e+06,1.16237e+06
6,1175970,1.17601e+06,1.17602e+06,1.17603e+06,1.16259e+06
3,1176210,1.17622e+06,1.17624e+06,1.17625e+06,1.16281e+06
8,1176440,1.17644e+06,1.17646e+06,1.17647e+06,1.16303e+06
10,1176690,1.17665e+06,1.17668e+06,1.17669e+06,1.16325e+06
9,1177200,1.17714e+06,1.17712e+06,1.17712e+06,1.16369e+06
1,1177330,1.17736e+06,1.17734e+06,1.17734e+06,1.16392e+06
5,1177540,1.17758e+06,1.17756e+06,1.17756e+06,1.16414e+06
7,1177780,1.17779e+06,1.17778e+06,1.17778e+06,1.16436e+06
4,1178040,1.17801e+06,1.17799e+06,1.17799e+06,1.16458e+06
6,1178220,1.17823e+06,1.17821e+06,1.17821e+06,1.1648e+06
2,1178440,1.17844e+06,1.17843e+06,1.17843e+06,1.16502e+06
8,1178660,1.17866e+06,1.17865e+06,1.17865e+06,1.16524e+06
3,1178890,1.17888e+06,1.17887e+06,1.17887e+06,1.16547e+06
10,1178970,1.17909e+06,1.17909e+06,1.17909e+06,1.16569e+06
9,1179310,1.17931e+06,1.17931e+06,1.17931e+06,1.16591e+06
5,1179500,1.17953e+06,1.17952e+06,1.17953e+06,1.16613e+06
1,1179800,1.17975e+06,1.17974e+06,1.17975e+06,1.16635e+06
4,1180000,1.17996e+06,1.17996e+06,1.17997e+06,1.16657e+06
7,1180200,1.18018e+06,1.18018e+06,1.18019e+06,1.16679e+06
2,1180420,1.1804e+06,1.1804e+06,1.18041e+06,1.16701e+06
6,1180590,1.18061e+06,1.18062e+06,1.18063e+06,1.16724e+06
3,1180850,1.18083e+06,1.18084e+06,1.18085e+06,1.16746e+06
8,1181050,1.18105e+06,1.18105e+06,1.18107e+06,1.16768e+06
10,1181250,1.18126e+06,1.18127e+06,1.18129e+06,1.1679e+06
5,1181690,1.18174e+06,1.18171e+06,1.1817e+06,1.16834e+06
9,1181950,1.18196e+06,1.18193e+06,1.18192e+06,1.16856e+06
4,1182160,1.18217e+06,1.18215e+06,1.18214e+06,1.16878e+06
1,1182390,1.18239e+06,1.18236e+06,1.18236e+06,1.16901e+06
2,1182600,1.1826e+06,1.18258e+06,1.18258e+06,1.16923e+06
7,1182850,1.18282e+06,1.1828e+06,1.1828e+06,1.16945e+06
3,1183070,1.18303e+06,1.18302e+06,1.18302e+06,1.16967e+06
6,1183250,1.18325e+06,1.18324e+06,1.18324e+06,1.16989e+06
8,1183470,1.18347e+06,1.18346e+06,1.18346e+06,1.17011e+06
10,1183600,1.18368e+06,1.18368e+06,1.18368e+06,1.17033e+06
5,1183890,1.1839e+06,1.18389e+06,1.1839e+06,1.17055e+06
4,1184130,1.18411e+06,1.18411e+06,1.18411e+06,1.17078e+06
9,1184300,1.18433e+06,1.18433e+06,1.18433e+06,1.171e+06
2,1184500,1.18454e+06,1.18455e+06,1.18455e+06,1.17122e+06
1,1184770,1.18476e+06,1.18477e+06,1.18477e+06,1.17144e+06
3,1184970,1.18498e+06,1.18499e+06,1.18499e+06,1.17166e+06
7,1185200,1.18519e+06,1.18521e+06,1.18521e+06,1.17188e+06
8,1185410,1.18541e+06,1.18542e+06,1.18543e+06,1.1721e+06
6,1185630,1.18562e+06,1.18564e+06,1.18565e+06,1.17232e+06
10,1185880,1.18584e+06,1.18586e+06,1.18587e+06,1.17255e+06
4,1186260,1.18632e+06,1.1863e+06,1.18629e+06,1.17299e+06
5,1186560,1.18654e+06,1.18652e+06,1.18651e+06,1.17321e+06
2,1186720,1.18675e+06,1.18674e+06,1.18673e+06,1.17343e+06
9,1187020,1.18697e+06,1.18696e+06,1.18695e+06,1.17365e+06
3,1187240,1.18719e+06,1.18717e+06,1.18717e+06,1.17387e+06
1,1187420,1.1874e+06,1.18739e+06,1.18739e+06,1.17409e+06
8,1187580,1.18762e+06,1.18761e+06,1.18761e+06,1.17432e+06
7,1187830,1.18784e+06,1.18783e+06,1.18783e+06,1.17454e+06
6,1188040,1.18806e+06,1.18805e+06,1.18805e+06,1.17476e+06
10,1188190,1.18827e+06,1.18827e+06,1.18827e+06,1.17498e+06
4,1188420,1.18849e+06,1.18849e+06,1.18849e+06,1.1752e+06
2,1188720,1.18871e+06,1.1887e+06,1.18871e+06,1.17542e+06
5,1188930,1.18892e+06,1.18892e+06,1.18893e+06,1.17564e+06
3,1189140,1.18914e+06,1.18914e+06,1.18915e+06,1.17587e+06
9,1189350,1.18936e+06,1.18936e+06,1.18937e+06,1.17609e+06
8,1189620,1.18957e+06,1.18958e+06,1.18959e+06,1.17631e+06
1,1189760,1.18979e+06,1.1898e+06,1.18981e+06,1.17653e+06
6,1190020,1.19001e+06,1.19002e+06,1.19003e+06,1.17675e+06
7,1190250,1.19022e+06,1.19023e+06,1.19025e+06,1.17697e+06
10,1190480,1.19044e+06,1.19045e+06,1.19047e+06,1.17719e+06
2,1190880,1.19092e+06,1.1909e+06,1.1909e+06,1.17764e+06
4,1191100,1.19114e+06,1.19112e+06,1.19112e+06,1.17786e+06
3,1191370,1.19136e+06,1.19133e+06,1.19134e+06,1.17808e+06
5,1191620,1.19157e+06,1.19155e+06,1.19156e+06,1.1783e+06
8,1191810,1.19179e+06,1.19177e+06,1.19178e+06,1.17852e+06
9,1192060,1.19201e+06,1.19199e+06,1.19199e+06,1.17874e+06
6,1192260,1.19222e+06,1.19221e+06,1.19221e+06,1.17896e+06
1,1192410,1.19244e+06,1.19243e+06,1.19243e+06,1.17918e+06
7,1192630,1.19266e+06,1.19265e+06,1.19265e+06,1.17941e+06
10,1192830,1.19288e+06,1.19287e+06,1.19287e+06,1.17963e+06
2,1193080,1.19309e+06,1.19308e+06,1.19309e+06,1.17985e+06
3,1193300,1.19331e+06,1.1933e+06,1.19331e+06,1.18007e+06
4,1193490,1.19353e+06,1.19352e+06,1.19353e+06,1.18029e+06
8,1193730,1.19374e+06,1.19374e+06,1.19375e+06,1.18051e+06
5,1194010,1.19396e+06,1.19396e+06,1.19397e+06,1.18073e+06
6,1194200,1.19418e+06,1.19418e+06,1.19419e+06,1.18095e+06
9,1194400,1.19439e+06,1.1944e+06,1.19441e+06,1.18118e+06
7,1194570,1.19461e+06,1.19462e+06,1.19463e+06,1.1814e+06
1,1194800,1.19483e+06,1.19483e+06,1.19485e+06,1.18162e+06
10,1195100,1.19504e+06,1.19505e+06,1.19507e+06,1.18184e+06
3,1195550,1.19552e+06,1.19549e+06,1.19548e+06,1.18228e+06
2,1195760,1.19573e+06,1.19571e+06,1.1957e+06,1.1825e+06
8,1195970,1.19595e+06,1.19593e+06,1.19592e+06,1.18272e+06
4,1196110,1.19616e+06,1.19614e+06,1.19614e+06,1.18295e+06
6,1196360,1.19638e+06,1.19636e+06,1.19636e+06,1.18317e+06
5,1196600,1.1966e+06,1.19658e+06,1.19657e+06,1.18339e+06
7,1196780,1.19681e+06,1.1968e+06,1.19679e+06,1.18361e+06
9,1197030,1.19703e+06,1.19702e+06,1.19701e+06,1.18383e+06
1,1197130,1.19724e+06,1.19724e+06,1.19723e+06,1.18405e+06
10,1197450,1.19746e+06,1.19746e+06,1.19745e+06,1.18427e+06
3,1197680,1.19767e+06,1.19767e+06,1.19767e+06,1.18449e+06
8,1197940,1.19789e+06,1.19789e+06,1.19789e+06,1.18472e+06
2,1198190,1.19811e+06,1.19811e+06,1.19811e+06,1.18494e+06
6,1198310,1.19832e+06,1.19833e+06,1.19833e+06,1.18516e+06
4,1198470,1.19854e+06,1.19855e+06,1.19855e+06,1.18538e+06
7,1198710,1.19875e+06,1.19877e+06,1.19877e+06,1.1856e+06
5,1199010,1.19897e+06,1.19899e+06,1.19899e+06,1.18582e+06
1,1199140,1.19918e+06,1.1992e+06,1.19921e+06,1.18604e+06
9,1199390,1.1994e+06,1.19942e+06,1.19943e+06,1.18627e+06
10,1199690,1.19962e+06,1.19964e+06,1.19965e+06,1.18649e+06
8,1200140,1.20011e+06,1.20009e+06,1.20007e+06,1.18693e+06
3,1200370,1.20032e+06,1.20031e+06,1.20029e+06,1.18715e+06
6,1200500,1.20054e+06,1.20053e+06,1.20051e+06,1.18737e+06
2,1200820,1.20076e+06,1.20074e+06,1.20074e+06,1.18759e+06
7,1200990,1.20098e+06,1.20096e+06,1.20096e+06,1.18781e+06
4,1201120,1.20119e+06,1.20118e+06,1.20118e+06,1.18804e+06
1,1201340,1.20141e+06,1.2014e+06,1.2014e+06,1.18826e+06
5,1201610,1.20163e+06,1.20162e+06,1.20162e+06,1.18848e+06
9,1201790,1.20185e+06,1.20184e+06,1.20184e+06,1.1887e+06
10,1202040,1.20207e+06,1.20206e+06,1.20206e+06,1.18892e+06
8,1202320,1.20228e+06,1.20228e+06,1.20229e+06,1.18914e+06
6,1202520,1.2025e+06,1.2025e+06,1.20251e+06,1.18936e+06
3,1202730,1.20272e+06,1.20271e+06,1.20273e+06,1.18958e+06
7,1202940,1.20294e+06,1.20293e+06,1.20295e+06,1.18981e+06
2,1203240,1.20315e+06,1.20315e+06,1.20317e+06,1.19003e+06
1,1203420,1.20337e+06,1.20337e+06,1.20339e+06,1.19025e+06
4,1203590,1.20359e+06,1.20359e+06,1.20362e+06,1.19047e+06
9,1203790,1.20381e+06,1.20381e+06,1.20384e+06,1.19069e+06
5,1203990,1.20403e+06,1.20403e+06,1.20406e+06,1.19091e+06
10,1204250,1.20424e+06,1.20425e+06,1.20428e+06,1.19113e+06
6,1204760,1.20474e+06,1.20472e+06,1.20473e+06,1.19158e+06
8,1204950,1.20496e+06,1.20494e+06,1.20495e+06,1.1918e+06
7,1205220,1.20518e+06,1.20516e+06,1.20517e+06,1.19202e+06
3,1205490,1.2054e+06,1.20538e+06,1.20539e+06,1.19224e+06
1,1205660,1.20562e+06,1.2056e+06,1.20561e+06,1.19246e+06
2,1205870,1.20584e+06,1.20582e+06,1.20583e+06,1.19268e+06
9,1206060,1.20606e+06,1.20604e+06,1.20606e+06,1.1929e+06
4,1206210,1.20628e+06,1.20626e+06,1.20628e+06,1.19312e+06
5,1206400,1.2065e+06,1.20648e+06,1.2065e+06,1.19335e+06
10,1206640,1.20672e+06,1.2067e+06,1.20672e+06,1.19357e+06
6,1206940,1.20694e+06,1.20691e+06,1.20694e+06,1.19379e+06
7,1207150,1.20716e+06,1.20713e+06,1.20717e+06,1.19401e+06
8,1207400,1.20738e+06,1.20735e+06,1.20739e+06,1.19423e+06
1,1207690,1.2076e+06,1.20757e+06,1.20761e+06,1.19445e+06
3,1207850,1.20782e+06,1.20779e+06,1.20783e+06,1.19467e+06
9,1208030,1.20804e+06,1.20801e+06,1.20805e+06,1.19489e+06
2,1208250,1.20826e+06,1.20823e+06,1.20827e+06,1.19512e+06
5,1208480,1.20848e+06,1.20845e+06,1.2085e+06,1.19534e+06
4,1208670,1.20869e+06,1.20867e+06,1.20872e+06,1.19556e+06
10,1208930,1.20891e+06,1.20889e+06,1.20894e+06,1.19578e+06
7,1209350,1.20938e+06,1.20935e+06,1.20936e+06,1.19622e+06
6,1209610,1.2096e+06,1.20957e+06,1.20958e+06,1.19644e+06
1,1209880,1.20982e+06,1.20979e+06,1.2098e+06,1.19667e+06
8,1210030,1.21004e+06,1.21001e+06,1.21002e+06,1.19689e+06
9,1210270,1.21026e+06,1.21023e+06,1.21024e+06,1.19711e+06
3,1210410,1.21048e+06,1.21045e+06,1.21046e+06,1.19733e+06
5,1210720,1.2107e+06,1.21067e+06,1.21068e+06,1.19755e+06
2,1210910,1.21091e+06,1.21089e+06,1.2109e+06,1.19777e+06
4,1211040,1.21113e+06,1.21111e+06,1.21113e+06,1.19799e+06
10,1211330,1.21135e+06,1.21133e+06,1.21135e+06,1.19821e+06
7,1211520,1.21157e+06,1.21155e+06,1.21157e+06,1.19844e+06
1,1211830,1.21179e+06,1.21177e+06,1.21179e+06,1.19866e+06
6,1212010,1.21201e+06,1.21199e+06,1.21201e+06,1.19888e+06
9,1212210,1.21223e+06,1.21221e+06,1.21223e+06,1.1991e+06
8,1212460,1.21244e+06,1.21243e+06,1.21245e+06,1.19932e+06
5,1212720,1.21266e+06,1.21265e+06,1.21267e+06,1.19954e+06
3,1212860,1.21288e+06,1.21287e+06,1.21289e+06,1.19976e+06
4,1213000,1.2131e+06,1.21309e+06,1.21311e+06,1.19998e+06
2,1213390,1.21332e+06,1.21331e+06,1.21333e+06,1.20021e+06
10,1213580,1.21354e+06,1.21353e+06,1.21355e+06,1.20043e+06
1,1214010,1.21401e+06,1.21397e+06,1.21397e+06,1.20087e+06
7,1214240,1.21423e+06,1.21419e+06,1.21419e+06,1.20109e+06
9,1214430,1.21444e+06,1.21441e+06,1.21441e+06,1.20131e+06
6,1214650,1.21466e+06,1.21463e+06,1.21463e+06,1.20153e+06
5,1214870,1.21488e+06,1.21485e+06,1.21485e+06,1.20175e+06
8,1215140,1.21509e+06,1.21508e+06,1.21507e+06,1.20198e+06
4,1215260,1.21531e+06,1.2153e+06,1.21529e+06,1.2022e+06
3,1215490,1.21553e+06,1.21552e+06,1.21552e+06,1.20242e+06
2,1215700,1.21574e+06,1.21574e+06,1.21574e+06,1.20264e+06
10,1215990,1.21596e+06,1.21596e+06,1.21596e+06,1.20286e+06
1,1216180,1.21618e+06,1.21618e+06,1.21618e+06,1.20308e+06
9,1216420,1.21639e+06,1.2164e+06,1.2164e+06,1.2033e+06
7,1216620,1.21661e+06,1.21662e+06,1.21662e+06,1.20352e+06
5,1216880,1.21683e+06,1.21684e+06,1.21684e+06,1.20375e+06
6,1217030,1.21705e+06,1.21706e+06,1.21706e+06,1.20397e+06
4,1217260,1.21726e+06,1.21728e+06,1.21728e+06,1.20419e+06
8,1217470,1.21748e+06,1.2175e+06,1.2175e+06,1.20441e+06
2,1217660,1.2177e+06,1.21772e+06,1.21772e+06,1.20463e+06
3,1217800,1.21791e+06,1.21794e+06,1.21794e+06,1.20485e+06
10,1218240,1.21813e+06,1.21816e+06,1.21816e+06,1.20507e+06
9,1218710,1.21862e+06,1.2186e+06,1.21859e+06,1.20552e+06
1,1218870,1.21884e+06,1.21882e+06,1.21881e+06,1.20574e+06
7,1219010,1.21905e+06,1.21904e+06,1.21903e+06,1.20596e+06
6,1219240,1.21927e+06,1.21926e+06,1.21926e+06,1.20618e+06
5,1219480,1.21949e+06,1.21948e+06,1.21948e+06,1.2064e+06
8,1219720,1.21971e+06,1.2197e+06,1.2197e+06,1.20662e+06
4,1219920,1.21993e+06,1.21992e+06,1.21992e+06,1.20684e+06
3,1220130,1.22015e+06,1.22014e+06,1.22014e+06,1.20707e+06
2,1220380,1.22036e+06,1.22036e+06,1.22036e+06,1.20729e+06
10,1220560,1.22058e+06,1.22058e+06,1.22058e+06,1.20751e+06
9,1220840,1.2208e+06,1.2208e+06,1.2208e+06,1.20773e+06
7,1220980,1.22102e+06,1.22102e+06,1.22102e+06,1.20795e+06
1,1221200,1.22124e+06,1.22124e+06,1.22125e+06,1.20817e+06
5,1221430,1.22145e+06,1.22146e+06,1.22147e+06,1.20839e+06
6,1221670,1.22167e+06,1.22168e+06,1.22169e+06,1.20861e+06
4,1221910,1.22189e+06,1.2219e+06,1.22191e+06,1.20884e+06
8,1222120,1.22211e+06,1.22212e+06,1.22213e+06,1.20906e+06
2,1222320,1.22233e+06,1.22234e+06,1.22235e+06,1.20928e+06
3,1222530,1.22255e+06,1.22256e+06,1.22257e+06,1.2095e+06
10,1222840,1.22276e+06,1.22278e+06,1.22279e+06,1.20972e+06
7,1223270,1.22324e+06,1.22323e+06,1.22322e+06,1.21016e+06
9,1223460,1.22346e+06,1.22345e+06,1.22344e+06,1.21038e+06
5,1223650,1.22368e+06,1.22367e+06,1.22366e+06,1.21061e+06
1,1223910,1.2239e+06,1.22389e+06,1.22388e+06,1.21083e+06
4,1224100,1.22412e+06,1.22411e+06,1.2241e+06,1.21105e+06
6,1224360,1.22434e+06,1.22433e+06,1.22432e+06,1.21127e+06
2,1224600,1.22456e+06,1.22455e+06,1.22455e+06,1.21149e+06
8,1224770,1.22478e+06,1.22477e+06,1.22477e+06,1.21171e+06
3,1225000,1.22499e+06,1.22499e+06,1.22499e+06,1.21193e+06
10,1225190,1.22521e+06,1.22521e+06,1.22521e+06,1.21215e+06
7,1225420,1.22543e+06,1.22543e+06,1.22543e+06,1.21238e+06
5,1225610,1.22565e+06,1.22565e+06,1.22565e+06,1.2126e+06
9,1225850,1.22587e+06,1.22587e+06,1.22588e+06,1.21282e+06
4,1226030,1.22609e+06,1.22609e+06,1.2261e+06,1.21304e+06
1,1226290,1.22631e+06,1.22631e+06,1.22632e+06,1.21326e+06
2,1226540,1.22653e+06,1.22653e+06,1.22654e+06,1.21348e+06
6,1226750,1.22674e+06,1.22675e+06,1.22676e+06,1.2137e+06
3,1226990,1.22696e+06,1.22697e+06,1.22698e+06,1.21392e+06
8,1227170,1.22718e+06,1.22719e+06,1.2272e+06,1.21415e+06
10,1227470,1.2274e+06,1.22741e+06,1.22743e+06,1.21437e+06
5,1227880,1.22788e+06,1.22786e+06,1.22786e+06,1.21481e+06
7,1228120,1.2281e+06,1.22808e+06,1.22808e+06,1.21503e+06
4,1228320,1.22832e+06,1.2283e+06,1.22831e+06,1.21525e+06
9,1228540,1.22854e+06,1.22852e+06,1.22853e+06,1.21547e+06
2,1228700,1.22876e+06,1.22874e+06,1.22875e+06,1.21569e+06
1,1228980,1.22898e+06,1.22896e+06,1.22897e+06,1.21592e+06
3,1229220,1.2292e+06,1.22918e+06,1.22919e+06,1.21614e+06
6,1229450,1.22942e+06,1.2294e+06,1.22941e+06,1.21636e+06
8,1229700,1.22963e+06,1.22962e+06,1.22963e+06,1.21658e+06
10,1229820,1.22985e+06,1.22984e+06,1.22985e+06,1.2168e+06
5,1230100,1.23007e+06,1.23006e+06,1.23007e+06,1.21702e+06
4,1230310,1.23029e+06,1.23029e+06,1.2303e+06,1.21724e+06
7,1230510,1.23051e+06,1.23051e+06,1.23052e+06,1.21747e+06
2,1230710,1.23073e+06,1.23073e+06,1.23074e+06,1.21769e+06
9,1230900,1.23095e+06,1.23095e+06,1.23096e+06,1.21791e+06
3,1231100,1.23117e+06,1.23117e+06,1.23118e+06,1.21813e+06
1,1231360,1.23139e+06,1.23139e+06,1.2314e+06,1.21835e+06
8,1231590,1.2316e+06,1.23161e+06,1.23162e+06,1.21857e+06
6,1231830,1.23182e+06,1.23183e+06,1.23184e+06,1.21879e+06
10,1232130,1.23204e+06,1.23205e+06,1.23206e+06,1.21901e+06
4,1232470,1.23251e+06,1.23248e+06,1.23248e+06,1.21946e+06
5,1232740,1.23273e+06,1.23271e+06,1.2327e+06,1.21968e+06
2,1232930,1.23295e+06,1.23293e+06,1.23292e+06,1.2199e+06
7,1233170,1.23316e+06,1.23315e+06,1.23314e+06,1.22012e+06
3,1233380,1.23338e+06,1.23337e+06,1.23336e+06,1.22034e+06
9,1233610,1.2336e+06,1.23359e+06,1.23358e+06,1.22056e+06
8,1233810,1.23382e+06,1.23381e+06,1.2338e+06,1.22078e+06
1,1234000,1.23403e+06,1.23403e+06,1.23402e+06,1.22101e+06
6,1234200,1.23425e+06,1.23425e+06,1.23424e+06,1.22123e+06
10,1234500,1.23447e+06,1.23447e+06,1.23446e+06,1.22145e+06
4,1234700,1.23469e+06,1.23469e+06,1.23468e+06,1.22167e+06
2,1234960,1.2349e+06,1.23491e+06,1.23491e+06,1.22189e+06
5,1235120,1.23512e+06,1.23513e+06,1.23513e+06,1.22211e+06
3,1235320,1.23534e+06,1.23535e+06,1.23535e+06,1.22233e+06
7,1235530,1.23556e+06,1.23557e+06,1.23557e+06,1.22255e+06
8,1235770,1.23578e+06,1.23579e+06,1.23579e+06,1.22278e+06
9,1235990,1.23599e+06,1.23601e+06,1.23601e+06,1.223e+06
6,1236180,1.23621e+06,1.23623e+06,1.23623e+06,1.22322e+06
1,1236400,1.23643e+06,1.23645e+06,1.23645e+06,1.22344e+06
10,1236710,1.23665e+06,1.23667e+06,1.23667e+06,1.22366e+06
2,1237170,1.23713e+06,1.23711e+06,1.2371e+06,1.2241e+06
4,1237350,1.23735e+06,1.23733e+06,1.23732e+06,1.22432e+06
3,1237550,1.23757e+06,1.23755e+06,1.23754e+06,1.22455e+06
5,1237830,1.23779e+06,1.23777e+06,1.23776e+06,1.22477e+06
8,1238020,1.238e+06,1.23799e+06,1.23799e+06,1.22499e+06
7,1238210,1.23822e+06,1.23821e+06,1.23821e+06,1.22521e+06
6,1238450,1.23844e+06,1.23843e+06,1.23843e+06,1.22543e+06
9,1238700,1.23866e+06,1.23865e+06,1.23865e+06,1.22565e+06
1,1238800,1.23888e+06,1.23887e+06,1.23887e+06,1.22587e+06
10,1239030,1.23909e+06,1.23909e+06,1.23909e+06,1.22609e+06
2,1239360,1.23931e+06,1.23931e+06,1.23932e+06,1.22632e+06
3,1239570,1.23953e+06,1.23953e+06,1.23954e+06,1.22654e+06
4,1239750,1.23975e+06,1.23975e+06,1.23976e+06,1.22676e+06
8,1239970,1.23997e+06,1.23997e+06,1.23998e+06,1.22698e+06
5,1240260,1.24018e+06,1.24019e+06,1.2402e+06,1.2272e+06
6,1240400,1.2404e+06,1.24041e+06,1.24043e+06,1.22742e+06
7,1240570,1.24062e+06,1.24063e+06,1.24065e+06,1.22764e+06
1,1240750,1.24084e+06,1.24085e+06,1.24087e+06,1.22787e+06
9,1241040,1.24105e+06,1.24108e+06,1.24109e+06,1.22809e+06
10,1241330,1.24127e+06,1.2413e+06,1.24131e+06,1.22831e+06
3,1241840,1.24177e+06,1.24175e+06,1.24174e+06,1.22875e+06
2,1242000,1.24199e+06,1.24197e+06,1.24197e+06,1.22897e+06
8,1242260,1.24221e+06,1.24219e+06,1.24219e+06,1.22919e+06
4,1242430,1.24243e+06,1.24241e+06,1.24241e+06,1.22941e+06
6,1242660,1.24265e+06,1.24263e+06,1.24263e+06,1.22964e+06
5,1242830,1.24287e+06,1.24285e+06,1.24286e+06,1.22986e+06
1,1243090,1.24308e+06,1.24307e+06,1.24308e+06,1.23008e+06
7,1243260,1.2433e+06,1.24329e+06,1.2433e+06,1.2303e+06
9,1243490,1.24352e+06,1.24351e+06,1.24352e+06,1.23052e+06
10,1243700,1.24374e+06,1.24373e+06,1.24375e+06,1.23074e+06
3,1243960,1.24396e+06,1.24395e+06,1.24397e+06,1.23096e+06
8,1244210,1.24418e+06,1.24418e+06,1.24419e+06,1.23118e+06
2,1244410,1.2444e+06,1.2444e+06,1.24441e+06,1.23141e+06
6,1244600,1.24462e+06,1.24462e+06,1.24464e+06,1.23163e+06
4,1244870,1.24484e+06,1.24484e+06,1.24486e+06,1.23185e+06
1,1245100,1.24506e+06,1.24506e+06,1.24508e+06,1.23207e+06
5,1245270,1.24528e+06,1.24528e+06,1.2453e+06,1.23229e+06
9,1245500,1.2455e+06,1.2455e+06,1.24552e+06,1.23251e+06
7,1245700,1.24572e+06,1.24572e+06,1.24575e+06,1.23273e+06
10,1245960,1.24594e+06,1.24594e+06,1.24597e+06,1.23295e+06
8,1246410,1.24642e+06,1.2464e+06,1.2464e+06,1.2334e+06
3,1246640,1.24664e+06,1.24662e+06,1.24662e+06,1.23362e+06
6,1246820,1.24686e+06,1.24684e+06,1.24684e+06,1.23384e+06
2,1247110,1.24708e+06,1.24706e+06,1.24706e+06,1.23406e+06
1,1247330,1.2473e+06,1.24728e+06,1.24729e+06,1.23428e+06
4,1247560,1.24752e+06,1.2475e+06,1.24751e+06,1.2345e+06
9,1247750,1.24774e+06,1.24772e+06,1.24773e+06,1.23472e+06
5,1247970,1.24796e+06,1.24795e+06,1.24796e+06,1.23495e+06
7,1248190,1.24818e+06,1.24817e+06,1.24818e+06,1.23517e+06
10,1248360,1.2484e+06,1.24839e+06,1.2484e+06,1.23539e+06
8,1248620,1.24862e+06,1.24861e+06,1.24862e+06,1.23561e+06
6,1248830,1.24884e+06,1.24883e+06,1.24885e+06,1.23583e+06
3,1249010,1.24906e+06,1.24905e+06,1.24907e+06,1.23605e+06
1,1249280,1.24928e+06,1.24927e+06,1.24929e+06,1.23627e+06
2,1249520,1.2495e+06,1.24949e+06,1.24951e+06,1.23649e+06
9,1249720,1.24972e+06,1.24971e+06,1.24974e+06,1.23672e+06
4,1249910,1.24994e+06,1.24993e+06,1.24996e+06,1.23694e+06
7,1250150,1.25016e+06,1.25016e+06,1.25018e+06,1.23716e+06
5,1250380,1.25038e+06,1.25038e+06,1.2504e+06,1.23738e+06
10,1250680,1.2506e+06,1.2506e+06,1.25063e+06,1.2376e+06
6,1251100,1.25108e+06,1.25106e+06,1.25106e+06,1.23804e+06
8,1251310,1.2513e+06,1.25128e+06,1.25128e+06,1.23827e+06
1,1251490,1.25152e+06,1.2515e+06,1.2515e+06,1.23849e+06
3,1251730,1.25174e+06,1.25172e+06,1.25173e+06,1.23871e+06
9,1251980,1.25196e+06,1.25194e+06,1.25195e+06,1.23893e+06
2,1252220,1.25218e+06,1.25216e+06,1.25217e+06,1.23915e+06
7,1252380,1.2524e+06,1.25239e+06,1.25239e+06,1.23937e+06
4,1252560,1.25262e+06,1.25261e+06,1.25262e+06,1.23959e+06
5,1252800,1.25285e+06,1.25283e+06,1.25284e+06,1.23981e+06
10,1253080,1.25307e+06,1.25305e+06,1.25306e+06,1.24004e+06
6,1253340,1.25329e+06,1.25327e+06,1.25329e+06,1.24026e+06
1,1253570,1.25351e+06,1.25349e+06,1.25351e+06,1.24048e+06
8,1253690,1.25373e+06,1.25371e+06,1.25373e+06,1.2407e+06
9,1253920,1.25395e+06,1.25394e+06,1.25395e+06,1.24092e+06
3,1254100,1.25417e+06,1.25416e+06,1.25418e+06,1.24114e+06
7,1254350,1.25439e+06,1.25438e+06,1.2544e+06,1.24136e+06
2,1254650,1.25461e+06,1.2546e+06,1.25462e+06,1.24158e+06
5,1254840,1.25483e+06,1.25482e+06,1.25484e+06,1.24181e+06
4,1255050,1.25505e+06,1.25504e+06,1.25507e+06,1.24203e+06
10,1255320,1.25527e+06,1.25526e+06,1.25529e+06,1.24225e+06
1,1255820,1.25575e+06,1.25571e+06,1.25572e+06,1.24269e+06
6,1256050,1.25597e+06,1.25594e+06,1.25595e+06,1.24291e+06
8,1256240,1.25619e+06,1.25616e+06,1.25617e+06,1.24313e+06
3,1256400,1.2564e+06,1.25638e+06,1.25639e+06,1.24335e+06
9,1256630,1.25662e+06,1.2566e+06,1.25661e+06,1.24358e+06
2,1256760,1.25684e+06,1.25682e+06,1.25683e+06,1.2438e+06
7,1257010,1.25706e+06,1.25704e+06,1.25705e+06,1.24402e+06
4,1257190,1.25728e+06,1.25727e+06,1.25727e+06,1.24424e+06
5,1257440,1.2575e+06,1.25749e+06,1.2575e+06,1.24446e+06
10,1257690,1.25772e+06,1.25771e+06,1.25772e+06,1.24468e+06
1,1257900,1.25794e+06,1.25793e+06,1.25794e+06,1.2449e+06
6,1258160,1.25816e+06,1.25815e+06,1.25816e+06,1.24512e+06
8,1258430,1.25837e+06,1.25837e+06,1.25838e+06,1.24535e+06
9,1258640,1.25859e+06,1.2586e+06,1.2586e+06,1.24557e+06
3,1258810,1.25881e+06,1.25882e+06,1.25882e+06,1.24579e+06
7,1259000,1.25903e+06,1.25904e+06,1.25904e+06,1.24601e+06
2,1259290,1.25925e+06,1.25926e+06,1.25927e+06,1.24623e+06
5,1259470,1.25947e+06,1.25948e+06,1.25949e+06,1.24645e+06
4,1259660,1.25969e+06,1.2597e+06,1.25971e+06,1.24667e+06
10,1259950,1.25991e+06,1.25992e+06,1.25993e+06,1.2469e+06
6,1260380,1.26037e+06,1.26035e+06,1.26034e+06,1.24734e+06
1,1260550,1.26059e+06,1.26057e+06,1.26056e+06,1.24756e+06
8,1260770,1.2608e+06,1.26079e+06,1.26078e+06,1.24778e+06
3,1261040,1.26102e+06,1.26101e+06,1.261e+06,1.248e+06
9,1261240,1.26124e+06,1.26123e+06,1.26122e+06,1.24822e+06
2,1261470,1.26146e+06,1.26146e+06,1.26144e+06,1.24844e+06
7,1261620,1.26168e+06,1.26168e+06,1.26166e+06,1.24867e+06
4,1261840,1.2619e+06,1.2619e+06,1.26188e+06,1.24889e+06
5,1262120,1.26211e+06,1.26212e+06,1.2621e+06,1.24911e+06
10,1262340,1.26233e+06,1.26234e+06,1.26233e+06,1.24933e+06
6,1262550,1.26255e+06,1.26256e+06,1.26255e+06,1.24955e+06
8,1262760,1.26277e+06,1.26278e+06,1.26277e+06,1.24977e+06
1,1262920,1.26299e+06,1.263e+06,1.26299e+06,1.24999e+06
9,1263190,1.26321e+06,1.26322e+06,1.26321e+06,1.25021e+06
3,1263380,1.26343e+06,1.26344e+06,1.26343e+06,1.25044e+06
7,1263610,1.26364e+06,1.26367e+06,1.26365e+06,1.25066e+06
2,1263910,1.26386e+06,1.26389e+06,1.26387e+06,1.25088e+06
5,1264090,1.26408e+06,1.26411e+06,1.26409e+06,1.2511e+06
4,1264310,1.2643e+06,1.26433e+06,1.26431e+06,1.25132e+06
10,1264620,1.26452e+06,1.26455e+06,1.26453e+06,1.25154e+06
8,1264950,1.26498e+06,1.26498e+06,1.26495e+06,1.25198e+06
6,1265200,1.2652e+06,1.2652e+06,1.26518e+06,1.25221e+06
9,1265440,1.26542e+06,1.26542e+06,1.2654e+06,1.25243e+06
1,1265530,1.26564e+06,1.26564e+06,1.26562e+06,1.25265e+06
7,1265780,1.26586e+06,1.26586e+06,1.26584e+06,1.25287e+06
3,1266030,1.26608e+06,1.26608e+06,1.26606e+06,1.25309e+06
5,1266270,1.2663e+06,1.2663e+06,1.26629e+06,1.25331e+06
2,1266630,1.26652e+06,1.26652e+06,1.26651e+06,1.25353e+06
4,1266760,1.26674e+06,1.26674e+06,1.26673e+06,1.25375e+06
10,1266960,1.26696e+06,1.26697e+06,1.26695e+06,1.25398e+06
8,1267200,1.26718e+06,1.26719e+06,1.26717e+06,1.2542e+06
9,1267400,1.2674e+06,1.26741e+06,1.2674e+06,1.25442e+06
6,1267640,1.26762e+06,1.26763e+06,1.26762e+06,1.25464e+06
7,1267780,1.26784e+06,1.26785e+06,1.26784e+06,1.25486e+06
1,1268020,1.26806e+06,1.26807e+06,1.26806e+06,1.25508e+06
5,1268260,1.26828e+06,1.26829e+06,1.26828e+06,1.2553e+06
3,1268440,1.2685e+06,1.26851e+06,1.26851e+06,1.25552e+06
4,1268690,1.26872e+06,1.26873e+06,1.26873e+06,1.25575e+06
2,1269030,1.26894e+06,1.26895e+06,1.26895e+06,1.25597e+06
10,1269250,1.26916e+06,1.26917e+06,1.26917e+06,1.25619e+06
9,1269680,1.26964e+06,1.26962e+06,1.26962e+06,1.25663e+06
8,1269940,1.26986e+06,1.26984e+06,1.26984e+06,1.25685e+06
7,1270090,1.27008e+06,1.27006e+06,1.27006e+06,1.25707e+06
6,1270330,1.2703e+06,1.27029e+06,1.27028e+06,1.2573e+06
5,1270500,1.27052e+06,1.27051e+06,1.27051e+06,1.25752e+06
1,1270710,1.27074e+06,1.27073e+06,1.27073e+06,1.25774e+06
4,1270930,1.27096e+06,1.27095e+06,1.27095e+06,1.25796e+06
3,1271130,1.27118e+06,1.27117e+06,1.27117e+06,1.25818e+06
2,1271290,1.2714e+06,1.27139e+06,1.2714e+06,1.2584e+06
10,1271580,1.27162e+06,1.27161e+06,1.27162e+06,1.25862e+06
9,1271870,1.27184e+06,1.27183e+06,1.27184e+06,1.25884e+06
7,1272070,1.27206e+06,1.27205e+06,1.27206e+06,1.25907e+06
8,1272320,1.27228e+06,1.27227e+06,1.27229e+06,1.25929e+06
5,1272520,1.2725e+06,1.2725e+06,1.27251e+06,1.25951e+06
6,1272740,1.27272e+06,1.27272e+06,1.27273e+06,1.25973e+06
4,1272960,1.27294e+06,1.27294e+06,1.27295e+06,1.25995e+06
1,1273170,1.27316e+06,1.27316e+06,1.27318e+06,1.26017e+06
2,1273410,1.27338e+06,1.27338e+06,1.2734e+06,1.26039e+06
3,1273530,1.2736e+06,1.2736e+06,1.27362e+06,1.26061e+06
10,1273840,1.27382e+06,1.27382e+06,1.27384e+06,1.26084e+06
7,1274310,1.2743e+06,1.27427e+06,1.27427e+06,1.26128e+06
9,1274540,1.27452e+06,1.27449e+06,1.27449e+06,1.2615e+06
5,1274750,1.27473e+06,1.27471e+06,1.27471e+06,1.26172e+06
8,1274990,1.27495e+06,1.27493e+06,1.27494e+06,1.26194e+06
4,1275190,1.27517e+06,1.27515e+06,1.27516e+06,1.26216e+06
6,1275420,1.27539e+06,1.27537e+06,1.27538e+06,1.26238e+06
2,1275630,1.27561e+06,1.2756e+06,1.2756e+06,1.26261e+06
1,1275810,1.27583e+06,1.27582e+06,1.27582e+06,1.26283e+06
3,1276040,1.27605e+06,1.27604e+06,1.27604e+06,1.26305e+06
10,1276170,1.27626e+06,1.27626e+06,1.27626e+06,1.26327e+06
7,1276430,1.27648e+06,1.27648e+06,1.27649e+06,1.26349e+06
5,1276760,1.2767e+06,1.2767e+06,1.27671e+06,1.26371e+06
9,1276940,1.27692e+06,1.27692e+06,1.27693e+06,1.26393e+06
4,1277150,1.27714e+06,1.27714e+06,1.27715e+06,1.26415e+06
8,1277360,1.27736e+06,1.27736e+06,1.27737e+06,1.26438e+06
2,1277560,1.27758e+06,1.27758e+06,1.27759e+06,1.2646e+06
6,1277720,1.27779e+06,1.27781e+06,1.27781e+06,1.26482e+06
3,1278000,1.27801e+06,1.27803e+06,1.27804e+06,1.26504e+06
1,1278250,1.27823e+06,1.27825e+06,1.27826e+06,1.26526e+06
10,1278490,1.27845e+06,1.27847e+06,1.27848e+06,1.26548e+06
5,1278920,1.27893e+06,1.2789e+06,1.2789e+06,1.26592e+06
7,1279180,1.27915e+06,1.27912e+06,1.27912e+06,1.26615e+06
4,1279470,1.27937e+06,1.27934e+06,1.27934e+06,1.26637e+06
9,1279650,1.27958e+06,1.27956e+06,1.27956e+06,1.26659e+06
2,1279750,1.2798e+06,1.27979e+06,1.27978e+06,1.26681e+06
8,1280010,1.28002e+06,1.28001e+06,1.28e+06,1.26703e+06
3,1280300,1.28023e+06,1.28023e+06,1.28022e+06,1.26725e+06
6,1280440,1.28045e+06,1.28045e+06,1.28044e+06,1.26747e+06
1,1280520,1.28067e+06,1.28067e+06,1.28067e+06,1.2677e+06
10,1280860,1.28088e+06,1.28089e+06,1.28089e+06,1.26792e+06
5,1281120,1.2811e+06,1.28111e+06,1.28111e+06,1.26814e+06
4,1281360,1.28132e+06,1.28133e+06,1.28133e+06,1.26836e+06
7,1281590,1.28153e+06,1.28155e+06,1.28155e+06,1.26858e+06
2,1281830,1.28175e+06,1.28177e+06,1.28177e+06,1.2688e+06
9,1281950,1.28197e+06,1.28199e+06,1.28199e+06,1.26902e+06
3,1282240,1.28218e+06,1.28221e+06,1.28221e+06,1.26924e+06
8,1282390,1.2824e+06,1.28243e+06,1.28243e+06,1.26947e+06
1,1282460,1.28262e+06,1.28265e+06,1.28265e+06,1.26969e+06
6,1282760,1.28283e+06,1.28287e+06,1.28287e+06,1.26991e+06
10,1283130,1.28305e+06,1.2831e+06,1.28309e+06,1.27013e+06
4,1283530,1.28353e+06,1.28352e+06,1.28351e+06,1.27057e+06
5,1283720,1.28375e+06,1.28374e+06,1.28373e+06,1.27079e+06
2,1283960,1.28397e+06,1.28396e+06,1.28395e+06,1.27101e+06
7,1284210,1.28419e+06,1.28419e+06,1.28417e+06,1.27124e+06
3,1284520,1.28441e+06,1.28441e+06,1.28439e+06,1.27146e+06
9,1284670,1.28462e+06,1.28463e+06,1.28461e+06,1.27168e+06
1,1284760,1.28484e+06,1.28485e+06,1.28484e+06,1.2719e+06
8,1285000,1.28506e+06,1.28507e+06,1.28506e+06,1.27212e+06
6,1285260,1.28528e+06,1.28529e+06,1.28528e+06,1.27234e+06
10,1285440,1.2855e+06,1.28551e+06,1.2855e+06,1.27256e+06
4,1285710,1.28572e+06,1.28573e+06,1.28572e+06,1.27278e+06
2,1286010,1.28594e+06,1.28595e+06,1.28594e+06,1.27301e+06
5,1286130,1.28615e+06,1.28617e+06,1.28616e+06,1.27323e+06
3,1286340,1.28637e+06,1.28639e+06,1.28638e+06,1.27345e+06
7,1286590,1.28659e+06,1.28661e+06,1.2866e+06,1.27367e+06
1,1286870,1.28681e+06,1.28683e+06,1.28682e+06,1.27389e+06
9,1286970,1.28703e+06,1.28705e+06,1.28704e+06,1.27411e+06
6,1287250,1.28725e+06,1.28727e+06,1.28726e+06,1.27433e+06
8,1287450,1.28746e+06,1.28749e+06,1.28748e+06,1.27455e+06
10,1287760,1.28768e+06,1.28771e+06,1.2877e+06,1.27478e+06
2,1288140,1.28815e+06,1.28814e+06,1.28812e+06,1.27522e+06
4,1288310,1.28837e+06,1.28836e+06,1.28834e+06,1.27544e+06
3,1288560,1.28859e+06,1.28858e+06,1.28856e+06,1.27566e+06
5,1288790,1.28881e+06,1.2888e+06,1.28878e+06,1.27588e+06
1,1289050,1.28903e+06,1.28902e+06,1.28901e+06,1.2761e+06
7,1289200,1.28925e+06,1.28924e+06,1.28923e+06,1.27632e+06
6,1289480,1.28947e+06,1.28946e+06,1.28945e+06,1.27655e+06
9,1289700,1.28968e+06,1.28968e+06,1.28967e+06,1.27677e+06
8,1289930,1.2899e+06,1.2899e+06,1.2899e+06,1.27699e+06
10,1290090,1.29012e+06,1.29012e+06,1.29012e+06,1.27721e+06
2,1290390,1.29034e+06,1.29034e+06,1.29034e+06,1.27743e+06
3,1290550,1.29056e+06,1.29056e+06,1.29056e+06,1.27765e+06
4,1290770,1.29078e+06,1.29078e+06,1.29078e+06,1.27787e+06
1,1291030,1.291e+06,1.29101e+06,1.29101e+06,1.2781e+06
5,1291160,1.29122e+06,1.29123e+06,1.29123e+06,1.27832e+06
6,1291430,1.29144e+06,1.29145e+06,1.29145e+06,1.27854e+06
7,1291630,1.29166e+06,1.29167e+06,1.29167e+06,1.27876e+06
8,1291870,1.29188e+06,1.29189e+06,1.29189e+06,1.27898e+06
9,1292080,1.2921e+06,1.29211e+06,1.29212e+06,1.2792e+06
10,1292410,1.29232e+06,1.29233e+06,1.29234e+06,1.27942e+06
3,1292880,1.29281e+06,1.29279e+06,1.29279e+06,1.27987e+06
2,1293060,1.29303e+06,1.29301e+06,1.29301e+06,1.28009e+06
1,1293330,1.29325e+06,1.29323e+06,1.29324e+06,1.28031e+06
4,1293470,1.29347e+06,1.29345e+06,1.29346e+06,1.28053e+06
6,1293710,1.29369e+06,1.29367e+06,1.29368e+06,1.28075e+06
5,1293930,1.29391e+06,1.29389e+06,1.2939e+06,1.28097e+06
8,1294110,1.29413e+06,1.29411e+06,1.29412e+06,1.28119e+06
7,1294340,1.29435e+06,1.29433e+06,1.29435e+06,1.28141e+06
9,1294570,1.29457e+06,1.29455e+06,1.29457e+06,1.28164e+06
10,1294770,1.29479e+06,1.29477e+06,1.29479e+06,1.28186e+06
3,1294970,1.295e+06,1.29499e+06,1.29501e+06,1.28208e+06
1,1295270,1.29522e+06,1.29521e+06,1.29524e+06,1.2823e+06
2,1295460,1.29544e+06,1.29543e+06,1.29546e+06,1.28252e+06
6,1295650,1.29566e+06,1.29566e+06,1.29568e+06,1.28274e+06
4,1295860,1.29588e+06,1.29588e+06,1.2959e+06,1.28296e+06
8,1296060,1.2961e+06,1.2961e+06,1.29612e+06,1.28318e+06
5,1296330,1.29632e+06,1.29632e+06,1.29635e+06,1.28341e+06
9,1296510,1.29654e+06,1.29654e+06,1.29657e+06,1.28363e+06
7,1296740,1.29676e+06,1.29676e+06,1.29679e+06,1.28385e+06
10,1297030,1.29698e+06,1.29698e+06,1.29701e+06,1.28407e+06
1,1297510,1.29746e+06,1.29742e+06,1.29742e+06,1.28451e+06
3,1297740,1.29768e+06,1.29764e+06,1.29764e+06,1.28473e+06
2,1297900,1.29789e+06,1.29787e+06,1.29787e+06,1.28495e+06
4,1298090,1.29811e+06,1.29809e+06,1.29809e+06,1.28518e+06
6,1298350,1.29833e+06,1.29831e+06,1.29831e+06,1.2854e+06
5,1298520,1.29855e+06,1.29853e+06,1.29853e+06,1.28562e+06
8,1298700,1.29876e+06,1.29875e+06,1.29875e+06,1.28584e+06
7,1298930,1.29898e+06,1.29897e+06,1.29897e+06,1.28606e+06
9,1299200,1.2992e+06,1.29919e+06,1.29919e+06,1.28628e+06
10,1299410,1.29942e+06,1.29941e+06,1.29941e+06,1.2865e+06
1,1299680,1.29963e+06,1.29963e+06,1.29964e+06,1.28672e+06
2,1299870,1.29985e+06,1.29985e+06,1.29986e+06,1.28695e+06
3,1300060,1.30007e+06,1.30007e+06,1.30008e+06,1.28717e+06
6,1300280,1.30029e+06,1.30029e+06,1.3003e+06,1.28739e+06
4,1300510,1.3005e+06,1.30051e+06,1.30052e+06,1.28761e+06
8,1300700,1.30072e+06,1.30073e+06,1.30074e+06,1.28783e+06
5,1300910,1.30094e+06,1.30095e+06,1.30096e+06,1.28805e+06
9,1301140,1.30116e+06,1.30117e+06,1.30119e+06,1.28827e+06
7,1301360,1.30137e+06,1.3014e+06,1.30141e+06,1.2885e+06
10,1301650,1.30159e+06,1.30162e+06,1.30163e+06,1.28872e+06
2,1302060,1.30208e+06,1.30206e+06,1.30206e+06,1.28916e+06
1,1302360,1.3023e+06,1.30228e+06,1.30228e+06,1.28938e+06
3,1302520,1.30252e+06,1.3025e+06,1.3025e+06,1.2896e+06
4,1302760,1.30274e+06,1.30272e+06,1.30272e+06,1.28982e+06
6,1303010,1.30296e+06,1.30294e+06,1.30294e+06,1.29004e+06
5,1303180,1.30318e+06,1.30317e+06,1.30317e+06,1.29027e+06
8,1303320,1.3034e+06,1.30339e+06,1.30339e+06,1.29049e+06
7,1303580,1.30361e+06,1.30361e+06,1.30361e+06,1.29071e+06
9,1303860,1.30383e+06,1.30383e+06,1.30383e+06,1.29093e+06
10,1304010,1.30405e+06,1.30405e+06,1.30405e+06,1.29115e+06
2,1304300,1.30427e+06,1.30427e+06,1.30427e+06,1.29137e+06
3,1304490,1.30449e+06,1.30449e+06,1.3045e+06,1.29159e+06
1,1304710,1.30471e+06,1.30471e+06,1.30472e+06,1.29181e+06
6,1304910,1.30493e+06,1.30493e+06,1.30494e+06,1.29204e+06
4,1305140,1.30515e+06,1.30515e+06,1.30516e+06,1.29226e+06
8,1305360,1.30537e+06,1.30537e+06,1.30538e+06,1.29248e+06
5,1305590,1.30558e+06,1.30559e+06,1.3056e+06,1.2927e+06
9,1305800,1.3058e+06,1.30581e+06,1.30583e+06,1.29292e+06
7,1306030,1.30602e+06,1.30603e+06,1.30605e+06,1.29314e+06
10,1306280,1.30624e+06,1.30626e+06,1.30627e+06,1.29336e+06
3,1306770,1.30673e+06,1.3067e+06,1.3067e+06,1.29381e+06
2,1306970,1.30694e+06,1.30692e+06,1.30692e+06,1.29403e+06
6,1307180,1.30716e+06,1.30714e+06,1.30715e+06,1.29425e+06
1,1307360,1.30738e+06,1.30736e+06,1.30737e+06,1.29447e+06
8,1307550,1.3076e+06,1.30758e+06,1.30759e+06,1.29469e+06
4,1307720,1.30782e+06,1.30781e+06,1.30781e+06,1.29491e+06
9,1308070,1.30804e+06,1.30803e+06,1.30803e+06,1.29513e+06
5,1308240,1.30826e+06,1.30825e+06,1.30825e+06,1.29535e+06
7,1308470,1.30848e+06,1.30847e+06,1.30847e+06,1.29558e+06
10,1308710,1.30869e+06,1.30869e+06,1.30869e+06,1.2958e+06
3,1308970,1.30891e+06,1.30891e+06,1.30891e+06,1.29602e+06
6,1309180,1.30913e+06,1.30913e+06,1.30914e+06,1.29624e+06
2,1309420,1.30935e+06,1.30935e+06,1.30936e+06,1.29646e+06
8,1309620,1.30957e+06,1.30957e+06,1.30958e+06,1.29668e+06
1,1309720,1.30979e+06,1.30979e+06,1.3098e+06,1.2969e+06
9,1309990,1.31001e+06,1.31001e+06,1.31002e+06,1.29712e+06
4,1310190,1.31022e+06,1.31023e+06,1.31024e+06,1.29735e+06
7,1310390,1.31044e+06,1.31045e+06,1.31046e+06,1.29757e+06
5,1310620,1.31066e+06,1.31068e+06,1.31068e+06,1.29779e+06
10,1310940,1.31088e+06,1.3109e+06,1.3109e+06,1.29801e+06
6,1311430,1.31136e+06,1.31133e+06,1.31132e+06,1.29845e+06
3,1311650,1.31158e+06,1.31155e+06,1.31154e+06,1.29867e+06
8,1311830,1.31179e+06,1.31177e+06,1.31176e+06,1.2989e+06
2,1312020,1.31201e+06,1.31199e+06,1.31198e+06,1.29912e+06
9,1312290,1.31223e+06,1.31221e+06,1.3122e+06,1.29934e+06
1,1312320,1.31244e+06,1.31243e+06,1.31242e+06,1.29956e+06
7,1312560,1.31266e+06,1.31265e+06,1.31264e+06,1.29978e+06
4,1312800,1.31287e+06,1.31287e+06,1.31286e+06,1.3e+06
5,1313040,1.31309e+06,1.31309e+06,1.31309e+06,1.30022e+06
10,1313260,1.31331e+06,1.31331e+06,1.31331e+06,1.30044e+06
6,1313570,1.31352e+06,1.31353e+06,1.31353e+06,1.30067e+06
8,1313830,1.31374e+06,1.31375e+06,1.31375e+06,1.30089e+06
3,1314010,1.31396e+06,1.31397e+06,1.31397e+06,1.30111e+06
9,1314230,1.31417e+06,1.31419e+06,1.31419e+06,1.30133e+06
2,1314420,1.31439e+06,1.31441e+06,1.31441e+06,1.30155e+06
7,1314560,1.3146e+06,1.31463e+06,1.31463e+06,1.30177e+06
1,1314690,1.31482e+06,1.31485e+06,1.31485e+06,1.30199e+06
5,1315020,1.31504e+06,1.31507e+06,1.31507e+06,1.30221e+06
4,1315250,1.31525e+06,1.31529e+06,1.31529e+06,1.30244e+06
10,1315540,1.31547e+06,1.31551e+06,1.31551e+06,1.30266e+06
8,1315950,1.31596e+06,1.31595e+06,1.31593e+06,1.3031e+06
6,1316160,1.31618e+06,1.31617e+06,1.31615e+06,1.30332e+06
9,1316460,1.3164e+06,1.31639e+06,1.31637e+06,1.30354e+06
3,1316650,1.31662e+06,1.31661e+06,1.3166e+06,1.30376e+06
7,1316830,1.31683e+06,1.31683e+06,1.31682e+06,1.30398e+06
2,1317110,1.31705e+06,1.31705e+06,1.31704e+06,1.30421e+06
5,1317230,1.31727e+06,1.31727e+06,1.31726e+06,1.30443e+06
1,1317470,1.31749e+06,1.31749e+06,1.31748e+06,1.30465e+06
4,1317650,1.31771e+06,1.31771e+06,1.3177e+06,1.30487e+06
10,1317900,1.31793e+06,1.31793e+06,1.31793e+06,1.30509e+06
8,1318170,1.31814e+06,1.31815e+06,1.31815e+06,1.30531e+06
9,1318360,1.31836e+06,1.31837e+06,1.31837e+06,1.30553e+06
6,1318580,1.31858e+06,1.31859e+06,1.31859e+06,1.30575e+06
7,1318800,1.3188e+06,1.31881e+06,1.31881e+06,1.30598e+06
3,1318960,1.31902e+06,1.31903e+06,1.31903e+06,1.3062e+06
5,1319230,1.31924e+06,1.31925e+06,1.31926e+06,1.30642e+06
2,1319470,1.31945e+06,1.31947e+06,1.31948e+06,1.30664e+06
4,1319660,1.31967e+06,1.31969e+06,1.3197e+06,1.30686e+06
1,1319890,1.31989e+06,1.31991e+06,1.31992e+06,1.30708e+06
10,1320200,1.32011e+06,1.32013e+06,1.32014e+06,1.3073e+06
9,1320620,1.32059e+06,1.32058e+06,1.32058e+06,1.30775e+06
8,1320830,1.32081e+06,1.32081e+06,1.3208e+06,1.30797e+06
7,1320990,1.32103e+06,1.32103e+06,1.32102e+06,1.30819e+06
6,1321240,1.32126e+06,1.32125e+06,1.32125e+06,1.30841e+06
5,1321470,1.32148e+06,1.32147e+06,1.32147e+06,1.30863e+06
3,1321700,1.3217e+06,1.32169e+06,1.32169e+06,1.30885e+06
4,1321880,1.32192e+06,1.32191e+06,1.32191e+06,1.30907e+06
2,1322120,1.32214e+06,1.32213e+06,1.32213e+06,1.3093e+06
1,1322350,1.32236e+06,1.32235e+06,1.32236e+06,1.30952e+06
10,1322560,1.32258e+06,1.32257e+06,1.32258e+06,1.30974e+06
9,1322820,1.3228e+06,1.32279e+06,1.3228e+06,1.30996e+06
7,1323010,1.32302e+06,1.32301e+06,1.32302e+06,1.31018e+06
8,1323230,1.32324e+06,1.32323e+06,1.32324e+06,1.3104e+06
5,1323490,1.32346e+06,1.32345e+06,1.32347e+06,1.31062e+06
6,1323680,1.32368e+06,1.32367e+06,1.32369e+06,1.31084e+06
4,1323870,1.3239e+06,1.32389e+06,1.32391e+06,1.31107e+06
3,1324110,1.32413e+06,1.32411e+06,1.32413e+06,1.31129e+06
1,1324370,1.32435e+06,1.32433e+06,1.32435e+06,1.31151e+06
2,1324600,1.32457e+06,1.32455e+06,1.32458e+06,1.31173e+06
10,1324840,1.32479e+06,1.32478e+06,1.3248e+06,1.31195e+06
7,1325270,1.32526e+06,1.32522e+06,1.32523e+06,1.31239e+06
9,1325490,1.32547e+06,1.32544e+06,1.32545e+06,1.31261e+06
5,1325710,1.32569e+06,1.32566e+06,1.32567e+06,1.31284e+06
8,1325910,1.32591e+06,1.32588e+06,1.32589e+06,1.31306e+06
4,1326090,1.32613e+06,1.32611e+06,1.32611e+06,1.31328e+06
6,1326340,1.32635e+06,1.32633e+06,1.32633e+06,1.3135e+06
1,1326560,1.32657e+06,1.32655e+06,1.32655e+06,1.31372e+06
3,1326760,1.32678e+06,1.32677e+06,1.32677e+06,1.31394e+06
2,1326930,1.327e+06,1.32699e+06,1.32699e+06,1.31416e+06
10,1327200,1.32722e+06,1.32721e+06,1.32722e+06,1.31438e+06
7,1327450,1.32744e+06,1.32743e+06,1.32744e+06,1.31461e+06
5,1327670,1.32766e+06,1.32765e+06,1.32766e+06,1.31483e+06
9,1327920,1.32788e+06,1.32787e+06,1.32788e+06,1.31505e+06
4,1328140,1.32809e+06,1.32809e+06,1.3281e+06,1.31527e+06
8,1328290,1.32831e+06,1.32831e+06,1.32832e+06,1.31549e+06
1,1328440,1.32853e+06,1.32853e+06,1.32854e+06,1.31571e+06
6,1328670,1.32875e+06,1.32875e+06,1.32876e+06,1.31593e+06
2,1329020,1.32897e+06,1.32897e+06,1.32898e+06,1.31615e+06
3,1329160,1.32918e+06,1.32919e+06,1.3292e+06,1.31638e+06
10,1329490,1.3294e+06,1.32942e+06,1.32942e+06,1.3166e+06
5,1329860,1.32987e+06,1.32985e+06,1.32984e+06,1.31704e+06
7,1330100,1.33009e+06,1.33007e+06,1.33006e+06,1.31726e+06
4,1330360,1.33031e+06,1.33029e+06,1.33028e+06,1.31748e+06
9,1330590,1.33052e+06,1.33051e+06,1.3305e+06,1.3177e+06
1,1330630,1.33074e+06,1.33073e+06,1.33072e+06,1.31792e+06
8,1330870,1.33096e+06,1.33095e+06,1.33094e+06,1.31815e+06
2,1331150,1.33118e+06,1.33117e+06,1.33116e+06,1.31837e+06
6,1331390,1.33139e+06,1.33139e+06,1.33138e+06,1.31859e+06
3,1331650,1.33161e+06,1.33161e+06,1.3316e+06,1.31881e+06
10,1331820,1.33183e+06,1.33183e+06,1.33182e+06,1.31903e+06
5,1332050,1.33204e+06,1.33205e+06,1.33204e+06,1.31925e+06
4,1332330,1.33226e+06,1.33227e+06,1.33226e+06,1.31947e+06
7,1332500,1.33248e+06,1.33249e+06,1.33248e+06,1.3197e+06
1,1332600,1.33269e+06,1.33271e+06,1.3327e+06,1.31992e+06
9,1332870,1.33291e+06,1.33293e+06,1.33292e+06,1.32014e+06
2,1333130,1.33313e+06,1.33315e+06,1.33314e+06,1.32036e+06
8,1333310,1.33335e+06,1.33337e+06,1.33336e+06,1.32058e+06
3,1333540,1.33356e+06,1.33359e+06,1.33358e+06,1.3208e+06
6,1333790,1.33378e+06,1.33381e+06,1.3338e+06,1.32102e+06
10,1334090,1.334e+06,1.33403e+06,1.33403e+06,1.32124e+06
4,1334510,1.33448e+06,1.33446e+06,1.33445e+06,1.32169e+06
5,1334660,1.3347e+06,1.33468e+06,1.33467e+06,1.32191e+06
1,1334940,1.33491e+06,1.3349e+06,1.33489e+06,1.32213e+06
7,1335090,1.33513e+06,1.33512e+06,1.33511e+06,1.32235e+06
2,1335380,1.33535e+06,1.33534e+06,1.33533e+06,1.32257e+06
9,1335580,1.33557e+06,1.33556e+06,1.33555e+06,1.32279e+06
3,1335810,1.33579e+06,1.33578e+06,1.33577e+06,1.32301e+06
8,1335950,1.336e+06,1.336e+06,1.336e+06,1.32324e+06
6,1336200,1.33622e+06,1.33622e+06,1.33622e+06,1.32346e+06
10,1336430,1.33644e+06,1.33644e+06,1.33644e+06,1.32368e+06
4,1336640,1.33666e+06,1.33666e+06,1.33666e+06,1.3239e+06
1,1336930,1.33687e+06,1.33688e+06,1.33688e+06,1.32412e+06
5,1337090,1.33709e+06,1.3371e+06,1.3371e+06,1.32434e+06
2,1337350,1.33731e+06,1.33732e+06,1.33732e+06,1.32456e+06
7,1337500,1.33753e+06,1.33754e+06,1.33754e+06,1.32478e+06
3,1337720,1.33775e+06,1.33776e+06,1.33776e+06,1.32501e+06
9,1337930,1.33796e+06,1.33798e+06,1.33798e+06,1.32523e+06
6,1338170,1.33818e+06,1.3382e+06,1.3382e+06,1.32545e+06
8,1338380,1.3384e+06,1.33842e+06,1.33843e+06,1.32567e+06
10,1338700,1.33862e+06,1.33864e+06,1.33865e+06,1.32589e+06
1,1339140,1.3391e+06,1.33909e+06,1.33908e+06,1.32633e+06
4,1339310,1.33932e+06,1.33931e+06,1.3393e+06,1.32655e+06
2,1339540,1.33954e+06,1.33953e+06,1.33952e+06,1.32678e+06
5,1339780,1.33976e+06,1.33975e+06,1.33974e+06,1.327e+06
3,1339990,1.33997e+06,1.33997e+06,1.33996e+06,1.32722e+06
7,1340130,1.34019e+06,1.34019e+06,1.34018e+06,1.32744e+06
6,1340380,1.34041e+06,1.34041e+06,1.3404e+06,1.32766e+06
9,1340660,1.34063e+06,1.34063e+06,1.34062e+06,1.32788e+06
8,1340840,1.34085e+06,1.34085e+06,1.34085e+06,1.3281e+06
10,1341030,1.34107e+06,1.34107e+06,1.34107e+06,1.32832e+06
1,1341320,1.34129e+06,1.34129e+06,1.34129e+06,1.32855e+06
2,1341570,1.3415e+06,1.34151e+06,1.34151e+06,1.32877e+06
4,1341640,1.34172e+06,1.34173e+06,1.34173e+06,1.32899e+06
3,1341990,1.34194e+06,1.34195e+06,1.34195e+06,1.32921e+06
5,1342150,1.34216e+06,1.34217e+06,1.34217e+06,1.32943e+06
6,1342350,1.34238e+06,1.34239e+06,1.34239e+06,1.32965e+06
7,1342610,1.3426e+06,1.34261e+06,1.34261e+06,1.32987e+06
8,1342790,1.34281e+06,1.34283e+06,1.34283e+06,1.3301e+06
9,1343000,1.34303e+06,1.34305e+06,1.34305e+06,1.33032e+06
10,1343320,1.34325e+06,1.34327e+06,1.34327e+06,1.33054e+06
2,1343700,1.34372e+06,1.3437e+06,1.3437e+06,1.33098e+06
1,1343960,1.34394e+06,1.34392e+06,1.34392e+06,1.3312e+06
4,1344100,1.34416e+06,1.34414e+06,1.34414e+06,1.33142e+06
5,1344360,1.34437e+06,1.34436e+06,1.34436e+06,1.33164e+06
3,1344630,1.34459e+06,1.34458e+06,1.34458e+06,1.33187e+06
7,1344800,1.34481e+06,1.3448e+06,1.3448e+06,1.33209e+06
6,1345010,1.34503e+06,1.34502e+06,1.34502e+06,1.33231e+06
9,1345270,1.34525e+06,1.34524e+06,1.34524e+06,1.33253e+06
8,1345470,1.34546e+06,1.34546e+06,1.34546e+06,1.33275e+06
10,1345630,1.34568e+06,1.34568e+06,1.34568e+06,1.33297e+06
2,1345880,1.3459e+06,1.3459e+06,1.3459e+06,1.33319e+06
4,1346100,1.34612e+06,1.34612e+06,1.34612e+06,1.33341e+06
1,1346330,1.34634e+06,1.34634e+06,1.34634e+06,1.33364e+06
3,1346550,1.34656e+06,1.34656e+06,1.34656e+06,1.33386e+06
5,1346790,1.34677e+06,1.34678e+06,1.34678e+06,1.33408e+06
6,1347030,1.34699e+06,1.347e+06,1.347e+06,1.3343e+06
7,1347190,1.34721e+06,1.34722e+06,1.34722e+06,1.33452e+06
8,1347420,1.34743e+06,1.34744e+06,1.34744e+06,1.33474e+06
9,1347630,1.34765e+06,1.34766e+06,1.34766e+06,1.33496e+06
10,1347920,1.34786e+06,1.34788e+06,1.34788e+06,1.33518e+06
4,1348280,1.34833e+06,1.34831e+06,1.3483e+06,1.33563e+06
2,1348560,1.34855e+06,1.34853e+06,1.34852e+06,1.33585e+06
3,1348760,1.34876e+06,1.34875e+06,1.34874e+06,1.33607e+06
1,1348970,1.34898e+06,1.34897e+06,1.34896e+06,1.33629e+06
6,1349180,1.3492e+06,1.34919e+06,1.34918e+06,1.33651e+06
5,1349430,1.34942e+06,1.34941e+06,1.3494e+06,1.33673e+06
8,1349610,1.34963e+06,1.34963e+06,1.34962e+06,1.33695e+06
7,1349860,1.34985e+06,1.34985e+06,1.34984e+06,1.33718e+06
9,1350070,1.35007e+06,1.35007e+06,1.35006e+06,1.3374e+06
10,1350280,1.35029e+06,1.35029e+06,1.35028e+06,1.33762e+06
4,1350470,1.3505e+06,1.35051e+06,1.3505e+06,1.33784e+06
3,1350740,1.35072e+06,1.35073e+06,1.35072e+06,1.33806e+06
2,1351030,1.35094e+06,1.35095e+06,1.35094e+06,1.33828e+06
6,1351160,1.35116e+06,1.35117e+06,1.35116e+06,1.3385e+06
1,1351350,1.35137e+06,1.35139e+06,1.35138e+06,1.33873e+06
8,1351530,1.35159e+06,1.35161e+06,1.3516e+06,1.33895e+06
5,1351770,1.35181e+06,1.35183e+06,1.35183e+06,1.33917e+06
9,1352040,1.35203e+06,1.35204e+06,1.35205e+06,1.33939e+06
7,1352230,1.35224e+06,1.35226e+06,1.35227e+06,1.33961e+06
10,1352510,1.35246e+06,1.35248e+06,1.35249e+06,1.33983e+06
3,1353010,1.35295e+06,1.35293e+06,1.35293e+06,1.34027e+06
4,1353190,1.35317e+06,1.35315e+06,1.35315e+06,1.3405e+06
6,1353440,1.35338e+06,1.35337e+06,1.35337e+06,1.34072e+06
2,1353670,1.3536e+06,1.35359e+06,1.35359e+06,1.34094e+06
8,1353790,1.35382e+06,1.35381e+06,1.35381e+06,1.34116e+06
1,1353890,1.35404e+06,1.35403e+06,1.35403e+06,1.34138e+06
9,1354330,1.35425e+06,1.35425e+06,1.35425e+06,1.3416e+06
5,1354490,1.35447e+06,1.35447e+06,1.35447e+06,1.34182e+06
7,1354660,1.35469e+06,1.35469e+06,1.35469e+06,1.34204e+06
10,1354830,1.35491e+06,1.3549e+06,1.35491e+06,1.34227e+06
3,1355140,1.35512e+06,1.35512e+06,1.35513e+06,1.34249e+06
6,1355350,1.35534e+06,1.35534e+06,1.35535e+06,1.34271e+06
4,1355580,1.35556e+06,1.35556e+06,1.35557e+06,1.34293e+06
8,1355860,1.35578e+06,1.35578e+06,1.35579e+06,1.34315e+06
2,1356080,1.35599e+06,1.356e+06,1.35601e+06,1.34337e+06
9,1356220,1.35621e+06,1.35622e+06,1.35623e+06,1.34359e+06
1,1356370,1.35643e+06,1.35644e+06,1.35645e+06,1.34381e+06
7,1356530,1.35665e+06,1.35666e+06,1.35667e+06,1.34404e+06
5,1356870,1.35686e+06,1.35688e+06,1.35689e+06,1.34426e+06
10,1357110,1.35708e+06,1.3571e+06,1.35711e+06,1.34448e+06
6,1357530,1.35755e+06,1.35753e+06,1.35752e+06,1.34492e+06
3,1357840,1.35776e+06,1.35775e+06,1.35774e+06,1.34514e+06
8,1358010,1.35798e+06,1.35797e+06,1.35796e+06,1.34536e+06
4,1358170,1.3582e+06,1.35819e+06,1.35818e+06,1.34558e+06
9,1358430,1.35842e+06,1.35841e+06,1.3584e+06,1.34581e+06
2,1358620,1.35863e+06,1.35863e+06,1.35862e+06,1.34603e+06
7,1358770,1.35885e+06,1.35885e+06,1.35884e+06,1.34625e+06
1,1358960,1.35907e+06,1.35907e+06,1.35906e+06,1.34647e+06
5,1359260,1.35928e+06,1.35928e+06,1.35928e+06,1.34669e+06
10,1359450,1.3595e+06,1.3595e+06,1.3595e+06,1.34691e+06
6,1359760,1.35972e+06,1.35972e+06,1.35972e+06,1.34713e+06
8,1359990,1.35993e+06,1.35994e+06,1.35994e+06,1.34735e+06
3,1360150,1.36015e+06,1.36016e+06,1.36016e+06,1.34758e+06
9,1360360,1.36037e+06,1.36038e+06,1.36038e+06,1.3478e+06
4,1360560,1.36059e+06,1.3606e+06,1.3606e+06,1.34802e+06
7,1360810,1.3608e+06,1.36082e+06,1.36082e+06,1.34824e+06
2,1361010,1.36102e+06,1.36104e+06,1.36104e+06,1.34846e+06
5,1361260,1.36124e+06,1.36126e+06,1.36126e+06,1.34868e+06
1,1361450,1.36145e+06,1.36148e+06,1.36148e+06,1.3489e+06
10,1361720,1.36167e+06,1.3617e+06,1.3617e+06,1.34913e+06
8,1362170,1.36215e+06,1.36214e+06,1.36213e+06,1.34957e+06
6,1362410,1.36237e+06,1.36236e+06,1.36235e+06,1.34979e+06
9,1362630,1.36259e+06,1.36258e+06,1.36257e+06,1.35001e+06
3,1362790,1.36281e+06,1.3628e+06,1.36279e+06,1.35023e+06
7,1363040,1.36303e+06,1.36302e+06,1.36301e+06,1.35045e+06
4,1363240,1.36324e+06,1.36324e+06,1.36323e+06,1.35067e+06
5,1363430,1.36346e+06,1.36346e+06,1.36345e+06,1.3509e+06
2,1363660,1.36368e+06,1.36368e+06,1.36368e+06,1.35112e+06
1,1363840,1.3639e+06,1.3639e+06,1.3639e+06,1.35134e+06
10,1364060,1.36412e+06,1.36411e+06,1.36412e+06,1.35156e+06
8,1364360,1.36434e+06,1.36433e+06,1.36434e+06,1.35178e+06
9,1364600,1.36455e+06,1.36455e+06,1.36456e+06,1.352e+06
6,1364780,1.36477e+06,1.36477e+06,1.36478e+06,1.35222e+06
7,1365020,1.36499e+06,1.36499e+06,1.365e+06,1.35244e+06
3,1365170,1.36521e+06,1.36521e+06,1.36522e+06,1.35267e+06
5,1365450,1.36543e+06,1.36543e+06,1.36545e+06,1.35289e+06
4,1365670,1.36565e+06,1.36565e+06,1.36567e+06,1.35311e+06
1,1365830,1.36586e+06,1.36587e+06,1.36589e+06,1.35333e+06
2,1366090,1.36608e+06,1.36609e+06,1.36611e+06,1.35355e+06
10,1366330,1.3663e+06,1.36631e+06,1.36633e+06,1.35377e+06
9,1366820,1.36679e+06,1.36676e+06,1.36677e+06,1.35421e+06
8,1367050,1.367e+06,1.36698e+06,1.36699e+06,1.35444e+06
7,1367260,1.36722e+06,1.3672e+06,1.36721e+06,1.35466e+06
6,1367460,1.36744e+06,1.36742e+06,1.36743e+06,1.35488e+06
5,1367660,1.36766e+06,1.36764e+06,1.36765e+06,1.3551e+06
3,1367910,1.36788e+06,1.36786e+06,1.36787e+06,1.35532e+06
1,1368110,1.3681e+06,1.36808e+06,1.36809e+06,1.35554e+06
4,1368320,1.36832e+06,1.3683e+06,1.36831e+06,1.35576e+06
2,1368410,1.36853e+06,1.36852e+06,1.36853e+06,1.35598e+06
10,1368670,1.36875e+06,1.36874e+06,1.36875e+06,1.35621e+06
9,1368980,1.36897e+06,1.36896e+06,1.36897e+06,1.35643e+06
7,1369130,1.36919e+06,1.36918e+06,1.36919e+06,1.35665e+06
8,1369410,1.36941e+06,1.3694e+06,1.36942e+06,1.35687e+06
5,1369660,1.36963e+06,1.36962e+06,1.36964e+06,1.35709e+06
6,1369850,1.36984e+06,1.36984e+06,1.36986e+06,1.35731e+06
1,1370130,1.37006e+06,1.37006e+06,1.37008e+06,1.35753e+06
3,1370270,1.37028e+06,1.37028e+06,1.3703e+06,1.35775e+06
2,1370480,1.3705e+06,1.3705e+06,1.37052e+06,1.35798e+06
4,1370740,1.37072e+06,1.37072e+06,1.37074e+06,1.3582e+06
10,1370960,1.37094e+06,1.37094e+06,1.37096e+06,1.35842e+06
7,1371370,1.3714e+06,1.37137e+06,1.37136e+06,1.35886e+06
9,1371600,1.37162e+06,1.37159e+06,1.37158e+06,1.35908e+06
5,1371840,1.37183e+06,1.37181e+06,1.3718e+06,1.3593e+06
8,1372070,1.37205e+06,1.37203e+06,1.37202e+06,1.35953e+06
1,1372250,1.37227e+06,1.37225e+06,1.37224e+06,1.35975e+06
6,1372480,1.37248e+06,1.37247e+06,1.37246e+06,1.35997e+06
2,1372700,1.3727e+06,1.37269e+06,1.37268e+06,1.36019e+06
3,1372900,1.37292e+06,1.37291e+06,1.3729e+06,1.36041e+06
4,1373110,1.37313e+06,1.37313e+06,1.37312e+06,1.36063e+06
10,1373380,1.37335e+06,1.37335e+06,1.37334e+06,1.36085e+06
7,1373520,1.37357e+06,1.37357e+06,1.37356e+06,1.36107e+06
5,1373820,1.37378e+06,1.37379e+06,1.37378e+06,1.3613e+06
9,1374000,1.374e+06,1.37401e+06,1.374e+06,1.36152e+06
1,1374210,1.37422e+06,1.37423e+06,1.37422e+06,1.36174e+06
8,1374450,1.37443e+06,1.37445e+06,1.37445e+06,1.36196e+06
2,1374650,1.37465e+06,1.37467e+06,1.37467e+06,1.36218e+06
6,1374800,1.37487e+06,1.37488e+06,1.37489e+06,1.3624e+06
4,1375040,1.37508e+06,1.3751e+06,1.37511e+06,1.36262e+06
3,1375300,1.3753e+06,1.37532e+06,1.37533e+06,1.36284e+06
10,1375590,1.37552e+06,1.37554e+06,1.37555e+06,1.36307e+06
5,1376000,1.37601e+06,1.37599e+06,1.37599e+06,1.36351e+06
7,1376250,1.37623e+06,1.37621e+06,1.37621e+06,1.36373e+06
1,1376470,1.37644e+06,1.37643e+06,1.37643e+06,1.36395e+06
9,1376690,1.37666e+06,1.37665e+06,1.37665e+06,1.36417e+06
2,1376860,1.37688e+06,1.37687e+06,1.37687e+06,1.36439e+06
8,1377120,1.3771e+06,1.37709e+06,1.37709e+06,1.36461e+06
4,1377300,1.37732e+06,1.37731e+06,1.37731e+06,1.36484e+06
6,1377560,1.37753e+06,1.37753e+06,1.37753e+06,1.36506e+06
3,1377830,1.37775e+06,1.37775e+06,1.37775e+06,1.36528e+06
10,1377960,1.37797e+06,1.37797e+06,1.37797e+06,1.3655e+06
5,1378180,1.37819e+06,1.37819e+06,1.37819e+06,1.36572e+06
1,1378420,1.3784e+06,1.3784e+06,1.37841e+06,1.36594e+06
7,1378630,1.37862e+06,1.37862e+06,1.37863e+06,1.36616e+06
2,1378840,1.37884e+06,1.37884e+06,1.37885e+06,1.36638e+06
9,1379080,1.37906e+06,1.37906e+06,1.37907e+06,1.36661e+06
4,1379190,1.37927e+06,1.37928e+06,1.3793e+06,1.36683e+06
8,1379430,1.37949e+06,1.3795e+06,1.37952e+06,1.36705e+06
3,1379710,1.37971e+06,1.37972e+06,1.37974e+06,1.36727e+06
6,1379890,1.37993e+06,1.37994e+06,1.37996e+06,1.36749e+06
10,1380230,1.38015e+06,1.38016e+06,1.38018e+06,1.36771e+06
1,1380680,1.38062e+06,1.3806e+06,1.38059e+06,1.36815e+06
5,1380800,1.38084e+06,1.38082e+06,1.38081e+06,1.36838e+06
7,1381080,1.38106e+06,1.38104e+06,1.38104e+06,1.3686e+06
9,1381330,1.38128e+06,1.38126e+06,1.38126e+06,1.36882e+06
2,1381500,1.38149e+06,1.38148e+06,1.38148e+06,1.36904e+06
8,1381660,1.38171e+06,1.3817e+06,1.3817e+06,1.36926e+06
4,1381840,1.38193e+06,1.38192e+06,1.38192e+06,1.36948e+06
6,1382090,1.38214e+06,1.38214e+06,1.38214e+06,1.3697e+06
3,1382340,1.38236e+06,1.38236e+06,1.38236e+06,1.36993e+06
10,1382570,1.38258e+06,1.38258e+06,1.38258e+06,1.37015e+06
1,1382880,1.3828e+06,1.3828e+06,1.3828e+06,1.37037e+06
7,1383040,1.38301e+06,1.38302e+06,1.38302e+06,1.37059e+06
5,1383250,1.38323e+06,1.38324e+06,1.38324e+06,1.37081e+06
2,1383550,1.38345e+06,1.38346e+06,1.38346e+06,1.37103e+06
9,1383680,1.38367e+06,1.38367e+06,1.38368e+06,1.37125e+06
4,1383780,1.38388e+06,1.38389e+06,1.3839e+06,1.37147e+06
8,1384040,1.3841e+06,1.38411e+06,1.38412e+06,1.3717e+06
3,1384310,1.38432e+06,1.38433e+06,1.38434e+06,1.37192e+06
6,1384510,1.38453e+06,1.38455e+06,1.38456e+06,1.37214e+06
10,1384820,1.38475e+06,1.38477e+06,1.38478e+06,1.37236e+06
7,1385260,1.38524e+06,1.38521e+06,1.3852e+06,1.3728e+06
1,1385470,1.38546e+06,1.38543e+06,1.38542e+06,1.37302e+06
5,1385690,1.38567e+06,1.38565e+06,1.38565e+06,1.37324e+06
9,1385940,1.38589e+06,1.38587e+06,1.38587e+06,1.37347e+06
2,1386160,1.38611e+06,1.38609e+06,1.38609e+06,1.37369e+06
8,1386300,1.38632e+06,1.38631e+06,1.38631e+06,1.37391e+06
4,1386460,1.38654e+06,1.38653e+06,1.38653e+06,1.37413e+06
6,1386740,1.38676e+06,1.38675e+06,1.38675e+06,1.37435e+06
3,1387000,1.38697e+06,1.38697e+06,1.38697e+06,1.37457e+06
10,1387160,1.38719e+06,1.38719e+06,1.38719e+06,1.37479e+06
7,1387390,1.38741e+06,1.38741e+06,1.38741e+06,1.37501e+06
5,1387700,1.38762e+06,1.38763e+06,1.38763e+06,1.37524e+06
1,1387870,1.38784e+06,1.38785e+06,1.38785e+06,1.37546e+06
2,1388130,1.38806e+06,1.38807e+06,1.38808e+06,1.37568e+06
9,1388280,1.38827e+06,1.38829e+06,1.3883e+06,1.3759e+06
4,1388410,1.38849e+06,1.38851e+06,1.38852e+06,1.37612e+06
8,1388630,1.38871e+06,1.38873e+06,1.38874e+06,1.37634e+06
3,1388880,1.38892e+06,1.38895e+06,1.38896e+06,1.37656e+06
6,1389110,1.38914e+06,1.38916e+06,1.38918e+06,1.37678e+06
10,1389460,1.38936e+06,1.38938e+06,1.3894e+06,1.37701e+06
5,1389880,1.38985e+06,1.38983e+06,1.38983e+06,1.37745e+06
7,1390100,1.39007e+06,1.39005e+06,1.39005e+06,1.37767e+06
2,1390320,1.39029e+06,1.39027e+06,1.39027e+06,1.37789e+06
1,1390490,1.39051e+06,1.39049e+06,1.39049e+06,1.37811e+06
4,1390670,1.39072e+06,1.39071e+06,1.39071e+06,1.37833e+06
9,1390930,1.39094e+06,1.39093e+06,1.39093e+06,1.37855e+06
3,1391210,1.39116e+06,1.39115e+06,1.39116e+06,1.37878e+06
8,1391320,1.39138e+06,1.39137e+06,1.39138e+06,1.379e+06
6,1391600,1.3916e+06,1.39159e+06,1.3916e+06,1.37922e+06
10,1391810,1.39182e+06,1.39181e+06,1.39182e+06,1.37944e+06
5,1392030,1.39204e+06,1.39203e+06,1.39204e+06,1.37966e+06
2,1392300,1.39226e+06,1.39225e+06,1.39226e+06,1.37988e+06
7,1392480,1.39248e+06,1.39247e+06,1.39248e+06,1.3801e+06
4,1392680,1.3927e+06,1.39269e+06,1.3927e+06,1.38033e+06
1,1392830,1.39291e+06,1.39291e+06,1.39293e+06,1.38055e+06
3,1393140,1.39313e+06,1.39313e+06,1.39315e+06,1.38077e+06
9,1393350,1.39335e+06,1.39335e+06,1.39337e+06,1.38099e+06
6,1393570,1.39357e+06,1.39357e+06,1.39359e+06,1.38121e+06
8,1393770,1.39379e+06,1.39379e+06,1.39381e+06,1.38143e+06
10,1394130,1.39401e+06,1.39401e+06,1.39403e+06,1.38165e+06
2,1394470,1.39448e+06,1.39446e+06,1.39446e+06,1.3821e+06
5,1394650,1.3947e+06,1.39468e+06,1.39468e+06,1.38232e+06
4,1394930,1.39492e+06,1.3949e+06,1.3949e+06,1.38254e+06
7,1395100,1.39514e+06,1.39512e+06,1.39512e+06,1.38276e+06
3,1395400,1.39536e+06,1.39534e+06,1.39534e+06,1.38298e+06
1,1395570,1.39558e+06,1.39556e+06,1.39556e+06,1.3832e+06
6,1395820,1.3958e+06,1.39578e+06,1.39579e+06,1.38342e+06
9,1396050,1.39602e+06,1.396e+06,1.39601e+06,1.38364e+06
8,1396250,1.39624e+06,1.39622e+06,1.39623e+06,1.38387e+06
10,1396430,1.39645e+06,1.39644e+06,1.39645e+06,1.38409e+06
2,1396670,1.39667e+06,1.39666e+06,1.39667e+06,1.38431e+06
4,1396890,1.39689e+06,1.39688e+06,1.39689e+06,1.38453e+06
5,1397060,1.39711e+06,1.3971e+06,1.39712e+06,1.38475e+06
3,1397350,1.39733e+06,1.39732e+06,1.39734e+06,1.38497e+06
7,1397520,1.39755e+06,1.39754e+06,1.39756e+06,1.38519e+06
6,1397780,1.39777e+06,1.39776e+06,1.39778e+06,1.38541e+06
1,1398000,1.39799e+06,1.39798e+06,1.398e+06,1.38564e+06
8,1398170,1.39821e+06,1.3982e+06,1.39822e+06,1.38586e+06
9,1398420,1.39843e+06,1.39842e+06,1.39845e+06,1.38608e+06
10,1398700,1.39864e+06,1.39864e+06,1.39867e+06,1.3863e+06
4,1399110,1.39913e+06,1.3991e+06,1.3991e+06,1.38674e+06
2,1399410,1.39935e+06,1.39932e+06,1.39932e+06,1.38696e+06
3,1399630,1.39957e+06,1.39954e+06,1.39954e+06,1.38718e+06
5,1399750,1.39979e+06,1.39976e+06,1.39976e+06,1.38741e+06
6,1400050,1.4e+06,1.39998e+06,1.39999e+06,1.38763e+06
7,1400250,1.40022e+06,1.4002e+06,1.40021e+06,1.38785e+06
8,1400480,1.40044e+06,1.40042e+06,1.40043e+06,1.38807e+06
1,1400590,1.40066e+06,1.40064e+06,1.40065e+06,1.38829e+06
9,1400870,1.40087e+06,1.40086e+06,1.40087e+06,1.38851e+06
10,1401030,1.40109e+06,1.40108e+06,1.40109e+06,1.38873e+06
4,1401240,1.40131e+06,1.4013e+06,1.40131e+06,1.38895e+06
3,1401530,1.40153e+06,1.40152e+06,1.40154e+06,1.38918e+06
2,1401790,1.40175e+06,1.40174e+06,1.40176e+06,1.3894e+06
6,1402010,1.40196e+06,1.40196e+06,1.40198e+06,1.38962e+06
5,1402200,1.40218e+06,1.40218e+06,1.4022e+06,1.38984e+06
8,1402420,1.4024e+06,1.4024e+06,1.40242e+06,1.39006e+06
7,1402650,1.40262e+06,1.40262e+06,1.40264e+06,1.39028e+06
9,1402850,1.40283e+06,1.40284e+06,1.40287e+06,1.3905e+06
1,1402910,1.40305e+06,1.40306e+06,1.40309e+06,1.39073e+06
10,1403310,1.40327e+06,1.40328e+06,1.40331e+06,1.39095e+06
3,1403840,1.40376e+06,1.40373e+06,1.40373e+06,1.39139e+06
4,1404000,1.40398e+06,1.40395e+06,1.40396e+06,1.39161e+06
6,1404260,1.4042e+06,1.40417e+06,1.40418e+06,1.39183e+06
2,1404470,1.40442e+06,1.40439e+06,1.4044e+06,1.39205e+06
8,1404590,1.40463e+06,1.40461e+06,1.40462e+06,1.39227e+06
5,1404820,1.40485e+06,1.40483e+06,1.40484e+06,1.3925e+06
9,1405120,1.40507e+06,1.40506e+06,1.40506e+06,1.39272e+06
7,1405300,1.40529e+06,1.40528e+06,1.40528e+06,1.39294e+06
1,1405320,1.40551e+06,1.4055e+06,1.4055e+06,1.39316e+06
10,1405710,1.40572e+06,1.40572e+06,1.40572e+06,1.39338e+06
3,1405920,1.40594e+06,1.40594e+06,1.40595e+06,1.3936e+06
6,1406180,1.40616e+06,1.40616e+06,1.40617e+06,1.39382e+06
4,1406390,1.40638e+06,1.40638e+06,1.40639e+06,1.39404e+06
8,1406610,1.40659e+06,1.4066e+06,1.40661e+06,1.39427e+06
2,1406810,1.40681e+06,1.40682e+06,1.40683e+06,1.39449e+06
9,1407050,1.40703e+06,1.40704e+06,1.40705e+06,1.39471e+06
5,1407230,1.40725e+06,1.40726e+06,1.40727e+06,1.39493e+06
1,1407390,1.40747e+06,1.40748e+06,1.40749e+06,1.39515e+06
7,1407690,1.40768e+06,1.4077e+06,1.40771e+06,1.39537e+06
10,1408000,1.4079e+06,1.40792e+06,1.40794e+06,1.39559e+06
6,1408410,1.40839e+06,1.40836e+06,1.40836e+06,1.39604e+06
3,1408660,1.40861e+06,1.40858e+06,1.40858e+06,1.39626e+06
8,1408820,1.40882e+06,1.4088e+06,1.4088e+06,1.39648e+06
4,1409010,1.40904e+06,1.40902e+06,1.40902e+06,1.3967e+06
9,1409270,1.40926e+06,1.40924e+06,1.40924e+06,1.39692e+06
2,1409480,1.40948e+06,1.40946e+06,1.40946e+06,1.39714e+06
1,1409690,1.40969e+06,1.40968e+06,1.40968e+06,1.39736e+06
5,1409860,1.40991e+06,1.4099e+06,1.4099e+06,1.39758e+06
7,1410130,1.41013e+06,1.41013e+06,1.41013e+06,1.39781e+06
10,1410370,1.41035e+06,1.41035e+06,1.41035e+06,1.39803e+06
6,1410580,1.41056e+06,1.41057e+06,1.41057e+06,1.39825e+06
8,1410840,1.41078e+06,1.41079e+06,1.41079e+06,1.39847e+06
3,1411010,1.411e+06,1.41101e+06,1.41101e+06,1.39869e+06
9,1411210,1.41122e+06,1.41123e+06,1.41123e+06,1.39891e+06
4,1411350,1.41143e+06,1.41145e+06,1.41145e+06,1.39913e+06
1,1411630,1.41165e+06,1.41167e+06,1.41167e+06,1.39935e+06
2,1411880,1.41187e+06,1.41189e+06,1.41189e+06,1.39958e+06
7,1412060,1.41209e+06,1.41211e+06,1.41211e+06,1.3998e+06
5,1412250,1.4123e+06,1.41233e+06,1.41233e+06,1.40002e+06
10,1412630,1.41252e+06,1.41255e+06,1.41256e+06,1.40024e+06
8,1413020,1.41301e+06,1.41299e+06,1.41298e+06,1.40068e+06
6,1413240,1.41323e+06,1.41321e+06,1.4132e+06,1.4009e+06
9,1413480,1.41344e+06,1.41343e+06,1.41342e+06,1.40113e+06
3,1413650,1.41366e+06,1.41365e+06,1.41364e+06,1.40135e+06
1,1413900,1.41388e+06,1.41387e+06,1.41386e+06,1.40157e+06
4,1414100,1.4141e+06,1.41409e+06,1.41408e+06,1.40179e+06
7,1414290,1.41432e+06,1.41431e+06,1.41431e+06,1.40201e+06
2,1414490,1.41454e+06,1.41453e+06,1.41453e+06,1.40223e+06
5,1414670,1.41475e+06,1.41475e+06,1.41475e+06,1.40245e+06
10,1414960,1.41497e+06,1.41497e+06,1.41497e+06,1.40267e+06
8,1415210,1.41519e+06,1.41519e+06,1.41519e+06,1.4029e+06
9,1415430,1.41541e+06,1.41541e+06,1.41541e+06,1.40312e+06
6,1415640,1.41563e+06,1.41563e+06,1.41563e+06,1.40334e+06
1,1415860,1.41584e+06,1.41585e+06,1.41586e+06,1.40356e+06
3,1416090,1.41606e+06,1.41607e+06,1.41608e+06,1.40378e+06
7,1416290,1.41628e+06,1.41629e+06,1.4163e+06,1.404e+06
4,1416450,1.4165e+06,1.41651e+06,1.41652e+06,1.40422e+06
5,1416700,1.41672e+06,1.41673e+06,1.41674e+06,1.40444e+06
2,1416950,1.41694e+06,1.41695e+06,1.41696e+06,1.40467e+06
10,1417200,1.41715e+06,1.41717e+06,1.41718e+06,1.40489e+06
9,1417690,1.41765e+06,1.41762e+06,1.41762e+06,1.40533e+06
8,1417910,1.41787e+06,1.41784e+06,1.41784e+06,1.40555e+06
1,1418100,1.41808e+06,1.41806e+06,1.41806e+06,1.40577e+06
6,1418330,1.4183e+06,1.41828e+06,1.41829e+06,1.40599e+06
7,1418570,1.41852e+06,1.4185e+06,1.41851e+06,1.40621e+06
3,1418770,1.41874e+06,1.41873e+06,1.41873e+06,1.40644e+06
5,1418910,1.41896e+06,1.41895e+06,1.41895e+06,1.40666e+06
4,1419120,1.41918e+06,1.41917e+06,1.41917e+06,1.40688e+06
2,1419340,1.41939e+06,1.41939e+06,1.41939e+06,1.4071e+06
10,1419530,1.41961e+06,1.41961e+06,1.41961e+06,1.40732e+06
9,1419820,1.41983e+06,1.41983e+06,1.41984e+06,1.40754e+06
1,1420030,1.42005e+06,1.42005e+06,1.42006e+06,1.40776e+06
8,1420250,1.42027e+06,1.42027e+06,1.42028e+06,1.40798e+06
7,1420520,1.42049e+06,1.42049e+06,1.4205e+06,1.40821e+06
6,1420730,1.42071e+06,1.42071e+06,1.42072e+06,1.40843e+06
5,1420950,1.42092e+06,1.42093e+06,1.42094e+06,1.40865e+06
3,1421150,1.42114e+06,1.42115e+06,1.42116e+06,1.40887e+06
2,1421390,1.42136e+06,1.42137e+06,1.42139e+06,1.40909e+06
4,1421560,1.42158e+06,1.42159e+06,1.42161e+06,1.40931e+06
10,1421830,1.4218e+06,1.42181e+06,1.42183e+06,1.40953e+06
1,1422340,1.42228e+06,1.42225e+06,1.42225e+06,1.40998e+06
9,1422490,1.4225e+06,1.42247e+06,1.42247e+06,1.4102e+06
8,1422720,1.42271e+06,1.42269e+06,1.42269e+06,1.41042e+06
6,1422900,1.42293e+06,1.42291e+06,1.42291e+06,1.41064e+06
7,1423130,1.42315e+06,1.42313e+06,1.42313e+06,1.41086e+06
3,1423360,1.42337e+06,1.42336e+06,1.42335e+06,1.41108e+06
5,1423560,1.42359e+06,1.42358e+06,1.42358e+06,1.4113e+06
4,1423800,1.42381e+06,1.4238e+06,1.4238e+06,1.41153e+06
2,1424000,1.42402e+06,1.42402e+06,1.42402e+06,1.41175e+06
10,1424180,1.42424e+06,1.42424e+06,1.42424e+06,1.41197e+06
1,1424470,1.42446e+06,1.42446e+06,1.42446e+06,1.41219e+06
8,1424650,1.42468e+06,1.42468e+06,1.42468e+06,1.41241e+06
9,1424890,1.4249e+06,1.4249e+06,1.4249e+06,1.41263e+06
7,1425130,1.42511e+06,1.42512e+06,1.42512e+06,1.41285e+06
6,1425310,1.42533e+06,1.42534e+06,1.42534e+06,1.41307e+06
5,1425570,1.42555e+06,1.42556e+06,1.42556e+06,1.4133e+06
3,1425750,1.42577e+06,1.42578e+06,1.42578e+06,1.41352e+06
2,1426040,1.42599e+06,1.426e+06,1.426e+06,1.41374e+06
4,1426170,1.42621e+06,1.42622e+06,1.42623e+06,1.41396e+06
10,1426500,1.42642e+06,1.42644e+06,1.42645e+06,1.41418e+06
8,1426860,1.42689e+06,1.42688e+06,1.42686e+06,1.41462e+06
1,1426990,1.42711e+06,1.4271e+06,1.42708e+06,1.41484e+06
9,1427330,1.42733e+06,1.42732e+06,1.4273e+06,1.41507e+06
6,1427520,1.42755e+06,1.42754e+06,1.42753e+06,1.41529e+06
7,1427760,1.42777e+06,1.42776e+06,1.42775e+06,1.41551e+06
3,1428000,1.42799e+06,1.42798e+06,1.42797e+06,1.41573e+06
5,1428200,1.42821e+06,1.4282e+06,1.42819e+06,1.41595e+06
4,1428410,1.42843e+06,1.42842e+06,1.42841e+06,1.41617e+06
2,1428680,1.42865e+06,1.42864e+06,1.42863e+06,1.41639e+06
10,1428860,1.42887e+06,1.42886e+06,1.42886e+06,1.41661e+06
8,1429120,1.42909e+06,1.42908e+06,1.42908e+06,1.41684e+06
9,1429310,1.4293e+06,1.4293e+06,1.4293e+06,1.41706e+06
1,1429470,1.42952e+06,1.42952e+06,1.42952e+06,1.41728e+06
7,1429730,1.42974e+06,1.42974e+06,1.42974e+06,1.4175e+06
6,1429920,1.42996e+06,1.42996e+06,1.42997e+06,1.41772e+06
5,1430150,1.43018e+06,1.43018e+06,1.43019e+06,1.41794e+06
3,1430360,1.4304e+06,1.4304e+06,1.43041e+06,1.41816e+06
2,1430640,1.43062e+06,1.43062e+06,1.43063e+06,1.41838e+06
4,1430860,1.43084e+06,1.43085e+06,1.43085e+06,1.41861e+06
10,1431180,1.43106e+06,1.43107e+06,1.43107e+06,1.41883e+06
9,1431590,1.43155e+06,1.43152e+06,1.43152e+06,1.41927e+06
8,1431830,1.43177e+06,1.43174e+06,1.43174e+06,1.41949e+06
7,1432030,1.43198e+06,1.43196e+06,1.43196e+06,1.41971e+06
1,1432190,1.4322e+06,1.43218e+06,1.43219e+06,1.41993e+06
5,1432380,1.43242e+06,1.4324e+06,1.43241e+06,1.42015e+06
6,1432620,1.43264e+06,1.43262e+06,1.43263e+06,1.42038e+06
2,1432850,1.43286e+06,1.43284e+06,1.43285e+06,1.4206e+06
3,1433050,1.43308e+06,1.43306e+06,1.43307e+06,1.42082e+06
4,1433290,1.4333e+06,1.43328e+06,1.43329e+06,1.42104e+06
10,1433530,1.43351e+06,1.4335e+06,1.43352e+06,1.42126e+06
9,1433770,1.43373e+06,1.43372e+06,1.43374e+06,1.42148e+06
7,1433960,1.43395e+06,1.43395e+06,1.43396e+06,1.4217e+06
8,1434190,1.43417e+06,1.43417e+06,1.43418e+06,1.42193e+06
5,1434380,1.43439e+06,1.43439e+06,1.4344e+06,1.42215e+06
1,1434600,1.43461e+06,1.43461e+06,1.43462e+06,1.42237e+06
2,1434840,1.43483e+06,1.43483e+06,1.43485e+06,1.42259e+06
6,1434960,1.43504e+06,1.43505e+06,1.43507e+06,1.42281e+06
4,1435180,1.43526e+06,1.43527e+06,1.43529e+06,1.42303e+06
3,1435480,1.43548e+06,1.43549e+06,1.43551e+06,1.42325e+06
10,1435800,1.4357e+06,1.43571e+06,1.43573e+06,1.42347e+06
7,1436180,1.43618e+06,1.43615e+06,1.43614e+06,1.42392e+06
9,1436440,1.43639e+06,1.43637e+06,1.43636e+06,1.42414e+06
5,1436630,1.43661e+06,1.43659e+06,1.43659e+06,1.42436e+06
8,1436820,1.43683e+06,1.43681e+06,1.43681e+06,1.42458e+06
2,1437010,1.43705e+06,1.43703e+06,1.43703e+06,1.4248e+06
1,1437220,1.43726e+06,1.43725e+06,1.43725e+06,1.42502e+06
4,1437480,1.43748e+06,1.43747e+06,1.43747e+06,1.42524e+06
6,1437650,1.4377e+06,1.43769e+06,1.43769e+06,1.42547e+06
3,1437950,1.43792e+06,1.43791e+06,1.43791e+06,1.42569e+06
10,1438130,1.43814e+06,1.43813e+06,1.43813e+06,1.42591e+06
7,1438360,1.43835e+06,1.43835e+06,1.43835e+06,1.42613e+06
5,1438610,1.43857e+06,1.43857e+06,1.43857e+06,1.42635e+06
9,1438810,1.43879e+06,1.4388e+06,1.4388e+06,1.42657e+06
2,1439000,1.43901e+06,1.43902e+06,1.43902e+06,1.42679e+06
8,1439180,1.43922e+06,1.43924e+06,1.43924e+06,1.42701e+06
4,1439380,1.43944e+06,1.43946e+06,1.43946e+06,1.42724e+06
1,1439650,1.43966e+06,1.43968e+06,1.43968e+06,1.42746e+06
3,1439860,1.43988e+06,1.4399e+06,1.4399e+06,1.42768e+06
6,1440080,1.4401e+06,1.44012e+06,1.44012e+06,1.4279e+06
10,1440420,1.44031e+06,1.44034e+06,1.44034e+06,1.42812e+06
5,1440820,1.44081e+06,1.44078e+06,1.44078e+06,1.42856e+06
7,1441050,1.44102e+06,1.441e+06,1.441e+06,1.42878e+06
2,1441330,1.44124e+06,1.44122e+06,1.44122e+06,1.42901e+06
9,1441490,1.44146e+06,1.44144e+06,1.44144e+06,1.42923e+06
4,1441620,1.44168e+06,1.44166e+06,1.44166e+06,1.42945e+06
8,1441820,1.44189e+06,1.44188e+06,1.44188e+06,1.42967e+06
3,1442140,1.44211e+06,1.4421e+06,1.4421e+06,1.42989e+06
1,1442340,1.44233e+06,1.44232e+06,1.44232e+06,1.43011e+06
6,1442530,1.44255e+06,1.44254e+06,1.44255e+06,1.43033e+06
10,1442740,1.44276e+06,1.44276e+06,1.44277e+06,1.43056e+06
5,1443020,1.44298e+06,1.44298e+06,1.44299e+06,1.43078e+06
2,1443250,1.4432e+06,1.4432e+06,1.44321e+06,1.431e+06
7,1443470,1.44342e+06,1.44342e+06,1.44343e+06,1.43122e+06
4,1443640,1.44363e+06,1.44364e+06,1.44365e+06,1.43144e+06
9,1443840,1.44385e+06,1.44387e+06,1.44387e+06,1.43166e+06
3,1444060,1.44407e+06,1.44409e+06,1.44409e+06,1.43188e+06
8,1444180,1.44429e+06,1.44431e+06,1.44431e+06,1.4321e+06
6,1444460,1.4445e+06,1.44453e+06,1.44453e+06,1.43233e+06
1,1444690,1.44472e+06,1.44475e+06,1.44475e+06,1.43255e+06
10,1445030,1.44494e+06,1.44497e+06,1.44497e+06,1.43277e+06
2,1445420,1.44542e+06,1.44539e+06,1.44538e+06,1.43321e+06
5,1445630,1.44564e+06,1.44561e+06,1.4456e+06,1.43343e+06
4,1445830,1.44585e+06,1.44583e+06,1.44582e+06,1.43365e+06
7,1446090,1.44607e+06,1.44605e+06,1.44604e+06,1.43387e+06
3,1446350,1.44629e+06,1.44627e+06,1.44626e+06,1.4341e+06
9,1446550,1.4465e+06,1.44649e+06,1.44648e+06,1.43432e+06
6,1446700,1.44672e+06,1.44671e+06,1.44671e+06,1.43454e+06
8,1446930,1.44693e+06,1.44693e+06,1.44693e+06,1.43476e+06
1,1447080,1.44715e+06,1.44715e+06,1.44715e+06,1.43498e+06
10,1447350,1.44737e+06,1.44737e+06,1.44737e+06,1.4352e+06
2,1447610,1.44758e+06,1.44759e+06,1.44759e+06,1.43542e+06
4,1447800,1.4478e+06,1.44781e+06,1.44781e+06,1.43564e+06
5,1448000,1.44802e+06,1.44803e+06,1.44803e+06,1.43587e+06
3,1448270,1.44823e+06,1.44825e+06,1.44825e+06,1.43609e+06
7,1448460,1.44845e+06,1.44847e+06,1.44847e+06,1.43631e+06
6,1448660,1.44867e+06,1.44869e+06,1.44869e+06,1.43653e+06
9,1448880,1.44888e+06,1.44891e+06,1.44891e+06,1.43675e+06
1,1449000,1.4491e+06,1.44913e+06,1.44913e+06,1.43697e+06
8,1449270,1.44932e+06,1.44935e+06,1.44935e+06,1.43719e+06
10,1449640,1.44953e+06,1.44957e+06,1.44957e+06,1.43741e+06
4,1450020,1.45003e+06,1.45001e+06,1.44999e+06,1.43786e+06
2,1450260,1.45024e+06,1.45023e+06,1.45021e+06,1.43808e+06
3,1450520,1.45046e+06,1.45045e+06,1.45043e+06,1.4383e+06
5,1450670,1.45068e+06,1.45067e+06,1.45066e+06,1.43852e+06
6,1450930,1.4509e+06,1.45089e+06,1.45088e+06,1.43874e+06
7,1451100,1.45111e+06,1.45111e+06,1.4511e+06,1.43896e+06
1,1451270,1.45133e+06,1.45133e+06,1.45132e+06,1.43918e+06
9,1451530,1.45155e+06,1.45155e+06,1.45154e+06,1.43941e+06
8,1451770,1.45177e+06,1.45177e+06,1.45176e+06,1.43963e+06
10,1451930,1.45198e+06,1.45199e+06,1.45198e+06,1.43985e+06
4,1452220,1.4522e+06,1.45221e+06,1.4522e+06,1.44007e+06
3,1452450,1.45242e+06,1.45243e+06,1.45243e+06,1.44029e+06
2,1452720,1.45263e+06,1.45265e+06,1.45265e+06,1.44051e+06
6,1452830,1.45285e+06,1.45287e+06,1.45287e+06,1.44073e+06
5,1453110,1.45307e+06,1.45309e+06,1.45309e+06,1.44096e+06
1,1453290,1.45329e+06,1.4533e+06,1.45331e+06,1.44118e+06
7,1453450,1.4535e+06,1.45352e+06,1.45353e+06,1.4414e+06
8,1453680,1.45372e+06,1.45374e+06,1.45375e+06,1.44162e+06
9,1453940,1.45394e+06,1.45396e+06,1.45397e+06,1.44184e+06
10,1454190,1.45416e+06,1.45418e+06,1.4542e+06,1.44206e+06
3,1454740,1.45466e+06,1.45464e+06,1.45463e+06,1.4425e+06
4,1454930,1.45488e+06,1.45486e+06,1.45485e+06,1.44273e+06
6,1455110,1.4551e+06,1.45508e+06,1.45507e+06,1.44295e+06
2,1455330,1.45531e+06,1.4553e+06,1.45529e+06,1.44317e+06
1,1455580,1.45553e+06,1.45552e+06,1.45552e+06,1.44339e+06
5,1455750,1.45575e+06,1.45574e+06,1.45574e+06,1.44361e+06
8,1455910,1.45597e+06,1.45596e+06,1.45596e+06,1.44383e+06
7,1456170,1.45619e+06,1.45618e+06,1.45618e+06,1.44405e+06
9,1456390,1.4564e+06,1.4564e+06,1.4564e+06,1.44427e+06
10,1456520,1.45662e+06,1.45662e+06,1.45663e+06,1.4445e+06
3,1456820,1.45684e+06,1.45684e+06,1.45685e+06,1.44472e+06
6,1457080,1.45706e+06,1.45706e+06,1.45707e+06,1.44494e+06
4,1457260,1.45728e+06,1.45728e+06,1.45729e+06,1.44516e+06
1,1457550,1.45749e+06,1.4575e+06,1.45751e+06,1.44538e+06
2,1457770,1.45771e+06,1.45772e+06,1.45773e+06,1.4456e+06
8,1457920,1.45793e+06,1.45794e+06,1.45796e+06,1.44582e+06
5,1458120,1.45815e+06,1.45816e+06,1.45818e+06,1.44604e+06
9,1458370,1.45837e+06,1.45838e+06,1.4584e+06,1.44627e+06
7,1458570,1.45859e+06,1.4586e+06,1.45862e+06,1.44649e+06
10,1458840,1.4588e+06,1.45882e+06,1.45884e+06,1.44671e+06
6,1459260,1.4593e+06,1.45927e+06,1.45927e+06,1.44715e+06
3,1459550,1.45952e+06,1.45949e+06,1.4595e+06,1.44737e+06
1,1459780,1.45974e+06,1.45971e+06,1.45972e+06,1.44759e+06
4,1459980,1.45995e+06,1.45993e+06,1.45994e+06,1.44781e+06
8,1460200,1.46017e+06,1.46015e+06,1.46016e+06,1.44804e+06
2,1460330,1.46039e+06,1.46037e+06,1.46038e+06,1.44826e+06
9,1460700,1.46061e+06,1.46059e+06,1.4606e+06,1.44848e+06
5,1460780,1.46083e+06,1.46081e+06,1.46083e+06,1.4487e+06
7,1461030,1.46105e+06,1.46103e+06,1.46105e+06,1.44892e+06
10,1461250,1.46127e+06,1.46125e+06,1.46127e+06,1.44914e+06
6,1461490,1.46149e+06,1.46148e+06,1.46149e+06,1.44936e+06
1,1461730,1.46171e+06,1.4617e+06,1.46171e+06,1.44958e+06
3,1461920,1.46192e+06,1.46192e+06,1.46193e+06,1.44981e+06
8,1462150,1.46214e+06,1.46214e+06,1.46215e+06,1.45003e+06
4,1462310,1.46236e+06,1.46236e+06,1.46238e+06,1.45025e+06
9,1462580,1.46258e+06,1.46258e+06,1.4626e+06,1.45047e+06
2,1462810,1.4628e+06,1.4628e+06,1.46282e+06,1.45069e+06
7,1462950,1.46302e+06,1.46302e+06,1.46304e+06,1.45091e+06
5,1463210,1.46324e+06,1.46324e+06,1.46326e+06,1.45113e+06
10,1463570,1.46346e+06,1.46346e+06,1.46348e+06,1.45136e+06
1,1464010,1.46394e+06,1.46391e+06,1.4639e+06,1.4518e+06
6,1464180,1.46416e+06,1.46413e+06,1.46412e+06,1.45202e+06
3,1464420,1.46437e+06,1.46435e+06,1.46435e+06,1.45224e+06
4,1464590,1.46459e+06,1.46457e+06,1.46457e+06,1.45246e+06
8,1464760,1.46481e+06,1.46479e+06,1.46479e+06,1.45268e+06
2,1464930,1.46503e+06,1.46501e+06,1.46501e+06,1.4529e+06
9,1465230,1.46525e+06,1.46523e+06,1.46523e+06,1.45313e+06
5,1465440,1.46546e+06,1.46545e+06,1.46545e+06,1.45335e+06
7,1465630,1.46568e+06,1.46567e+06,1.46567e+06,1.45357e+06
10,1465940,1.4659e+06,1.46589e+06,1.4659e+06,1.45379e+06
1,1466120,1.46612e+06,1.46611e+06,1.46612e+06,1.45401e+06
3,1466380,1.46634e+06,1.46633e+06,1.46634e+06,1.45423e+06
6,1466540,1.46655e+06,1.46655e+06,1.46656e+06,1.45445e+06
8,1466770,1.46677e+06,1.46677e+06,1.46678e+06,1.45467e+06
4,1466930,1.46699e+06,1.46699e+06,1.467e+06,1.4549e+06
9,1467170,1.46721e+06,1.46721e+06,1.46722e+06,1.45512e+06
2,1467360,1.46742e+06,1.46743e+06,1.46745e+06,1.45534e+06
7,1467660,1.46764e+06,1.46765e+06,1.46767e+06,1.45556e+06
5,1467850,1.46786e+06,1.46787e+06,1.46789e+06,1.45578e+06
10,1468220,1.46808e+06,1.4681e+06,1.46811e+06,1.456e+06
3,1468640,1.46857e+06,1.46854e+06,1.46854e+06,1.45644e+06
1,1468850,1.46879e+06,1.46876e+06,1.46876e+06,1.45667e+06
6,1469070,1.46901e+06,1.46898e+06,1.46898e+06,1.45689e+06
4,1469210,1.46923e+06,1.4692e+06,1.4692e+06,1.45711e+06
8,1469370,1.46944e+06,1.46942e+06,1.46943e+06,1.45733e+06
2,1469610,1.46966e+06,1.46964e+06,1.46965e+06,1.45755e+06
9,1469820,1.46988e+06,1.46987e+06,1.46987e+06,1.45777e+06
5,1470110,1.4701e+06,1.47009e+06,1.47009e+06,1.45799e+06
7,1470330,1.47032e+06,1.47031e+06,1.47031e+06,1.45821e+06
10,1470550,1.47053e+06,1.47053e+06,1.47053e+06,1.45844e+06
3,1470750,1.47075e+06,1.47075e+06,1.47075e+06,1.45866e+06
6,1471020,1.47097e+06,1.47097e+06,1.47098e+06,1.45888e+06
1,1471260,1.47119e+06,1.47119e+06,1.4712e+06,1.4591e+06
8,1471410,1.4714e+06,1.47141e+06,1.47142e+06,1.45932e+06
4,1471550,1.47162e+06,1.47163e+06,1.47164e+06,1.45954e+06
9,1471770,1.47184e+06,1.47185e+06,1.47186e+06,1.45976e+06
2,1472010,1.47206e+06,1.47207e+06,1.47208e+06,1.45998e+06
7,1472230,1.47227e+06,1.47229e+06,1.4723e+06,1.46021e+06
5,1472500,1.47249e+06,1.47251e+06,1.47253e+06,1.46043e+06
10,1472820,1.47271e+06,1.47273e+06,1.47275e+06,1.46065e+06
6,1473300,1.47321e+06,1.47317e+06,1.47318e+06,1.46109e+06
3,1473530,1.47342e+06,1.47339e+06,1.4734e+06,1.46131e+06
8,1473690,1.47364e+06,1.47362e+06,1.47362e+06,1.46153e+06
1,1473810,1.47386e+06,1.47384e+06,1.47384e+06,1.46176e+06
9,1474080,1.47408e+06,1.47406e+06,1.47406e+06,1.46198e+06
4,1474190,1.47429e+06,1.47428e+06,1.47428e+06,1.4622e+06
7,1474460,1.47451e+06,1.4745e+06,1.4745e+06,1.46242e+06
2,1474680,1.47473e+06,1.47472e+06,1.47472e+06,1.46264e+06
5,1474840,1.47494e+06,1.47494e+06,1.47494e+06,1.46286e+06
10,1475130,1.47516e+06,1.47516e+06,1.47516e+06,1.46308e+06
6,1475460,1.47538e+06,1.47538e+06,1.47538e+06,1.4633e+06
8,1475710,1.47559e+06,1.4756e+06,1.4756e+06,1.46353e+06
3,1475890,1.47581e+06,1.47582e+06,1.47582e+06,1.46375e+06
9,1476040,1.47603e+06,1.47604e+06,1.47604e+06,1.46397e+06
1,1476220,1.47624e+06,1.47626e+06,1.47626e+06,1.46419e+06
7,1476400,1.47646e+06,1.47648e+06,1.47649e+06,1.46441e+06
4,1476640,1.47668e+06,1.4767e+06,1.47671e+06,1.46463e+06
5,1476830,1.4769e+06,1.47692e+06,1.47693e+06,1.46485e+06
2,1477100,1.47711e+06,1.47714e+06,1.47715e+06,1.46507e+06
10,1477430,1.47733e+06,1.47736e+06,1.47737e+06,1.4653e+06
8,1477860,1.47783e+06,1.47779e+06,1.47778e+06,1.46574e+06
6,1478120,1.47804e+06,1.47801e+06,1.478e+06,1.46596e+06
9,1478300,1.47826e+06,1.47823e+06,1.47822e+06,1.46618e+06
3,1478470,1.47847e+06,1.47845e+06,1.47844e+06,1.4664e+06
7,1478710,1.47869e+06,1.47867e+06,1.47866e+06,1.46662e+06
1,1478890,1.47891e+06,1.47889e+06,1.47888e+06,1.46684e+06
5,1479090,1.47912e+06,1.47911e+06,1.4791e+06,1.46707e+06
4,1479330,1.47934e+06,1.47933e+06,1.47933e+06,1.46729e+06
2,1479380,1.47955e+06,1.47955e+06,1.47955e+06,1.46751e+06
10,1479720,1.47977e+06,1.47977e+06,1.47977e+06,1.46773e+06
8,1480040,1.47998e+06,1.47999e+06,1.47999e+06,1.46795e+06
9,1480250,1.4802e+06,1.48021e+06,1.48021e+06,1.46817e+06
6,1480470,1.48041e+06,1.48043e+06,1.48043e+06,1.46839e+06
7,1480690,1.48063e+06,1.48065e+06,1.48065e+06,1.46861e+06
3,1480860,1.48085e+06,1.48087e+06,1.48087e+06,1.46884e+06
5,1481090,1.48106e+06,1.48109e+06,1.48109e+06,1.46906e+06
2,1481290,1.48128e+06,1.48131e+06,1.48131e+06,1.46928e+06
1,1481320,1.48149e+06,1.48153e+06,1.48154e+06,1.4695e+06
4,1481680,1.48171e+06,1.48175e+06,1.48176e+06,1.46972e+06
10,1482000,1.48192e+06,1.48197e+06,1.48198e+06,1.46994e+06
9,1482460,1.48244e+06,1.48242e+06,1.48242e+06,1.47038e+06
8,1482700,1.48266e+06,1.48264e+06,1.48264e+06,1.47061e+06
7,1482900,1.48288e+06,1.48286e+06,1.48286e+06,1.47083e+06
6,1483170,1.48309e+06,1.48308e+06,1.48308e+06,1.47105e+06
5,1483330,1.48331e+06,1.4833e+06,1.4833e+06,1.47127e+06
3,1483560,1.48353e+06,1.48352e+06,1.48352e+06,1.47149e+06
2,1483670,1.48375e+06,1.48374e+06,1.48374e+06,1.47171e+06
1,1483970,1.48397e+06,1.48396e+06,1.48397e+06,1.47193e+06
4,1484100,1.48418e+06,1.48418e+06,1.48419e+06,1.47216e+06
10,1484320,1.4844e+06,1.4844e+06,1.48441e+06,1.47238e+06
9,1484650,1.48462e+06,1.48462e+06,1.48463e+06,1.4726e+06
7,1484890,1.48484e+06,1.48484e+06,1.48485e+06,1.47282e+06
8,1485070,1.48506e+06,1.48506e+06,1.48507e+06,1.47304e+06
5,1485320,1.48527e+06,1.48528e+06,1.48529e+06,1.47326e+06
6,1485530,1.48549e+06,1.4855e+06,1.48551e+06,1.47348e+06
2,1485650,1.48571e+06,1.48572e+06,1.48573e+06,1.4737e+06
3,1485980,1.48593e+06,1.48594e+06,1.48595e+06,1.47393e+06
4,1486110,1.48615e+06,1.48616e+06,1.48617e+06,1.47415e+06
1,1486380,1.48637e+06,1.48638e+06,1.48639e+06,1.47437e+06
10,1486590,1.48658e+06,1.4866e+06,1.48661e+06,1.47459e+06
7,1487080,1.48707e+06,1.48703e+06,1.48703e+06,1.47503e+06
9,1487340,1.48728e+06,1.48725e+06,1.48725e+06,1.47525e+06
5,1487480,1.4875e+06,1.48747e+06,1.48747e+06,1.47547e+06
8,1487700,1.48772e+06,1.48769e+06,1.48769e+06,1.4757e+06
2,1487830,1.48793e+06,1.48791e+06,1.48791e+06,1.47592e+06
6,1488130,1.48815e+06,1.48813e+06,1.48813e+06,1.47614e+06
4,1488350,1.48836e+06,1.48835e+06,1.48835e+06,1.47636e+06
3,1488590,1.48858e+06,1.48857e+06,1.48857e+06,1.47658e+06
1,1488850,1.4888e+06,1.48879e+06,1.48879e+06,1.4768e+06
10,1489000,1.48901e+06,1.48901e+06,1.48901e+06,1.47702e+06
7,1489250,1.48923e+06,1.48923e+06,1.48923e+06,1.47724e+06
5,1489460,1.48944e+06,1.48945e+06,1.48945e+06,1.47747e+06
9,1489680,1.48966e+06,1.48967e+06,1.48967e+06,1.47769e+06
2,1489850,1.48988e+06,1.48989e+06,1.48989e+06,1.47791e+06
8,1490040,1.49009e+06,1.49011e+06,1.4901e+06,1.47813e+06
4,1490270,1.49031e+06,1.49033e+06,1.49032e+06,1.47835e+06
6,1490460,1.49052e+06,1.49055e+06,1.49054e+06,1.47857e+06
1,1490730,1.49074e+06,1.49077e+06,1.49076e+06,1.47879e+06
3,1490940,1.49096e+06,1.49099e+06,1.49098e+06,1.47901e+06
10,1491290,1.49117e+06,1.49121e+06,1.4912e+06,1.47924e+06
5,1491630,1.49166e+06,1.49164e+06,1.49162e+06,1.47968e+06
7,1491920,1.49188e+06,1.49186e+06,1.49184e+06,1.4799e+06
2,1492130,1.4921e+06,1.49208e+06,1.49206e+06,1.48012e+06
9,1492330,1.49231e+06,1.4923e+06,1.49228e+06,1.48034e+06
4,1492550,1.49253e+06,1.49251e+06,1.4925e+06,1.48056e+06
8,1492730,1.49274e+06,1.49273e+06,1.49272e+06,1.48078e+06
1,1492850,1.49296e+06,1.49295e+06,1.49294e+06,1.48101e+06
6,1493130,1.49318e+06,1.49317e+06,1.49316e+06,1.48123e+06
3,1493360,1.49339e+06,1.49339e+06,1.49338e+06,1.48145e+06
10,1493590,1.49361e+06,1.49361e+06,1.4936e+06,1.48167e+06
5,1493850,1.49382e+06,1.49383e+06,1.49382e+06,1.48189e+06
2,1494100,1.49404e+06,1.49405e+06,1.49404e+06,1.48211e+06
7,1494300,1.49426e+06,1.49427e+06,1.49427e+06,1.48233e+06
4,1494540,1.49447e+06,1.49449e+06,1.49449e+06,1.48256e+06
9,1494690,1.49469e+06,1.49471e+06,1.49471e+06,1.48278e+06
1,1494820,1.4949e+06,1.49493e+06,1.49493e+06,1.483e+06
8,1495070,1.49512e+06,1.49515e+06,1.49515e+06,1.48322e+06
3,1495300,1.49533e+06,1.49537e+06,1.49537e+06,1.48344e+06
6,1495530,1.49555e+06,1.49559e+06,1.49559e+06,1.48366e+06
10,1495860,1.49577e+06,1.49581e+06,1.49581e+06,1.48388e+06
2,1496280,1.49627e+06,1.49625e+06,1.49624e+06,1.48433e+06
5,1496490,1.49649e+06,1.49647e+06,1.49646e+06,1.48455e+06
4,1496790,1.49671e+06,1.49669e+06,1.49668e+06,1.48477e+06
7,1496970,1.49692e+06,1.49691e+06,1.4969e+06,1.48499e+06
1,1497130,1.49714e+06,1.49713e+06,1.49713e+06,1.48521e+06
9,1497330,1.49736e+06,1.49735e+06,1.49735e+06,1.48543e+06
3,1497580,1.49758e+06,1.49757e+06,1.49757e+06,1.48565e+06
8,1497730,1.49779e+06,1.49779e+06,1.49779e+06,1.48587e+06
6,1497950,1.49801e+06,1.49801e+06,1.49801e+06,1.4861e+06
10,1498200,1.49823e+06,1.49822e+06,1.49823e+06,1.48632e+06
2,1498500,1.49845e+06,1.49844e+06,1.49845e+06,1.48654e+06
4,1498690,1.49866e+06,1.49866e+06,1.49867e+06,1.48676e+06
5,1498910,1.49888e+06,1.49888e+06,1.49889e+06,1.48698e+06
1,1499110,1.4991e+06,1.4991e+06,1.49911e+06,1.4872e+06
7,1499290,1.49932e+06,1.49932e+06,1.49933e+06,1.48742e+06
3,1499540,1.49953e+06,1.49954e+06,1.49955e+06,1.48764e+06
9,1499710,1.49975e+06,1.49976e+06,1.49978e+06,1.48787e+06
6,1499950,1.49997e+06,1.49998e+06,1.5e+06,1.48809e+06
8,1500170,1.50018e+06,1.5002e+06,1.50022e+06,1.48831e+06
10,1500480,1.5004e+06,1.50042e+06,1.50044e+06,1.48853e+06
4,1500900,1.50089e+06,1.50087e+06,1.50085e+06,1.48897e+06
2,1501130,1.50111e+06,1.50109e+06,1.50108e+06,1.48919e+06
1,1501380,1.50133e+06,1.5013e+06,1.5013e+06,1.48941e+06
5,1501490,1.50155e+06,1.50152e+06,1.50152e+06,1.48964e+06
3,1501760,1.50176e+06,1.50174e+06,1.50174e+06,1.48986e+06
7,1501940,1.50198e+06,1.50196e+06,1.50196e+06,1.49008e+06
6,1502210,1.5022e+06,1.50218e+06,1.50218e+06,1.4903e+06
9,1502440,1.50242e+06,1.5024e+06,1.5024e+06,1.49052e+06
8,1502620,1.50263e+06,1.50262e+06,1.50263e+06,1.49074e+06
10,1502800,1.50285e+06,1.50284e+06,1.50285e+06,1.49096e+06
4,1503020,1.50307e+06,1.50306e+06,1.50307e+06,1.49118e+06
1,1503300,1.50329e+06,1.50328e+06,1.50329e+06,1.49141e+06
2,1503570,1.5035e+06,1.5035e+06,1.50351e+06,1.49163e+06
3,1503710,1.50372e+06,1.50372e+06,1.50373e+06,1.49185e+06
5,1503890,1.50394e+06,1.50394e+06,1.50396e+06,1.49207e+06
6,1504150,1.50416e+06,1.50416e+06,1.50418e+06,1.49229e+06
7,1504380,1.50437e+06,1.50438e+06,1.5044e+06,1.49251e+06
8,1504560,1.50459e+06,1.5046e+06,1.50462e+06,1.49273e+06
9,1504800,1.50481e+06,1.50482e+06,1.50484e+06,1.49296e+06
10,1505120,1.50503e+06,1.50504e+06,1.50506e+06,1.49318e+06
1,1505620,1.50553e+06,1.5055e+06,1.5055e+06,1.49362e+06
4,1505760,1.50575e+06,1.50572e+06,1.50572e+06,1.49384e+06
3,1505950,1.50597e+06,1.50594e+06,1.50594e+06,1.49406e+06
2,1506190,1.50619e+06,1.50616e+06,1.50617e+06,1.49428e+06
6,1506420,1.5064e+06,1.50638e+06,1.50639e+06,1.4945e+06
5,1506620,1.50662e+06,1.5066e+06,1.50661e+06,1.49473e+06
8,1506780,1.50684e+06,1.50682e+06,1.50683e+06,1.49495e+06
7,1507040,1.50706e+06,1.50704e+06,1.50705e+06,1.49517e+06
9,1507220,1.50728e+06,1.50726e+06,1.50728e+06,1.49539e+06
10,1507480,1.5075e+06,1.50748e+06,1.5075e+06,1.49561e+06
1,1507750,1.50772e+06,1.5077e+06,1.50772e+06,1.49583e+06
3,1507970,1.50793e+06,1.50792e+06,1.50794e+06,1.49605e+06
4,1508170,1.50815e+06,1.50814e+06,1.50816e+06,1.49627e+06
6,1508400,1.50837e+06,1.50836e+06,1.50839e+06,1.4965e+06
2,1508650,1.50859e+06,1.50858e+06,1.50861e+06,1.49672e+06
8,1508780,1.50881e+06,1.5088e+06,1.50883e+06,1.49694e+06
5,1509000,1.50903e+06,1.50902e+06,1.50905e+06,1.49716e+06
9,1509180,1.50924e+06,1.50924e+06,1.50927e+06,1.49738e+06
7,1509440,1.50946e+06,1.50946e+06,1.5095e+06,1.4976e+06
10,1509760,1.50968e+06,1.50968e+06,1.50972e+06,1.49782e+06
3,1510240,1.51018e+06,1.51014e+06,1.51014e+06,1.49827e+06
1,1510450,1.5104e+06,1.51036e+06,1.51036e+06,1.49849e+06
4,1510610,1.51062e+06,1.51058e+06,1.51059e+06,1.49871e+06
2,1510800,1.51083e+06,1.5108e+06,1.51081e+06,1.49893e+06
6,1511020,1.51105e+06,1.51102e+06,1.51103e+06,1.49915e+06
5,1511270,1.51127e+06,1.51124e+06,1.51125e+06,1.49937e+06
8,1511450,1.51149e+06,1.51146e+06,1.51147e+06,1.49959e+06
7,1511670,1.51171e+06,1.51168e+06,1.5117e+06,1.49981e+06
9,1511890,1.51192e+06,1.51191e+06,1.51192e+06,1.50004e+06
10,1512130,1.51214e+06,1.51213e+06,1.51214e+06,1.50026e+06
3,1512370,1.51236e+06,1.51235e+06,1.51236e+06,1.50048e+06
4,1512600,1.51258e+06,1.51257e+06,1.51259e+06,1.5007e+06
1,1512870,1.5128e+06,1.51279e+06,1.51281e+06,1.50092e+06
6,1513040,1.51302e+06,1.51301e+06,1.51303e+06,1.50114e+06
2,1513260,1.51323e+06,1.51323e+06,1.51325e+06,1.50136e+06
8,1513380,1.51345e+06,1.51345e+06,1.51347e+06,1.50158e+06
5,1513650,1.51367e+06,1.51367e+06,1.5137e+06,1.50181e+06
9,1513870,1.51389e+06,1.51389e+06,1.51392e+06,1.50203e+06
7,1514110,1.51411e+06,1.51411e+06,1.51414e+06,1.50225e+06
10,1514370,1.51433e+06,1.51433e+06,1.51436e+06,1.50247e+06
4,1514780,1.51483e+06,1.51479e+06,1.5148e+06,1.50291e+06
3,1515090,1.51505e+06,1.51501e+06,1.51502e+06,1.50313e+06
6,1515270,1.51527e+06,1.51523e+06,1.51524e+06,1.50336e+06
1,1515560,1.51548e+06,1.51546e+06,1.51547e+06,1.50358e+06
8,1515720,1.5157e+06,1.51568e+06,1.51569e+06,1.5038e+06
2,1515920,1.51592e+06,1.5159e+06,1.51591e+06,1.50402e+06
9,1516140,1.51614e+06,1.51612e+06,1.51613e+06,1.50424e+06
5,1516320,1.51636e+06,1.51634e+06,1.51635e+06,1.50446e+06
7,1516590,1.51658e+06,1.51656e+06,1.51658e+06,1.50468e+06
10,1516780,1.5168e+06,1.51678e+06,1.5168e+06,1.5049e+06
4,1516980,1.51702e+06,1.517e+06,1.51702e+06,1.50513e+06
6,1517220,1.51724e+06,1.51722e+06,1.51724e+06,1.50535e+06
3,1517470,1.51746e+06,1.51745e+06,1.51746e+06,1.50557e+06
8,1517670,1.51768e+06,1.51767e+06,1.51769e+06,1.50579e+06
1,1517860,1.51789e+06,1.51789e+06,1.51791e+06,1.50601e+06
9,1518120,1.51811e+06,1.51811e+06,1.51813e+06,1.50623e+06
2,1518350,1.51833e+06,1.51833e+06,1.51835e+06,1.50645e+06
7,1518520,1.51855e+06,1.51855e+06,1.51858e+06,1.50667e+06
5,1518760,1.51877e+06,1.51877e+06,1.5188e+06,1.5069e+06
10,1519070,1.51899e+06,1.51899e+06,1.51902e+06,1.50712e+06
6,1519470,1.51947e+06,1.51944e+06,1.51944e+06,1.50756e+06
4,1519670,1.51969e+06,1.51966e+06,1.51966e+06,1.50778e+06
8,1519880,1.51991e+06,1.51988e+06,1.51988e+06,1.508e+06
3,1520160,1.52013e+06,1.52011e+06,1.5201e+06,1.50822e+06
9,1520360,1.52035e+06,1.52033e+06,1.52033e+06,1.50844e+06
1,1520470,1.52057e+06,1.52055e+06,1.52055e+06,1.50867e+06
7,1520720,1.52079e+06,1.52077e+06,1.52077e+06,1.50889e+06
2,1521030,1.52101e+06,1.52099e+06,1.52099e+06,1.50911e+06
5,1521140,1.52122e+06,1.52121e+06,1.52122e+06,1.50933e+06
10,1521490,1.52144e+06,1.52143e+06,1.52144e+06,1.50955e+06
6,1521740,1.52166e+06,1.52165e+06,1.52166e+06,1.50977e+06
8,1521930,1.52188e+06,1.52188e+06,1.52188e+06,1.50999e+06
4,1522110,1.5221e+06,1.5221e+06,1.5221e+06,1.51021e+06
9,1522310,1.52232e+06,1.52232e+06,1.52233e+06,1.51044e+06
3,1522530,1.52254e+06,1.52254e+06,1.52255e+06,1.51066e+06
7,1522760,1.52276e+06,1.52276e+06,1.52277e+06,1.51088e+06
1,1522930,1.52298e+06,1.52298e+06,1.52299e+06,1.5111e+06
5,1523130,1.5232e+06,1.5232e+06,1.52321e+06,1.51132e+06
2,1523390,1.52341e+06,1.52342e+06,1.52344e+06,1.51154e+06
10,1523750,1.52363e+06,1.52365e+06,1.52366e+06,1.51176e+06
8,1524180,1.52412e+06,1.5241e+06,1.52409e+06,1.51221e+06
6,1524430,1.52434e+06,1.52432e+06,1.52431e+06,1.51243e+06
9,1524590,1.52456e+06,1.52454e+06,1.52453e+06,1.51265e+06
4,1524710,1.52478e+06,1.52476e+06,1.52476e+06,1.51287e+06
7,1525020,1.525e+06,1.52498e+06,1.52498e+06,1.51309e+06
3,1525250,1.52522e+06,1.5252e+06,1.5252e+06,1.51331e+06
5,1525310,1.52544e+06,1.52542e+06,1.52543e+06,1.51353e+06
1,1525550,1.52566e+06,1.52565e+06,1.52565e+06,1.51376e+06
2,1525800,1.52588e+06,1.52587e+06,1.52587e+06,1.51398e+06
10,1526070,1.5261e+06,1.52609e+06,1.52609e+06,1.5142e+06
8,1526340,1.52632e+06,1.52631e+06,1.52632e+06,1.51442e+06
9,1526560,1.52654e+06,1.52653e+06,1.52654e+06,1.51464e+06
6,1526820,1.52675e+06,1.52675e+06,1.52676e+06,1.51486e+06
7,1527030,1.52697e+06,1.52697e+06,1.52699e+06,1.51508e+06
4,1527190,1.52719e+06,1.5272e+06,1.52721e+06,1.5153e+06
5,1527400,1.52741e+06,1.52742e+06,1.52743e+06,1.51553e+06
3,1527580,1.52763e+06,1.52764e+06,1.52765e+06,1.51575e+06
2,1527850,1.52785e+06,1.52786e+06,1.52788e+06,1.51597e+06
1,1528060,1.52807e+06,1.52808e+06,1.5281e+06,1.51619e+06
10,1528370,1.52829e+06,1.5283e+06,1.52832e+06,1.51641e+06
9,1528830,1.52879e+06,1.52875e+06,1.52876e+06,1.51685e+06
8,1529050,1.52901e+06,1.52898e+06,1.52898e+06,1.51707e+06
7,1529260,1.52923e+06,1.5292e+06,1.5292e+06,1.5173e+06
6,1529480,1.52945e+06,1.52942e+06,1.52943e+06,1.51752e+06
5,1529670,1.52966e+06,1.52964e+06,1.52965e+06,1.51774e+06
4,1529850,1.52988e+06,1.52986e+06,1.52987e+06,1.51796e+06
2,1530090,1.5301e+06,1.53008e+06,1.53009e+06,1.51818e+06
3,1530280,1.53032e+06,1.53031e+06,1.53032e+06,1.5184e+06
1,1530510,1.53054e+06,1.53053e+06,1.53054e+06,1.51862e+06
10,1530710,1.53076e+06,1.53075e+06,1.53076e+06,1.51884e+06
9,1530970,1.53098e+06,1.53097e+06,1.53098e+06,1.51907e+06
7,1531220,1.5312e+06,1.53119e+06,1.5312e+06,1.51929e+06
8,1531420,1.53141e+06,1.53141e+06,1.53143e+06,1.51951e+06
5,1531690,1.53163e+06,1.53164e+06,1.53165e+06,1.51973e+06
6,1531840,1.53185e+06,1.53186e+06,1.53187e+06,1.51995e+06
2,1532130,1.53207e+06,1.53208e+06,1.53209e+06,1.52017e+06
4,1532270,1.53229e+06,1.5323e+06,1.53231e+06,1.52039e+06
1,1532480,1.53251e+06,1.53252e+06,1.53254e+06,1.52061e+06
3,1532680,1.53273e+06,1.53274e+06,1.53276e+06,1.52084e+06
10,1532980,1.53295e+06,1.53297e+06,1.53298e+06,1.52106e+06
7,1533420,1.53343e+06,1.5334e+06,1.5334e+06,1.5215e+06
9,1533660,1.53365e+06,1.53362e+06,1.53362e+06,1.52172e+06
5,1533870,1.53387e+06,1.53384e+06,1.53384e+06,1.52194e+06
8,1534090,1.53409e+06,1.53407e+06,1.53406e+06,1.52216e+06
2,1534300,1.5343e+06,1.53429e+06,1.53428e+06,1.52239e+06
6,1534530,1.53452e+06,1.53451e+06,1.5345e+06,1.52261e+06
1,1534760,1.53474e+06,1.53473e+06,1.53473e+06,1.52283e+06
4,1534910,1.53496e+06,1.53495e+06,1.53495e+06,1.52305e+06
3,1535180,1.53518e+06,1.53517e+06,1.53517e+06,1.52327e+06
10,1535330,1.53539e+06,1.53539e+06,1.53539e+06,1.52349e+06
7,1535660,1.53561e+06,1.53561e+06,1.53561e+06,1.52371e+06
5,1535860,1.53583e+06,1.53584e+06,1.53583e+06,1.52393e+06
9,1536050,1.53605e+06,1.53606e+06,1.53605e+06,1.52416e+06
2,1536240,1.53626e+06,1.53628e+06,1.53627e+06,1.52438e+06
8,1536440,1.53648e+06,1.5365e+06,1.53649e+06,1.5246e+06
1,1536680,1.5367e+06,1.53672e+06,1.53672e+06,1.52482e+06
6,1536860,1.53692e+06,1.53694e+06,1.53694e+06,1.52504e+06
3,1537140,1.53713e+06,1.53716e+06,1.53716e+06,1.52526e+06
4,1537360,1.53735e+06,1.53738e+06,1.53738e+06,1.52548e+06
10,1537650,1.53757e+06,1.53761e+06,1.5376e+06,1.5257e+06
5,1538040,1.53806e+06,1.53803e+06,1.53802e+06,1.52615e+06
7,1538320,1.53828e+06,1.53825e+06,1.53824e+06,1.52637e+06
2,1538460,1.53849e+06,1.53848e+06,1.53846e+06,1.52659e+06
9,1538740,1.53871e+06,1.5387e+06,1.53868e+06,1.52681e+06
1,1538870,1.53893e+06,1.53892e+06,1.53891e+06,1.52703e+06
8,1539100,1.53914e+06,1.53914e+06,1.53913e+06,1.52725e+06
3,1539380,1.53936e+06,1.53936e+06,1.53935e+06,1.52747e+06
6,1539590,1.53958e+06,1.53958e+06,1.53957e+06,1.5277e+06
4,1539760,1.5398e+06,1.5398e+06,1.53979e+06,1.52792e+06
10,1540030,1.54001e+06,1.54002e+06,1.54001e+06,1.52814e+06
5,1540260,1.54023e+06,1.54024e+06,1.54023e+06,1.52836e+06
2,1540490,1.54045e+06,1.54046e+06,1.54045e+06,1.52858e+06
7,1540710,1.54067e+06,1.54068e+06,1.54067e+06,1.5288e+06
1,1540890,1.54088e+06,1.5409e+06,1.54089e+06,1.52902e+06
9,1541060,1.5411e+06,1.54112e+06,1.54111e+06,1.52924e+06
3,1541290,1.54132e+06,1.54135e+06,1.54134e+06,1.52947e+06
8,1541470,1.54153e+06,1.54157e+06,1.54156e+06,1.52969e+06
4,1541710,1.54175e+06,1.54179e+06,1.54178e+06,1.52991e+06
6,1541940,1.54197e+06,1.54201e+06,1.542e+06,1.53013e+06
10,1542300,1.54219e+06,1.54223e+06,1.54222e+06,1.53035e+06
2,1542650,1.54268e+06,1.54266e+06,1.54264e+06,1.53079e+06
5,1542880,1.5429e+06,1.54288e+06,1.54286e+06,1.53101e+06
1,1543180,1.54311e+06,1.5431e+06,1.54308e+06,1.53124e+06
7,1543320,1.54333e+06,1.54332e+06,1.5433e+06,1.53146e+06
3,1543590,1.54355e+06,1.54354e+06,1.54352e+06,1.53168e+06
9,1543770,1.54376e+06,1.54376e+06,1.54375e+06,1.5319e+06
4,1543930,1.54398e+06,1.54398e+06,1.54397e+06,1.53212e+06
8,1544140,1.5442e+06,1.5442e+06,1.54419e+06,1.53234e+06
6,1544380,1.54442e+06,1.54442e+06,1.54441e+06,1.53256e+06
10,1544660,1.54463e+06,1.54464e+06,1.54463e+06,1.53279e+06
2,1544910,1.54485e+06,1.54486e+06,1.54485e+06,1.53301e+06
1,1545080,1.54507e+06,1.54508e+06,1.54507e+06,1.53323e+06
5,1545290,1.54529e+06,1.5453e+06,1.5453e+06,1.53345e+06
3,1545510,1.5455e+06,1.54552e+06,1.54552e+06,1.53367e+06
7,1545720,1.54572e+06,1.54574e+06,1.54574e+06,1.53389e+06
4,1545900,1.54594e+06,1.54596e+06,1.54596e+06,1.53411e+06
9,1546110,1.54616e+06,1.54618e+06,1.54618e+06,1.53433e+06
6,1546360,1.54637e+06,1.5464e+06,1.5464e+06,1.53456e+06
8,1546560,1.54659e+06,1.54662e+06,1.54662e+06,1.53478e+06
10,1546900,1.54681e+06,1.54684e+06,1.54684e+06,1.535e+06
1,1547280,1.5473e+06,1.54729e+06,1.5473e+06,1.53544e+06
2,1547520,1.54752e+06,1.54751e+06,1.54751e+06,1.53566e+06
3,1547710,1.54774e+06,1.54773e+06,1.54773e+06,1.53588e+06
5,1548010,1.54796e+06,1.54795e+06,1.54795e+06,1.5361e+06
4,1548240,1.54818e+06,1.54817e+06,1.54817e+06,1.53633e+06
7,1548340,1.5484e+06,1.54839e+06,1.54839e+06,1.53655e+06
6,1548640,1.54862e+06,1.54861e+06,1.54861e+06,1.53677e+06
9,1548830,1.54884e+06,1.54883e+06,1.54883e+06,1.53699e+06
8,1549040,1.54906e+06,1.54905e+06,1.54905e+06,1.53721e+06
10,1549220,1.54928e+06,1.54927e+06,1.54927e+06,1.53743e+06
1,1549440,1.54949e+06,1.54949e+06,1.54949e+06,1.53765e+06
3,1549670,1.54971e+06,1.54971e+06,1.54971e+06,1.53787e+06
2,1549890,1.54993e+06,1.54993e+06,1.54993e+06,1.5381e+06
4,1550330,1.55015e+06,1.55015e+06,1.55015e+06,1.53832e+06
5,1550330,1.55037e+06,1.55037e+06,1.55037e+06,1.53854e+06
6,1550630,1.55059e+06,1.55059e+06,1.55059e+06,1.53876e+06
7,1550810,1.55081e+06,1.55082e+06,1.55081e+06,1.53898e+06
8,1551010,1.55103e+06,1.55104e+06,1.55103e+06,1.5392e+06
9,1551240,1.55125e+06,1.55126e+06,1.55125e+06,1.53942e+06
10,1551510,1.55147e+06,1.55148e+06,1.55147e+06,1.53964e+06
3,1551950,1.55191e+06,1.55189e+06,1.55186e+06,1.54009e+06
1,1552170,1.55213e+06,1.55211e+06,1.55208e+06,1.54031e+06
4,1552310,1.55234e+06,1.55233e+06,1.5523e+06,1.54053e+06
2,1552350,1.55256e+06,1.55254e+06,1.55252e+06,1.54075e+06
5,1552530,1.55277e+06,1.55276e+06,1.55274e+06,1.54097e+06
7,1552950,1.55299e+06,1.55298e+06,1.55296e+06,1.54119e+06
6,1553200,1.55321e+06,1.5532e+06,1.55318e+06,1.54141e+06
9,1553440,1.55342e+06,1.55342e+06,1.5534e+06,1.54164e+06
8,1553690,1.55364e+06,1.55364e+06,1.55362e+06,1.54186e+06
10,1553870,1.55385e+06,1.55386e+06,1.55384e+06,1.54208e+06
3,1554120,1.55407e+06,1.55408e+06,1.55406e+06,1.5423e+06
2,1554370,1.55429e+06,1.5543e+06,1.55428e+06,1.54252e+06
1,1554510,1.5545e+06,1.55452e+06,1.55449e+06,1.54274e+06
4,1554600,1.55472e+06,1.55474e+06,1.55471e+06,1.54296e+06
5,1554870,1.55493e+06,1.55496e+06,1.55493e+06,1.54319e+06
6,1555130,1.55515e+06,1.55518e+06,1.55515e+06,1.54341e+06
7,1555350,1.55537e+06,1.5554e+06,1.55537e+06,1.54363e+06
8,1555590,1.55558e+06,1.55562e+06,1.55559e+06,1.54385e+06
9,1555820,1.5558e+06,1.55584e+06,1.55581e+06,1.54407e+06
10,1556110,1.55601e+06,1.55606e+06,1.55603e+06,1.54429e+06
2,1556550,1.5565e+06,1.55649e+06,1.55647e+06,1.54473e+06
3,1556770,1.55672e+06,1.55671e+06,1.55669e+06,1.54496e+06
4,1556960,1.55694e+06,1.55693e+06,1.55691e+06,1.54518e+06
1,1557130,1.55715e+06,1.55715e+06,1.55713e+06,1.5454e+06
6,1557340,1.55737e+06,1.55736e+06,1.55735e+06,1.54562e+06
5,1557550,1.55759e+06,1.55758e+06,1.55757e+06,1.54584e+06
8,1557740,1.5578e+06,1.5578e+06,1.55779e+06,1.54606e+06
7,1557980,1.55802e+06,1.55802e+06,1.55801e+06,1.54628e+06
9,1558210,1.55824e+06,1.55824e+06,1.55823e+06,1.5465e+06
10,1558450,1.55845e+06,1.55846e+06,1.55845e+06,1.54673e+06
2,1558750,1.55867e+06,1.55868e+06,1.55867e+06,1.54695e+06
4,1558880,1.55889e+06,1.5589e+06,1.55889e+06,1.54717e+06
3,1559120,1.5591e+06,1.55912e+06,1.55912e+06,1.54739e+06
6,1559390,1.55932e+06,1.55934e+06,1.55934e+06,1.54761e+06
1,1559510,1.55954e+06,1.55956e+06,1.55956e+06,1.54783e+06
8,1559730,1.55976e+06,1.55978e+06,1.55978e+06,1.54805e+06
5,1559970,1.55997e+06,1.56e+06,1.56e+06,1.54827e+06
9,1560170,1.56019e+06,1.56021e+06,1.56022e+06,1.5485e+06
7,1560390,1.56041e+06,1.56043e+06,1.56044e+06,1.54872e+06
10,1560680,1.56062e+06,1.56065e+06,1.56066e+06,1.54894e+06
4,1561130,1.56112e+06,1.5611e+06,1.56108e+06,1.54938e+06
2,1561360,1.56133e+06,1.56132e+06,1.5613e+06,1.5496e+06
6,1561610,1.56155e+06,1.56154e+06,1.56153e+06,1.54982e+06
3,1561840,1.56177e+06,1.56176e+06,1.56175e+06,1.55004e+06
8,1561990,1.56199e+06,1.56198e+06,1.56197e+06,1.55027e+06
1,1562080,1.56221e+06,1.56219e+06,1.56219e+06,1.55049e+06
9,1562440,1.56242e+06,1.56241e+06,1.56241e+06,1.55071e+06
5,1562610,1.56264e+06,1.56263e+06,1.56263e+06,1.55093e+06
7,1562850,1.56286e+06,1.56285e+06,1.56286e+06,1.55115e+06
10,1563060,1.56308e+06,1.56307e+06,1.56308e+06,1.55137e+06
4,1563270,1.56329e+06,1.56329e+06,1.5633e+06,1.55159e+06
6,1563560,1.56351e+06,1.56351e+06,1.56352e+06,1.55181e+06
2,1563810,1.56373e+06,1.56373e+06,1.56374e+06,1.55204e+06
8,1564010,1.56395e+06,1.56395e+06,1.56396e+06,1.55226e+06
3,1564110,1.56417e+06,1.56417e+06,1.56419e+06,1.55248e+06
9,1564390,1.56438e+06,1.56439e+06,1.56441e+06,1.5527e+06
1,1564500,1.5646e+06,1.56461e+06,1.56463e+06,1.55292e+06
7,1564790,1.56482e+06,1.56483e+06,1.56485e+06,1.55314e+06
5,1565050,1.56504e+06,1.56505e+06,1.56507e+06,1.55336e+06
10,1565320,1.56525e+06,1.56527e+06,1.5653e+06,1.55359e+06
6,1565830,1.56576e+06,1.56573e+06,1.56573e+06,1.55403e+06
4,1566090,1.56598e+06,1.56595e+06,1.56596e+06,1.55425e+06
8,1566250,1.5662e+06,1.56617e+06,1.56618e+06,1.55447e+06
2,1566430,1.56642e+06,1.56639e+06,1.5664e+06,1.55469e+06
9,1566690,1.56663e+06,1.56661e+06,1.56662e+06,1.55491e+06
3,1566880,1.56685e+06,1.56683e+06,1.56684e+06,1.55513e+06
7,1567020,1.56707e+06,1.56705e+06,1.56706e+06,1.55536e+06
1,1567180,1.56729e+06,1.56727e+06,1.56729e+06,1.55558e+06
5,1567420,1.56751e+06,1.56749e+06,1.56751e+06,1.5558e+06
10,1567650,1.56772e+06,1.56771e+06,1.56773e+06,1.55602e+06
6,1567960,1.56794e+06,1.56793e+06,1.56795e+06,1.55624e+06
8,1568260,1.56816e+06,1.56815e+06,1.56817e+06,1.55646e+06
4,1568420,1.56838e+06,1.56837e+06,1.5684e+06,1.55668e+06
9,1568620,1.5686e+06,1.56859e+06,1.56862e+06,1.5569e+06
2,1568850,1.56881e+06,1.56881e+06,1.56884e+06,1.55713e+06
7,1569030,1.56903e+06,1.56903e+06,1.56906e+06,1.55735e+06
3,1569230,1.56925e+06,1.56925e+06,1.56928e+06,1.55757e+06
5,1569410,1.56947e+06,1.56947e+06,1.5695e+06,1.55779e+06
1,1569640,1.56969e+06,1.56969e+06,1.56973e+06,1.55801e+06
10,1569960,1.5699e+06,1.56991e+06,1.56995e+06,1.55823e+06
8,1570430,1.57039e+06,1.57036e+06,1.57036e+06,1.55867e+06
6,1570620,1.57061e+06,1.57058e+06,1.57058e+06,1.5589e+06
9,1570860,1.57083e+06,1.5708e+06,1.5708e+06,1.55912e+06
4,1571020,1.57105e+06,1.57103e+06,1.57103e+06,1.55934e+06
7,1571210,1.57127e+06,1.57125e+06,1.57125e+06,1.55956e+06
2,1571540,1.57149e+06,1.57147e+06,1.57147e+06,1.55978e+06
5,1571620,1.57171e+06,1.57169e+06,1.57169e+06,1.56e+06
3,1571900,1.57192e+06,1.57191e+06,1.57192e+06,1.56022e+06
1,1572160,1.57214e+06,1.57213e+06,1.57214e+06,1.56044e+06
10,1572310,1.57236e+06,1.57235e+06,1.57236e+06,1.56067e+06
8,1572630,1.57258e+06,1.57257e+06,1.57258e+06,1.56089e+06
9,1572830,1.5728e+06,1.57279e+06,1.5728e+06,1.56111e+06
6,1573050,1.57302e+06,1.57301e+06,1.57303e+06,1.56133e+06
7,1573200,1.57324e+06,1.57323e+06,1.57325e+06,1.56155e+06
4,1573430,1.57346e+06,1.57345e+06,1.57347e+06,1.56177e+06
5,1573700,1.57368e+06,1.57367e+06,1.57369e+06,1.56199e+06
2,1573860,1.57389e+06,1.57389e+06,1.57392e+06,1.56221e+06
1,1574090,1.57411e+06,1.57411e+06,1.57414e+06,1.56244e+06
3,1574300,1.57433e+06,1.57433e+06,1.57436e+06,1.56266e+06
10,1574660,1.57455e+06,1.57455e+06,1.57458e+06,1.56288e+06
9,1575060,1.57505e+06,1.57502e+06,1.57503e+06,1.56332e+06
8,1575300,1.57527e+06,1.57524e+06,1.57525e+06,1.56354e+06
7,1575500,1.57549e+06,1.57546e+06,1.57547e+06,1.56376e+06
6,1575750,1.57571e+06,1.57568e+06,1.5757e+06,1.56399e+06
5,1575910,1.57593e+06,1.5759e+06,1.57592e+06,1.56421e+06
4,1576120,1.57615e+06,1.57612e+06,1.57614e+06,1.56443e+06
1,1576360,1.57637e+06,1.57635e+06,1.57636e+06,1.56465e+06
2,1576540,1.57659e+06,1.57657e+06,1.57659e+06,1.56487e+06
3,1576740,1.57681e+06,1.57679e+06,1.57681e+06,1.56509e+06
10,1577010,1.57703e+06,1.57701e+06,1.57703e+06,1.56531e+06
9,1577240,1.57725e+06,1.57723e+06,1.57725e+06,1.56553e+06
7,1577470,1.57747e+06,1.57745e+06,1.57747e+06,1.56576e+06
8,1577700,1.57769e+06,1.57767e+06,1.5777e+06,1.56598e+06
5,1577960,1.57791e+06,1.57789e+06,1.57792e+06,1.5662e+06
6,1578190,1.57813e+06,1.57811e+06,1.57814e+06,1.56642e+06
1,1578350,1.57835e+06,1.57834e+06,1.57836e+06,1.56664e+06
4,1578570,1.57857e+06,1.57856e+06,1.57859e+06,1.56686e+06
3,1578760,1.5788e+06,1.57878e+06,1.57881e+06,1.56708e+06
2,1579010,1.57902e+06,1.579e+06,1.57903e+06,1.5673e+06
10,1579290,1.57924e+06,1.57922e+06,1.57925e+06,1.56753e+06
7,1579700,1.5797e+06,1.57967e+06,1.57967e+06,1.56797e+06
9,1579930,1.57992e+06,1.57989e+06,1.57989e+06,1.56819e+06
5,1580140,1.58014e+06,1.58011e+06,1.58011e+06,1.56841e+06
8,1580360,1.58036e+06,1.58033e+06,1.58033e+06,1.56863e+06
1,1580560,1.58058e+06,1.58055e+06,1.58056e+06,1.56885e+06
6,1580800,1.5808e+06,1.58077e+06,1.58078e+06,1.56907e+06
3,1581050,1.58101e+06,1.58099e+06,1.581e+06,1.5693e+06
4,1581150,1.58123e+06,1.58122e+06,1.58122e+06,1.56952e+06
2,1581360,1.58145e+06,1.58144e+06,1.58144e+06,1.56974e+06
10,1581680,1.58167e+06,1.58166e+06,1.58166e+06,1.56996e+06
7,1581890,1.58189e+06,1.58188e+06,1.58188e+06,1.57018e+06
5,1582130,1.58211e+06,1.5821e+06,1.5821e+06,1.5704e+06
9,1582310,1.58232e+06,1.58232e+06,1.58233e+06,1.57062e+06
1,1582520,1.58254e+06,1.58254e+06,1.58255e+06,1.57084e+06
8,1582710,1.58276e+06,1.58276e+06,1.58277e+06,1.57107e+06
3,1582960,1.58298e+06,1.58299e+06,1.58299e+06,1.57129e+06
6,1583180,1.5832e+06,1.58321e+06,1.58321e+06,1.57151e+06
2,1583480,1.58342e+06,1.58343e+06,1.58343e+06,1.57173e+06
4,1583630,1.58364e+06,1.58365e+06,1.58365e+06,1.57195e+06
10,1583920,1.58385e+06,1.58387e+06,1.58387e+06,1.57217e+06
5,1584340,1.58434e+06,1.58431e+06,1.5843e+06,1.57261e+06
7,1584600,1.58456e+06,1.58453e+06,1.58452e+06,1.57284e+06
1,1584740,1.58477e+06,1.58475e+06,1.58474e+06,1.57306e+06
9,1585020,1.58499e+06,1.58497e+06,1.58497e+06,1.57328e+06
3,1585280,1.58521e+06,1.58519e+06,1.58519e+06,1.5735e+06
8,1585400,1.58542e+06,1.58541e+06,1.58541e+06,1.57372e+06
2,1585600,1.58564e+06,1.58563e+06,1.58563e+06,1.57394e+06
6,1585850,1.58586e+06,1.58585e+06,1.58585e+06,1.57416e+06
4,1586040,1.58607e+06,1.58607e+06,1.58607e+06,1.57439e+06
10,1586310,1.58629e+06,1.58629e+06,1.58629e+06,1.57461e+06
5,1586540,1.58651e+06,1.58651e+06,1.58651e+06,1.57483e+06
1,1586750,1.58673e+06,1.58674e+06,1.58673e+06,1.57505e+06
7,1586940,1.58694e+06,1.58696e+06,1.58695e+06,1.57527e+06
3,1587210,1.58716e+06,1.58718e+06,1.58717e+06,1.57549e+06
9,1587390,1.58738e+06,1.5874e+06,1.58739e+06,1.57571e+06
2,1587560,1.58759e+06,1.58762e+06,1.58762e+06,1.57593e+06
8,1587750,1.58781e+06,1.58784e+06,1.58784e+06,1.57616e+06
4,1587920,1.58803e+06,1.58806e+06,1.58806e+06,1.57638e+06
6,1588210,1.58824e+06,1.58828e+06,1.58828e+06,1.5766e+06
10,1588570,1.58846e+06,1.5885e+06,1.5885e+06,1.57682e+06
1,1588990,1.58895e+06,1.58893e+06,1.58892e+06,1.57726e+06
5,1589110,1.58917e+06,1.58915e+06,1.58914e+06,1.57748e+06
7,1589390,1.58938e+06,1.58937e+06,1.58936e+06,1.5777e+06
9,1589660,1.5896e+06,1.58959e+06,1.58958e+06,1.57793e+06
3,1589810,1.58982e+06,1.58981e+06,1.5898e+06,1.57815e+06
8,1590010,1.59004e+06,1.59003e+06,1.59002e+06,1.57837e+06
2,1590230,1.59025e+06,1.59025e+06,1.59024e+06,1.57859e+06
6,1590440,1.59047e+06,1.59047e+06,1.59046e+06,1.57881e+06
4,1590660,1.59069e+06,1.59069e+06,1.59068e+06,1.57903e+06
10,1590930,1.5909e+06,1.59091e+06,1.5909e+06,1.57925e+06
1,1591200,1.59112e+06,1.59113e+06,1.59112e+06,1.57947e+06
7,1591330,1.59134e+06,1.59135e+06,1.59135e+06,1.5797e+06
5,1591560,1.59156e+06,1.59157e+06,1.59157e+06,1.57992e+06
3,1591800,1.59177e+06,1.5918e+06,1.59179e+06,1.58014e+06
9,1591980,1.59199e+06,1.59202e+06,1.59201e+06,1.58036e+06
2,1592260,1.59221e+06,1.59224e+06,1.59223e+06,1.58058e+06
8,1592390,1.59243e+06,1.59246e+06,1.59245e+06,1.5808e+06
4,1592560,1.59264e+06,1.59268e+06,1.59267e+06,1.58102e+06
6,1592810,1.59286e+06,1.5929e+06,1.59289e+06,1.58124e+06
10,1593160,1.59308e+06,1.59312e+06,1.59311e+06,1.58147e+06
7,1593610,1.59358e+06,1.59355e+06,1.59354e+06,1.58191e+06
1,1593790,1.59379e+06,1.59377e+06,1.59376e+06,1.58213e+06
5,1593990,1.59401e+06,1.59399e+06,1.59398e+06,1.58235e+06
9,1594300,1.59423e+06,1.59421e+06,1.5942e+06,1.58257e+06
3,1594470,1.59444e+06,1.59443e+06,1.59442e+06,1.58279e+06
8,1594660,1.59466e+06,1.59465e+06,1.59464e+06,1.58301e+06
2,1594860,1.59488e+06,1.59487e+06,1.59487e+06,1.58324e+06
6,1595040,1.59509e+06,1.59509e+06,1.59509e+06,1.58346e+06
4,1595250,1.59531e+06,1.59531e+06,1.59531e+06,1.58368e+06
10,1595540,1.59553e+06,1.59553e+06,1.59553e+06,1.5839e+06
7,1595800,1.59575e+06,1.59575e+06,1.59575e+06,1.58412e+06
5,1596000,1.59596e+06,1.59597e+06,1.59597e+06,1.58434e+06
1,1596250,1.59618e+06,1.59619e+06,1.59619e+06,1.58456e+06
3,1596430,1.5964e+06,1.59641e+06,1.59642e+06,1.58479e+06
9,1596620,1.59661e+06,1.59663e+06,1.59664e+06,1.58501e+06
2,1596820,1.59683e+06,1.59685e+06,1.59686e+06,1.58523e+06
8,1597020,1.59705e+06,1.59707e+06,1.59708e+06,1.58545e+06
4,1597180,1.59727e+06,1.59729e+06,1.5973e+06,1.58567e+06
6,1597440,1.59748e+06,1.59751e+06,1.59752e+06,1.58589e+06
10,1597750,1.5977e+06,1.59773e+06,1.59775e+06,1.58611e+06
5,1598190,1.59821e+06,1.59818e+06,1.59818e+06,1.58656e+06
7,1598440,1.59843e+06,1.5984e+06,1.5984e+06,1.58678e+06
3,1598740,1.59864e+06,1.59862e+06,1.59862e+06,1.587e+06
1,1598920,1.59886e+06,1.59884e+06,1.59885e+06,1.58722e+06
2,1599170,1.59908e+06,1.59906e+06,1.59907e+06,1.58744e+06
9,1599350,1.5993e+06,1.59928e+06,1.59929e+06,1.58766e+06
4,1599480,1.59952e+06,1.5995e+06,1.59951e+06,1.58788e+06
8,1599630,1.59973e+06,1.59972e+06,1.59973e+06,1.5881e+06
6,1599890,1.59995e+06,1.59994e+06,1.59995e+06,1.58833e+06
10,1600110,1.60017e+06,1.60017e+06,1.60017e+06,1.58855e+06
5,1600380,1.60039e+06,1.60039e+06,1.60039e+06,1.58877e+06
3,1600660,1.60061e+06,1.60061e+06,1.60062e+06,1.58899e+06
7,1600850,1.60082e+06,1.60083e+06,1.60084e+06,1.58921e+06
2,1601100,1.60104e+06,1.60105e+06,1.60106e+06,1.58943e+06
1,1601260,1.60126e+06,1.60127e+06,1.60128e+06,1.58965e+06
4,1601450,1.60148e+06,1.60149e+06,1.6015e+06,1.58987e+06
9,1601670,1.60169e+06,1.60171e+06,1.60172e+06,1.5901e+06
6,1601860,1.60191e+06,1.60193e+06,1.60194e+06,1.59032e+06
8,1602090,1.60213e+06,1.60215e+06,1.60217e+06,1.59054e+06
10,1602440,1.60235e+06,1.60237e+06,1.60239e+06,1.59076e+06
3,1602930,1.60283e+06,1.60281e+06,1.60281e+06,1.5912e+06
5,1603040,1.60305e+06,1.60303e+06,1.60303e+06,1.59142e+06
2,1603190,1.60327e+06,1.60325e+06,1.60325e+06,1.59164e+06
7,1603430,1.60349e+06,1.60347e+06,1.60347e+06,1.59187e+06
4,1603670,1.60371e+06,1.60369e+06,1.60369e+06,1.59209e+06
1,1603880,1.60393e+06,1.60391e+06,1.60391e+06,1.59231e+06
6,1604160,1.60414e+06,1.60413e+06,1.60413e+06,1.59253e+06
9,1604360,1.60436e+06,1.60435e+06,1.60435e+06,1.59275e+06
8,1604550,1.60458e+06,1.60457e+06,1.60457e+06,1.59297e+06
10,1604780,1.6048e+06,1.60479e+06,1.60479e+06,1.59319e+06
3,1605050,1.60502e+06,1.60501e+06,1.60502e+06,1.59341e+06
2,1605280,1.60524e+06,1.60523e+06,1.60524e+06,1.59364e+06
5,1605490,1.60546e+06,1.60545e+06,1.60546e+06,1.59386e+06
4,1605660,1.60567e+06,1.60567e+06,1.60568e+06,1.59408e+06
7,1605850,1.60589e+06,1.60589e+06,1.6059e+06,1.5943e+06
6,1606130,1.60611e+06,1.60612e+06,1.60612e+06,1.59452e+06
1,1606340,1.60633e+06,1.60634e+06,1.60634e+06,1.59474e+06
8,1606530,1.60655e+06,1.60656e+06,1.60656e+06,1.59496e+06
9,1606750,1.60677e+06,1.60678e+06,1.60678e+06,1.59519e+06
10,1607040,1.60698e+06,1.607e+06,1.60701e+06,1.59541e+06
2,1607400,1.60746e+06,1.60744e+06,1.60743e+06,1.59585e+06
3,1607680,1.60768e+06,1.60766e+06,1.60765e+06,1.59607e+06
4,1607900,1.6079e+06,1.60788e+06,1.60787e+06,1.59629e+06
5,1608110,1.60812e+06,1.6081e+06,1.60809e+06,1.59651e+06
6,1608380,1.60834e+06,1.60832e+06,1.60832e+06,1.59673e+06
7,1608590,1.60855e+06,1.60854e+06,1.60854e+06,1.59696e+06
8,1608790,1.60877e+06,1.60876e+06,1.60876e+06,1.59718e+06
1,1608890,1.60899e+06,1.60898e+06,1.60898e+06,1.5974e+06
9,1609250,1.60921e+06,1.6092e+06,1.6092e+06,1.59762e+06
10,1609380,1.60943e+06,1.60942e+06,1.60942e+06,1.59784e+06
2,1609590,1.60965e+06,1.60964e+06,1.60964e+06,1.59806e+06
4,1609830,1.60986e+06,1.60986e+06,1.60987e+06,1.59828e+06
3,1610070,1.61008e+06,1.61008e+06,1.61009e+06,1.5985e+06
6,1610350,1.6103e+06,1.6103e+06,1.61031e+06,1.59873e+06
5,1610560,1.61052e+06,1.61052e+06,1.61053e+06,1.59895e+06
8,1610740,1.61074e+06,1.61074e+06,1.61075e+06,1.59917e+06
7,1610980,1.61096e+06,1.61096e+06,1.61097e+06,1.59939e+06
9,1611160,1.61117e+06,1.61118e+06,1.61119e+06,1.59961e+06
1,1611330,1.61139e+06,1.6114e+06,1.61141e+06,1.59983e+06
10,1611680,1.61161e+06,1.61162e+06,1.61164e+06,1.60005e+06
4,1612090,1.6121e+06,1.61207e+06,1.61207e+06,1.6005e+06
2,1612370,1.61232e+06,1.61229e+06,1.61229e+06,1.60072e+06
6,1612570,1.61253e+06,1.61251e+06,1.61251e+06,1.60094e+06
3,1612780,1.61275e+06,1.61273e+06,1.61273e+06,1.60116e+06
8,1612900,1.61297e+06,1.61295e+06,1.61295e+06,1.60138e+06
5,1613150,1.61319e+06,1.61317e+06,1.61317e+06,1.6016e+06
9,1613430,1.61341e+06,1.61339e+06,1.61339e+06,1.60182e+06
7,1613610,1.61362e+06,1.61361e+06,1.61362e+06,1.60204e+06
1,1613750,1.61384e+06,1.61383e+06,1.61384e+06,1.60227e+06
10,1614090,1.61406e+06,1.61405e+06,1.61406e+06,1.60249e+06
4,1614270,1.61428e+06,1.61427e+06,1.61428e+06,1.60271e+06
6,1614540,1.6145e+06,1.6145e+06,1.6145e+06,1.60293e+06
2,1614770,1.61472e+06,1.61472e+06,1.61472e+06,1.60315e+06
8,1614940,1.61493e+06,1.61494e+06,1.61495e+06,1.60337e+06
3,1615120,1.61515e+06,1.61516e+06,1.61517e+06,1.60359e+06
9,1615350,1.61537e+06,1.61538e+06,1.61539e+06,1.60382e+06
5,1615630,1.61559e+06,1.6156e+06,1.61561e+06,1.60404e+06
1,1615690,1.61581e+06,1.61582e+06,1.61583e+06,1.60426e+06
7,1616010,1.61602e+06,1.61604e+06,1.61605e+06,1.60448e+06
10,1616340,1.61624e+06,1.61626e+06,1.61627e+06,1.6047e+06
6,1616780,1.61673e+06,1.6167e+06,1.6167e+06,1.60514e+06
4,1616950,1.61695e+06,1.61693e+06,1.61692e+06,1.60536e+06
8,1617160,1.61717e+06,1.61715e+06,1.61714e+06,1.60559e+06
2,1617380,1.61738e+06,1.61737e+06,1.61736e+06,1.60581e+06
9,1617630,1.6176e+06,1.61759e+06,1.61759e+06,1.60603e+06
3,1617750,1.61782e+06,1.61781e+06,1.61781e+06,1.60625e+06
1,1617990,1.61804e+06,1.61803e+06,1.61803e+06,1.60647e+06
5,1618210,1.61826e+06,1.61825e+06,1.61825e+06,1.60669e+06
7,1618490,1.61848e+06,1.61847e+06,1.61847e+06,1.60691e+06
10,1618680,1.6187e+06,1.61869e+06,1.61869e+06,1.60713e+06
6,1618960,1.61892e+06,1.61891e+06,1.61892e+06,1.60736e+06
8,1619190,1.61913e+06,1.61913e+06,1.61914e+06,1.60758e+06
4,1619340,1.61935e+06,1.61935e+06,1.61936e+06,1.6078e+06
9,1619570,1.61957e+06,1.61957e+06,1.61958e+06,1.60802e+06
2,1619770,1.61979e+06,1.61979e+06,1.6198e+06,1.60824e+06
1,1620000,1.62001e+06,1.62001e+06,1.62002e+06,1.60846e+06
3,1620190,1.62023e+06,1.62023e+06,1.62025e+06,1.60868e+06
7,1620440,1.62045e+06,1.62045e+06,1.62047e+06,1.6089e+06
5,1620660,1.62067e+06,1.62068e+06,1.62069e+06,1.60913e+06
10,1620970,1.62088e+06,1.6209e+06,1.62091e+06,1.60935e+06
8,1621360,1.62137e+06,1.62134e+06,1.62133e+06,1.60979e+06
6,1621590,1.62159e+06,1.62156e+06,1.62156e+06,1.61001e+06
9,1621820,1.62181e+06,1.62179e+06,1.62178e+06,1.61023e+06
4,1621960,1.62203e+06,1.62201e+06,1.622e+06,1.61045e+06
1,1622250,1.62224e+06,1.62223e+06,1.62222e+06,1.61067e+06
2,1622520,1.62246e+06,1.62245e+06,1.62245e+06,1.6109e+06
7,1622660,1.62268e+06,1.62267e+06,1.62267e+06,1.61112e+06
3,1622850,1.6229e+06,1.62289e+06,1.62289e+06,1.61134e+06
5,1623110,1.62312e+06,1.62311e+06,1.62311e+06,1.61156e+06
10,1623320,1.62334e+06,1.62333e+06,1.62334e+06,1.61178e+06
8,1623570,1.62356e+06,1.62355e+06,1.62356e+06,1.612e+06
9,1623820,1.62378e+06,1.62377e+06,1.62378e+06,1.61222e+06
6,1624030,1.624e+06,1.62399e+06,1.624e+06,1.61244e+06
1,1624220,1.62422e+06,1.62421e+06,1.62423e+06,1.61267e+06
4,1624390,1.62444e+06,1.62443e+06,1.62445e+06,1.61289e+06
7,1624680,1.62465e+06,1.62466e+06,1.62467e+06,1.61311e+06
2,1624860,1.62487e+06,1.62488e+06,1.62489e+06,1.61333e+06
5,1625090,1.62509e+06,1.6251e+06,1.62512e+06,1.61355e+06
3,1625240,1.62531e+06,1.62532e+06,1.62534e+06,1.61377e+06
10,1625610,1.62553e+06,1.62554e+06,1.62556e+06,1.61399e+06
9,1626120,1.62603e+06,1.626e+06,1.62601e+06,1.61444e+06
8,1626320,1.62625e+06,1.62622e+06,1.62623e+06,1.61466e+06
1,1626490,1.62647e+06,1.62644e+06,1.62646e+06,1.61488e+06
6,1626720,1.62669e+06,1.62666e+06,1.62668e+06,1.6151e+06
7,1626990,1.62691e+06,1.62689e+06,1.6269e+06,1.61532e+06
4,1627160,1.62713e+06,1.62711e+06,1.62712e+06,1.61554e+06
5,1627270,1.62735e+06,1.62733e+06,1.62734e+06,1.61576e+06
2,1627520,1.62757e+06,1.62755e+06,1.62757e+06,1.61599e+06
3,1627680,1.62779e+06,1.62777e+06,1.62779e+06,1.61621e+06
10,1627950,1.62801e+06,1.62799e+06,1.62801e+06,1.61643e+06
9,1628260,1.62823e+06,1.62821e+06,1.62823e+06,1.61665e+06
1,1628460,1.62844e+06,1.62843e+06,1.62846e+06,1.61687e+06
8,1628670,1.62866e+06,1.62866e+06,1.62868e+06,1.61709e+06
7,1628910,1.62888e+06,1.62888e+06,1.6289e+06,1.61731e+06
6,1629140,1.6291e+06,1.6291e+06,1.62912e+06,1.61753e+06
5,1629330,1.62932e+06,1.62932e+06,1.62934e+06,1.61776e+06
4,1629540,1.62954e+06,1.62954e+06,1.62957e+06,1.61798e+06
3,1629710,1.62976e+06,1.62976e+06,1.62979e+06,1.6182e+06
2,1629980,1.62998e+06,1.62998e+06,1.63001e+06,1.61842e+06
10,1630220,1.6302e+06,1.6302e+06,1.63023e+06,1.61864e+06
1,1630690,1.63067e+06,1.63064e+06,1.63065e+06,1.61908e+06
9,1630920,1.63089e+06,1.63087e+06,1.63087e+06,1.6193e+06
8,1631150,1.63111e+06,1.63109e+06,1.63109e+06,1.61953e+06
6,1631330,1.63133e+06,1.63131e+06,1.63131e+06,1.61975e+06
7,1631540,1.63155e+06,1.63153e+06,1.63153e+06,1.61997e+06
4,1631720,1.63177e+06,1.63175e+06,1.63175e+06,1.62019e+06
5,1631960,1.63198e+06,1.63197e+06,1.63197e+06,1.62041e+06
2,1632170,1.6322e+06,1.63219e+06,1.63219e+06,1.62063e+06
3,1632390,1.63242e+06,1.63241e+06,1.63241e+06,1.62085e+06
10,1632620,1.63264e+06,1.63263e+06,1.63263e+06,1.62107e+06
1,1632750,1.63286e+06,1.63286e+06,1.63285e+06,1.6213e+06
8,1633060,1.63308e+06,1.63308e+06,1.63307e+06,1.62152e+06
9,1633310,1.63329e+06,1.6333e+06,1.6333e+06,1.62174e+06
7,1633470,1.63351e+06,1.63352e+06,1.63352e+06,1.62196e+06
6,1633710,1.63373e+06,1.63374e+06,1.63374e+06,1.62218e+06
5,1633950,1.63395e+06,1.63396e+06,1.63396e+06,1.6224e+06
4,1634180,1.63417e+06,1.63418e+06,1.63418e+06,1.62262e+06
3,1634380,1.63439e+06,1.6344e+06,1.6344e+06,1.62284e+06
2,1634650,1.6346e+06,1.63462e+06,1.63462e+06,1.62307e+06
10,1634920,1.63482e+06,1.63485e+06,1.63484e+06,1.62329e+06
8,1635300,1.63528e+06,1.63528e+06,1.63526e+06,1.62373e+06
1,1635450,1.6355e+06,1.6355e+06,1.63548e+06,1.62395e+06
9,1635690,1.63572e+06,1.63572e+06,1.6357e+06,1.62417e+06
6,1635920,1.63594e+06,1.63594e+06,1.63592e+06,1.62439e+06
7,1636110,1.63616e+06,1.63616e+06,1.63615e+06,1.62462e+06
4,1636310,1.63638e+06,1.63638e+06,1.63637e+06,1.62484e+06
5,1636590,1.6366e+06,1.6366e+06,1.63659e+06,1.62506e+06
2,1636770,1.63682e+06,1.63682e+06,1.63681e+06,1.62528e+06
3,1637010,1.63704e+06,1.63704e+06,1.63703e+06,1.6255e+06
10,1637300,1.63726e+06,1.63726e+06,1.63725e+06,1.62572e+06
8,1637500,1.63748e+06,1.63748e+06,1.63747e+06,1.62594e+06
9,1637720,1.6377e+06,1.6377e+06,1.63769e+06,1.62616e+06
1,1637880,1.63792e+06,1.63793e+06,1.63791e+06,1.62639e+06
7,1638120,1.63814e+06,1.63815e+06,1.63814e+06,1.62661e+06
6,1638350,1.63836e+06,1.63837e+06,1.63836e+06,1.62683e+06
5,1638570,1.63858e+06,1.63859e+06,1.63858e+06,1.62705e+06
4,1638810,1.6388e+06,1.63881e+06,1.6388e+06,1.62727e+06
3,1639000,1.63902e+06,1.63903e+06,1.63902e+06,1.62749e+06
2,1639260,1.63924e+06,1.63925e+06,1.63924e+06,1.62771e+06
10,1639570,1.63946e+06,1.63947e+06,1.63946e+06,1.62793e+06
9,1639970,1.63993e+06,1.63991e+06,1.6399e+06,1.62838e+06
8,1640200,1.64015e+06,1.64013e+06,1.64012e+06,1.6286e+06
7,1640400,1.64036e+06,1.64035e+06,1.64034e+06,1.62882e+06
1,1640580,1.64058e+06,1.64057e+06,1.64056e+06,1.62904e+06
5,1640780,1.6408e+06,1.64079e+06,1.64079e+06,1.62926e+06
6,1640820,1.64102e+06,1.64101e+06,1.64101e+06,1.62948e+06
3,1641230,1.64124e+06,1.64123e+06,1.64123e+06,1.6297e+06
4,1641420,1.64146e+06,1.64145e+06,1.64145e+06,1.62993e+06
2,1641670,1.64167e+06,1.64167e+06,1.64167e+06,1.63015e+06
10,1641900,1.64189e+06,1.64189e+06,1.64189e+06,1.63037e+06
9,1642130,1.64211e+06,1.64211e+06,1.64211e+06,1.63059e+06
7,1642370,1.64233e+06,1.64233e+06,1.64233e+06,1.63081e+06
8,1642610,1.64255e+06,1.64255e+06,1.64255e+06,1.63103e+06
5,1642790,1.64277e+06,1.64278e+06,1.64277e+06,1.63125e+06
1,1642970,1.64299e+06,1.643e+06,1.64299e+06,1.63147e+06
3,1643160,1.6432e+06,1.64322e+06,1.64321e+06,1.6317e+06
6,1643180,1.64342e+06,1.64344e+06,1.64343e+06,1.63192e+06
2,1643740,1.64364e+06,1.64366e+06,1.64366e+06,1.63214e+06
4,1643900,1.64386e+06,1.64388e+06,1.64388e+06,1.63236e+06
10,1644170,1.64408e+06,1.6441e+06,1.6441e+06,1.63258e+06
7,1644560,1.64455e+06,1.64452e+06,1.64451e+06,1.63302e+06
9,1644780,1.64477e+06,1.64474e+06,1.64473e+06,1.63324e+06
5,1644990,1.64498e+06,1.64496e+06,1.64495e+06,1.63347e+06
8,1645240,1.6452e+06,1.64518e+06,1.64517e+06,1.63369e+06
3,1645450,1.64542e+06,1.6454e+06,1.64539e+06,1.63391e+06
1,1645700,1.64563e+06,1.64562e+06,1.64561e+06,1.63413e+06
6,1645750,1.64585e+06,1.64584e+06,1.64583e+06,1.63435e+06
2,1645950,1.64606e+06,1.64606e+06,1.64605e+06,1.63457e+06
4,1646210,1.64628e+06,1.64628e+06,1.64627e+06,1.63479e+06
10,1646490,1.64649e+06,1.6465e+06,1.64649e+06,1.63502e+06
7,1646760,1.64671e+06,1.64672e+06,1.64671e+06,1.63524e+06
5,1646970,1.64692e+06,1.64694e+06,1.64693e+06,1.63546e+06
9,1647180,1.64714e+06,1.64716e+06,1.64715e+06,1.63568e+06
3,1647420,1.64735e+06,1.64738e+06,1.64737e+06,1.6359e+06
8,1647590,1.64757e+06,1.6476e+06,1.64759e+06,1.63612e+06
2,1647870,1.64778e+06,1.64782e+06,1.64781e+06,1.63634e+06
1,1648090,1.648e+06,1.64804e+06,1.64803e+06,1.63656e+06
6,1648110,1.64822e+06,1.64826e+06,1.64825e+06,1.63679e+06
4,1648160,1.64843e+06,1.64848e+06,1.64847e+06,1.63701e+06
10,1648740,1.64865e+06,1.6487e+06,1.64869e+06,1.63723e+06
5,1649150,1.64914e+06,1.64912e+06,1.6491e+06,1.63767e+06
7,1649380,1.64935e+06,1.64934e+06,1.64932e+06,1.63789e+06
3,1649670,1.64957e+06,1.64956e+06,1.64954e+06,1.63811e+06
9,1649870,1.64979e+06,1.64978e+06,1.64976e+06,1.63833e+06
2,1650030,1.65e+06,1.65e+06,1.64998e+06,1.63856e+06
8,1650220,1.65022e+06,1.65022e+06,1.6502e+06,1.63878e+06
4,1650340,1.65043e+06,1.65044e+06,1.65042e+06,1.639e+06
1,1650610,1.65065e+06,1.65066e+06,1.65064e+06,1.63922e+06
6,1650670,1.65087e+06,1.65088e+06,1.65086e+06,1.63944e+06
10,1651040,1.65108e+06,1.6511e+06,1.65108e+06,1.63966e+06
5,1651280,1.6513e+06,1.65132e+06,1.65131e+06,1.63988e+06
3,1651550,1.65152e+06,1.65154e+06,1.65153e+06,1.6401e+06
7,1651750,1.65173e+06,1.65176e+06,1.65175e+06,1.64033e+06
2,1652020,1.65195e+06,1.65198e+06,1.65197e+06,1.64055e+06
9,1652200,1.65217e+06,1.6522e+06,1.65219e+06,1.64077e+06
4,1652360,1.65238e+06,1.65241e+06,1.65241e+06,1.64099e+06
8,1652530,1.6526e+06,1.65263e+06,1.65263e+06,1.64121e+06
6,1652970,1.65282e+06,1.65285e+06,1.65285e+06,1.64143e+06
1,1652990,1.65303e+06,1.65307e+06,1.65307e+06,1.64165e+06
10,1653270,1.65325e+06,1.65329e+06,1.65329e+06,1.64187e+06
3,1653820,1.65376e+06,1.65374e+06,1.65374e+06,1.64232e+06
5,1654020,1.65398e+06,1.65396e+06,1.65396e+06,1.64254e+06
2,1654200,1.6542e+06,1.65418e+06,1.65418e+06,1.64276e+06
7,1654440,1.65441e+06,1.6544e+06,1.6544e+06,1.64298e+06
4,1654630,1.65463e+06,1.65462e+06,1.65462e+06,1.6432e+06
9,1654870,1.65485e+06,1.65484e+06,1.65484e+06,1.64342e+06
1,1655270,1.65506e+06,1.65506e+06,1.65506e+06,1.64364e+06
8,1655330,1.65528e+06,1.65528e+06,1.65528e+06,1.64387e+06
6,1655360,1.6555e+06,1.6555e+06,1.6555e+06,1.64409e+06
10,1655650,1.65572e+06,1.65572e+06,1.65572e+06,1.64431e+06
3,1655890,1.65593e+06,1.65593e+06,1.65595e+06,1.64453e+06
2,1656150,1.65615e+06,1.65615e+06,1.65617e+06,1.64475e+06
5,1656380,1.65637e+06,1.65637e+06,1.65639e+06,1.64497e+06
4,1656570,1.65659e+06,1.65659e+06,1.65661e+06,1.64519e+06
7,1656820,1.6568e+06,1.65681e+06,1.65683e+06,1.64542e+06
6,1657190,1.65702e+06,1.65703e+06,1.65705e+06,1.64564e+06
9,1657230,1.65724e+06,1.65725e+06,1.65727e+06,1.64586e+06
1,1657330,1.65746e+06,1.65747e+06,1.65749e+06,1.64608e+06
8,1657630,1.65767e+06,1.65769e+06,1.65771e+06,1.6463e+06
10,1657920,1.65789e+06,1.65791e+06,1.65793e+06,1.64652e+06
2,1658390,1.65838e+06,1.65835e+06,1.65835e+06,1.64696e+06
3,1658600,1.6586e+06,1.65857e+06,1.65857e+06,1.64719e+06
4,1658800,1.65881e+06,1.65879e+06,1.65879e+06,1.64741e+06
5,1658960,1.65903e+06,1.65901e+06,1.65901e+06,1.64763e+06
7,1659490,1.65925e+06,1.65923e+06,1.65923e+06,1.64785e+06
1,1659520,1.65946e+06,1.65945e+06,1.65945e+06,1.64807e+06
6,1659570,1.65968e+06,1.65967e+06,1.65967e+06,1.64829e+06
9,1659830,1.6599e+06,1.65989e+06,1.65989e+06,1.64851e+06
8,1660030,1.66011e+06,1.66011e+06,1.66011e+06,1.64873e+06
10,1660290,1.66033e+06,1.66033e+06,1.66033e+06,1.64896e+06
2,1660550,1.66055e+06,1.66055e+06,1.66055e+06,1.64918e+06
4,1660700,1.66076e+06,1.66076e+06,1.66077e+06,1.6494e+06
3,1660970,1.66098e+06,1.66098e+06,1.66099e+06,1.64962e+06
5,1661420,1.6612e+06,1.6612e+06,1.66121e+06,1.64984e+06
6,1661490,1.66141e+06,1.66142e+06,1.66143e+06,1.65006e+06
1,1661520,1.66163e+06,1.66164e+06,1.66165e+06,1.65028e+06
7,1661800,1.66185e+06,1.66186e+06,1.66187e+06,1.6505e+06
8,1662020,1.66206e+06,1.66208e+06,1.66209e+06,1.65073e+06
9,1662270,1.66228e+06,1.6623e+06,1.66231e+06,1.65095e+06
10,1662540,1.6625e+06,1.66252e+06,1.66253e+06,1.65117e+06
4,1662880,1.66298e+06,1.66295e+06,1.66296e+06,1.65161e+06
2,1663160,1.6632e+06,1.66317e+06,1.66318e+06,1.65183e+06
1,1663590,1.66341e+06,1.66339e+06,1.6634e+06,1.65205e+06
6,1663800,1.66363e+06,1.66361e+06,1.66361e+06,1.65227e+06
3,1663810,1.66385e+06,1.66383e+06,1.66383e+06,1.6525e+06
5,1664020,1.66406e+06,1.66405e+06,1.66405e+06,1.65272e+06
8,1664210,1.66428e+06,1.66427e+06,1.66427e+06,1.65294e+06
7,1664420,1.66449e+06,1.66449e+06,1.66449e+06,1.65316e+06
9,1664670,1.66471e+06,1.66471e+06,1.66471e+06,1.65338e+06
10,1664880,1.66493e+06,1.66493e+06,1.66493e+06,1.6536e+06
4,1665080,1.66514e+06,1.66515e+06,1.66514e+06,1.65382e+06
1,1665500,1.66536e+06,1.66537e+06,1.66536e+06,1.65404e+06
6,1665670,1.66557e+06,1.66558e+06,1.66558e+06,1.65427e+06
2,1665720,1.66579e+06,1.6658e+06,1.6658e+06,1.65449e+06
3,1666040,1.66601e+06,1.66602e+06,1.66602e+06,1.65471e+06
8,1666220,1.66622e+06,1.66624e+06,1.66624e+06,1.65493e+06
5,1666420,1.66644e+06,1.66646e+06,1.66645e+06,1.65515e+06
9,1666640,1.66665e+06,1.66668e+06,1.66667e+06,1.65537e+06
7,1666850,1.66687e+06,1.6669e+06,1.66689e+06,1.65559e+06
10,1667110,1.66709e+06,1.66712e+06,1.66711e+06,1.65582e+06
1,1667660,1.66755e+06,1.66753e+06,1.66752e+06,1.65626e+06
6,1667800,1.66776e+06,1.66775e+06,1.66773e+06,1.65648e+06
4,1667830,1.66798e+06,1.66797e+06,1.66795e+06,1.6567e+06
2,1668070,1.66819e+06,1.66818e+06,1.66817e+06,1.65692e+06
8,1668360,1.66841e+06,1.6684e+06,1.66839e+06,1.65714e+06
3,1668610,1.66862e+06,1.66862e+06,1.6686e+06,1.65736e+06
9,1668910,1.66884e+06,1.66884e+06,1.66882e+06,1.65759e+06
5,1669090,1.66905e+06,1.66906e+06,1.66904e+06,1.65781e+06
7,1669270,1.66927e+06,1.66928e+06,1.66925e+06,1.65803e+06
10,1669470,1.66948e+06,1.66949e+06,1.66947e+06,1.65825e+06
6,1669680,1.6697e+06,1.66971e+06,1.66969e+06,1.65847e+06
1,1669740,1.66991e+06,1.66993e+06,1.66991e+06,1.65869e+06
4,1670110,1.67012e+06,1.67015e+06,1.67012e+06,1.65891e+06
8,1670330,1.67034e+06,1.67037e+06,1.67034e+06,1.65913e+06
2,1670510,1.67055e+06,1.67059e+06,1.67056e+06,1.65936e+06
9,1670790,1.67077e+06,1.6708e+06,1.67077e+06,1.65958e+06
3,1670970,1.67098e+06,1.67102e+06,1.67099e+06,1.6598e+06
7,1671180,1.6712e+06,1.67124e+06,1.67121e+06,1.66002e+06
5,1671520,1.67141e+06,1.67146e+06,1.67143e+06,1.66024e+06
10,1671700,1.67163e+06,1.67168e+06,1.67164e+06,1.66046e+06
1,1671980,1.67208e+06,1.67209e+06,1.67205e+06,1.6609e+06
6,1672300,1.6723e+06,1.6723e+06,1.67227e+06,1.66113e+06
4,1672380,1.67251e+06,1.67252e+06,1.67249e+06,1.66135e+06
2,1672610,1.67273e+06,1.67274e+06,1.67271e+06,1.66157e+06
8,1672900,1.67295e+06,1.67296e+06,1.67292e+06,1.66179e+06
3,1673150,1.67316e+06,1.67317e+06,1.67314e+06,1.66201e+06
9,1673410,1.67338e+06,1.67339e+06,1.67336e+06,1.66223e+06
5,1673620,1.6736e+06,1.67361e+06,1.67358e+06,1.66245e+06
7,1673850,1.67381e+06,1.67383e+06,1.6738e+06,1.66267e+06
10,1674120,1.67403e+06,1.67404e+06,1.67402e+06,1.6629e+06
1,1674320,1.67425e+06,1.67426e+06,1.67424e+06,1.66312e+06
4,1674530,1.67446e+06,1.67448e+06,1.67445e+06,1.66334e+06
6,1674560,1.67468e+06,1.6747e+06,1.67467e+06,1.66356e+06
8,1674860,1.6749e+06,1.67491e+06,1.67489e+06,1.66378e+06
2,1675070,1.67511e+06,1.67513e+06,1.67511e+06,1.664e+06
9,1675280,1.67533e+06,1.67535e+06,1.67533e+06,1.66422e+06
3,1675520,1.67555e+06,1.67557e+06,1.67555e+06,1.66444e+06
7,1675750,1.67576e+06,1.67578e+06,1.67577e+06,1.66467e+06
5,1675980,1.67598e+06,1.676e+06,1.67598e+06,1.66489e+06
10,1676340,1.6762e+06,1.67622e+06,1.6762e+06,1.66511e+06
4,1676690,1.67668e+06,1.67666e+06,1.67664e+06,1.66555e+06
1,1676950,1.67689e+06,1.67687e+06,1.67686e+06,1.66577e+06
6,1677130,1.67711e+06,1.67709e+06,1.67708e+06,1.66599e+06
2,1677330,1.67732e+06,1.67731e+06,1.6773e+06,1.66622e+06
8,1677490,1.67754e+06,1.67753e+06,1.67752e+06,1.66644e+06
3,1677770,1.67775e+06,1.67774e+06,1.67774e+06,1.66666e+06
9,1677960,1.67797e+06,1.67796e+06,1.67796e+06,1.66688e+06
5,1678190,1.67819e+06,1.67818e+06,1.67818e+06,1.6671e+06
7,1678350,1.6784e+06,1.6784e+06,1.6784e+06,1.66732e+06
10,1678630,1.67862e+06,1.67862e+06,1.67862e+06,1.66754e+06
4,1678840,1.67883e+06,1.67883e+06,1.67884e+06,1.66776e+06
6,1679060,1.67905e+06,1.67905e+06,1.67906e+06,1.66799e+06
1,1679310,1.67926e+06,1.67927e+06,1.67928e+06,1.66821e+06
8,1679490,1.67948e+06,1.67949e+06,1.67949e+06,1.66843e+06
2,1679680,1.6797e+06,1.6797e+06,1.67971e+06,1.66865e+06
9,1679880,1.67991e+06,1.67992e+06,1.67993e+06,1.66887e+06
3,1680100,1.68013e+06,1.68014e+06,1.68015e+06,1.66909e+06
7,1680330,1.68034e+06,1.68036e+06,1.68037e+06,1.66931e+06
5,1680510,1.68056e+06,1.68057e+06,1.68059e+06,1.66953e+06
10,1680850,1.68078e+06,1.68079e+06,1.68081e+06,1.66976e+06
6,1681290,1.68126e+06,1.68123e+06,1.68123e+06,1.6702e+06
4,1681520,1.68147e+06,1.68145e+06,1.68145e+06,1.67042e+06
8,1681710,1.68169e+06,1.68167e+06,1.68167e+06,1.67064e+06
1,1681850,1.6819e+06,1.68189e+06,1.68189e+06,1.67086e+06
9,1682180,1.68212e+06,1.6821e+06,1.6821e+06,1.67108e+06
2,1682360,1.68234e+06,1.68232e+06,1.68232e+06,1.6713e+06
7,1682510,1.68255e+06,1.68254e+06,1.68254e+06,1.67153e+06
3,1682720,1.68277e+06,1.68276e+06,1.68276e+06,1.67175e+06
5,1682910,1.68298e+06,1.68297e+06,1.68298e+06,1.67197e+06
10,1683160,1.6832e+06,1.68319e+06,1.6832e+06,1.67219e+06
6,1683460,1.68341e+06,1.68341e+06,1.68342e+06,1.67241e+06
8,1683700,1.68363e+06,1.68363e+06,1.68364e+06,1.67263e+06
4,1683850,1.68384e+06,1.68385e+06,1.68385e+06,1.67285e+06
9,1684110,1.68406e+06,1.68406e+06,1.68407e+06,1.67307e+06
1,1684240,1.68428e+06,1.68428e+06,1.68429e+06,1.6733e+06
7,1684460,1.68449e+06,1.6845e+06,1.68451e+06,1.67352e+06
2,1684690,1.68471e+06,1.68472e+06,1.68473e+06,1.67374e+06
5,1684900,1.68492e+06,1.68493e+06,1.68495e+06,1.67396e+06
3,1685110,1.68514e+06,1.68515e+06,1.68517e+06,1.67418e+06
10,1685420,1.68535e+06,1.68537e+06,1.68539e+06,1.6744e+06
8,1685850,1.68583e+06,1.68581e+06,1.68579e+06,1.67484e+06
6,1686060,1.68605e+06,1.68603e+06,1.68601e+06,1.67507e+06
9,1686330,1.68626e+06,1.68624e+06,1.68623e+06,1.67529e+06
4,1686490,1.68648e+06,1.68646e+06,1.68645e+06,1.67551e+06
7,1686670,1.6867e+06,1.68668e+06,1.68667e+06,1.67573e+06
1,1686860,1.68691e+06,1.6869e+06,1.68689e+06,1.67595e+06
5,1687100,1.68713e+06,1.68712e+06,1.68711e+06,1.67617e+06
2,1687310,1.68734e+06,1.68733e+06,1.68733e+06,1.67639e+06
3,1687510,1.68756e+06,1.68755e+06,1.68755e+06,1.67662e+06
10,1687760,1.68777e+06,1.68777e+06,1.68777e+06,1.67684e+06
8,1688020,1.68799e+06,1.68799e+06,1.68799e+06,1.67706e+06
9,1688250,1.68821e+06,1.6882e+06,1.68821e+06,1.67728e+06
6,1688450,1.68842e+06,1.68842e+06,1.68843e+06,1.6775e+06
7,1688630,1.68864e+06,1.68864e+06,1.68865e+06,1.67772e+06
4,1688810,1.68885e+06,1.68886e+06,1.68887e+06,1.67794e+06
5,1689080,1.68907e+06,1.68908e+06,1.68909e+06,1.67816e+06
1,1689260,1.68929e+06,1.68929e+06,1.68931e+06,1.67839e+06
3,1689470,1.6895e+06,1.68951e+06,1.68953e+06,1.67861e+06
2,1689720,1.68972e+06,1.68973e+06,1.68975e+06,1.67883e+06
10,1690020,1.68993e+06,1.68995e+06,1.68997e+06,1.67905e+06
9,1690440,1.69043e+06,1.69041e+06,1.69042e+06,1.67949e+06
8,1690660,1.69065e+06,1.69063e+06,1.69064e+06,1.67971e+06
7,1690870,1.69087e+06,1.69085e+06,1.69086e+06,1.67993e+06
6,1691110,1.69108e+06,1.69106e+06,1.69108e+06,1.68016e+06
5,1691290,1.6913e+06,1.69128e+06,1.6913e+06,1.68038e+06
4,1691560,1.69152e+06,1.6915e+06,1.69152e+06,1.6806e+06
3,1691780,1.69174e+06,1.69172e+06,1.69174e+06,1.68082e+06
1,1691990,1.69196e+06,1.69194e+06,1.69196e+06,1.68104e+06
2,1692170,1.69218e+06,1.69216e+06,1.69218e+06,1.68126e+06
10,1692310,1.69239e+06,1.69238e+06,1.6924e+06,1.68148e+06
9,1692610,1.69261e+06,1.69259e+06,1.69262e+06,1.6817e+06
7,1692800,1.69283e+06,1.69281e+06,1.69284e+06,1.68193e+06
8,1693030,1.69305e+06,1.69303e+06,1.69306e+06,1.68215e+06
5,1693290,1.69327e+06,1.69325e+06,1.69328e+06,1.68237e+06
6,1693500,1.69349e+06,1.69347e+06,1.6935e+06,1.68259e+06
3,1693730,1.6937e+06,1.69369e+06,1.69372e+06,1.68281e+06
4,1693960,1.69392e+06,1.69391e+06,1.69394e+06,1.68303e+06
2,1694090,1.69414e+06,1.69412e+06,1.69416e+06,1.68325e+06
1,1694330,1.69436e+06,1.69434e+06,1.69438e+06,1.68347e+06
10,1694630,1.69458e+06,1.69456e+06,1.6946e+06,1.6837e+06
7,1694990,1.69504e+06,1.69501e+06,1.69501e+06,1.68414e+06
9,1695260,1.69526e+06,1.69523e+06,1.69523e+06,1.68436e+06
5,1695490,1.69548e+06,1.69545e+06,1.69545e+06,1.68458e+06
8,1695680,1.69569e+06,1.69566e+06,1.69567e+06,1.6848e+06
3,1695930,1.69591e+06,1.69588e+06,1.69589e+06,1.68502e+06
6,1696160,1.69612e+06,1.6961e+06,1.69611e+06,1.68524e+06
2,1696340,1.69634e+06,1.69632e+06,1.69633e+06,1.68547e+06
4,1696540,1.69656e+06,1.69654e+06,1.69655e+06,1.68569e+06
1,1696770,1.69677e+06,1.69676e+06,1.69677e+06,1.68591e+06
10,1696950,1.69699e+06,1.69698e+06,1.69699e+06,1.68613e+06
7,1697210,1.69721e+06,1.6972e+06,1.6972e+06,1.68635e+06
5,1697470,1.69742e+06,1.69741e+06,1.69742e+06,1.68657e+06
9,1697650,1.69764e+06,1.69763e+06,1.69764e+06,1.68679e+06
3,1697820,1.69786e+06,1.69785e+06,1.69786e+06,1.68702e+06
8,1698050,1.69807e+06,1.69807e+06,1.69808e+06,1.68724e+06
2,1698270,1.69829e+06,1.69829e+06,1.6983e+06,1.68746e+06
6,1698440,1.6985e+06,1.69851e+06,1.69852e+06,1.68768e+06
1,1698710,1.69872e+06,1.69873e+06,1.69874e+06,1.6879e+06
4,1698950,1.69894e+06,1.69895e+06,1.69896e+06,1.68812e+06
10,1699220,1.69915e+06,1.69916e+06,1.69918e+06,1.68834e+06
5,1699620,1.69963e+06,1.6996e+06,1.6996e+06,1.68879e+06
7,1699870,1.69985e+06,1.69982e+06,1.69982e+06,1.68901e+06
3,1700120,1.70007e+06,1.70004e+06,1.70004e+06,1.68923e+06
9,1700350,1.70028e+06,1.70026e+06,1.70026e+06,1.68945e+06
2,1700470,1.7005e+06,1.70048e+06,1.70048e+06,1.68967e+06
8,1700690,1.70071e+06,1.7007e+06,1.7007e+06,1.68989e+06
1,1700880,1.70093e+06,1.70092e+06,1.70092e+06,1.69011e+06
6,1701120,1.70115e+06,1.70114e+06,1.70114e+06,1.69033e+06
4,1701340,1.70136e+06,1.70135e+06,1.70136e+06,1.69056e+06
10,1701570,1.70158e+06,1.70157e+06,1.70158e+06,1.69078e+06
5,1701790,1.70179e+06,1.70179e+06,1.7018e+06,1.691e+06
3,1702090,1.70201e+06,1.70201e+06,1.70202e+06,1.69122e+06
7,1702250,1.70222e+06,1.70223e+06,1.70224e+06,1.69144e+06
2,1702450,1.70244e+06,1.70245e+06,1.70246e+06,1.69166e+06
9,1702680,1.70266e+06,1.70267e+06,1.70268e+06,1.69188e+06
1,1702820,1.70287e+06,1.70289e+06,1.70289e+06,1.6921e+06
8,1703020,1.70309e+06,1.7031e+06,1.70311e+06,1.69233e+06
4,1703250,1.7033e+06,1.70332e+06,1.70333e+06,1.69255e+06
6,1703500,1.70352e+06,1.70354e+06,1.70355e+06,1.69277e+06
10,1703840,1.70374e+06,1.70376e+06,1.70377e+06,1.69299e+06
3,1704340,1.70423e+06,1.70421e+06,1.70419e+06,1.69343e+06
5,1704440,1.70444e+06,1.70443e+06,1.70441e+06,1.69365e+06
2,1704650,1.70466e+06,1.70464e+06,1.70463e+06,1.69387e+06
7,1704860,1.70488e+06,1.70486e+06,1.70486e+06,1.6941e+06
1,1705080,1.7051e+06,1.70508e+06,1.70508e+06,1.69432e+06
9,1705320,1.70531e+06,1.7053e+06,1.7053e+06,1.69454e+06
4,1705530,1.70553e+06,1.70552e+06,1.70552e+06,1.69476e+06
8,1705700,1.70575e+06,1.70574e+06,1.70574e+06,1.69498e+06
6,1705950,1.70597e+06,1.70596e+06,1.70596e+06,1.6952e+06
10,1706140,1.70618e+06,1.70618e+06,1.70618e+06,1.69542e+06
3,1706410,1.7064e+06,1.7064e+06,1.7064e+06,1.69565e+06
2,1706650,1.70662e+06,1.70661e+06,1.70663e+06,1.69587e+06
5,1706890,1.70683e+06,1.70683e+06,1.70685e+06,1.69609e+06
1,1707060,1.70705e+06,1.70705e+06,1.70707e+06,1.69631e+06
7,1707200,1.70727e+06,1.70727e+06,1.70729e+06,1.69653e+06
4,1707480,1.70749e+06,1.70749e+06,1.70751e+06,1.69675e+06
9,1707690,1.7077e+06,1.70771e+06,1.70773e+06,1.69697e+06
6,1707930,1.70792e+06,1.70793e+06,1.70795e+06,1.69719e+06
8,1708130,1.70814e+06,1.70815e+06,1.70818e+06,1.69742e+06
10,1708430,1.70836e+06,1.70837e+06,1.7084e+06,1.69764e+06
2,1708850,1.70886e+06,1.70884e+06,1.70884e+06,1.69808e+06
3,1709070,1.70908e+06,1.70906e+06,1.70906e+06,1.6983e+06
1,1709350,1.7093e+06,1.70928e+06,1.70929e+06,1.69852e+06
5,1709560,1.70952e+06,1.70949e+06,1.70951e+06,1.69874e+06
4,1709820,1.70974e+06,1.70971e+06,1.70973e+06,1.69896e+06
7,1709960,1.70996e+06,1.70993e+06,1.70995e+06,1.69919e+06
6,1710210,1.71018e+06,1.71015e+06,1.71017e+06,1.69941e+06
9,1710400,1.7104e+06,1.71037e+06,1.7104e+06,1.69963e+06
8,1710590,1.71061e+06,1.71059e+06,1.71062e+06,1.69985e+06
10,1710780,1.71083e+06,1.71081e+06,1.71084e+06,1.70007e+06
2,1711050,1.71105e+06,1.71103e+06,1.71106e+06,1.70029e+06
1,1711240,1.71127e+06,1.71125e+06,1.71128e+06,1.70051e+06
3,1711470,1.71149e+06,1.71147e+06,1.7115e+06,1.70073e+06
4,1711720,1.71171e+06,1.71169e+06,1.71173e+06,1.70096e+06
5,1711910,1.71193e+06,1.71191e+06,1.71195e+06,1.70118e+06
6,1712160,1.71215e+06,1.71213e+06,1.71217e+06,1.7014e+06
7,1712380,1.71237e+06,1.71235e+06,1.71239e+06,1.70162e+06
8,1712580,1.71259e+06,1.71257e+06,1.71261e+06,1.70184e+06
9,1712800,1.71281e+06,1.71279e+06,1.71284e+06,1.70206e+06
10,1713100,1.71303e+06,1.71301e+06,1.71306e+06,1.70228e+06
1,1713480,1.71351e+06,1.71347e+06,1.71348e+06,1.70273e+06
2,1713720,1.71373e+06,1.71369e+06,1.71371e+06,1.70295e+06
4,1713980,1.71394e+06,1.71391e+06,1.71393e+06,1.70317e+06
3,1714180,1.71416e+06,1.71413e+06,1.71415e+06,1.70339e+06
6,1714450,1.71438e+06,1.71435e+06,1.71437e+06,1.70361e+06
5,1714590,1.7146e+06,1.71457e+06,1.71459e+06,1.70383e+06
8,1714780,1.71482e+06,1.71479e+06,1.71481e+06,1.70405e+06
7,1715000,1.71504e+06,1.71501e+06,1.71503e+06,1.70427e+06
9,1715230,1.71526e+06,1.71523e+06,1.71525e+06,1.7045e+06
10,1715480,1.71547e+06,1.71545e+06,1.71547e+06,1.70472e+06
1,1715660,1.71569e+06,1.71567e+06,1.71569e+06,1.70494e+06
4,1715930,1.71591e+06,1.7159e+06,1.71591e+06,1.70516e+06
2,1716150,1.71613e+06,1.71612e+06,1.71613e+06,1.70538e+06
6,1716340,1.71635e+06,1.71634e+06,1.71635e+06,1.7056e+06
3,1716560,1.71657e+06,1.71656e+06,1.71658e+06,1.70582e+06
8,1716730,1.71679e+06,1.71678e+06,1.7168e+06,1.70605e+06
5,1717020,1.717e+06,1.717e+06,1.71702e+06,1.70627e+06
9,1717190,1.71722e+06,1.71722e+06,1.71724e+06,1.70649e+06
7,1717420,1.71744e+06,1.71744e+06,1.71746e+06,1.70671e+06
10,1717750,1.71766e+06,1.71766e+06,1.71768e+06,1.70693e+06
4,1718150,1.71812e+06,1.7181e+06,1.7181e+06,1.70737e+06
1,1718390,1.71834e+06,1.71832e+06,1.71832e+06,1.70759e+06
2,1718550,1.71856e+06,1.71854e+06,1.71854e+06,1.70782e+06
3,1718670,1.71878e+06,1.71876e+06,1.71876e+06,1.70804e+06
6,1718920,1.719e+06,1.71898e+06,1.71898e+06,1.70826e+06
5,1719230,1.71921e+06,1.7192e+06,1.7192e+06,1.70848e+06
8,1719410,1.71943e+06,1.71942e+06,1.71942e+06,1.7087e+06
7,1719610,1.71965e+06,1.71964e+06,1.71964e+06,1.70892e+06
9,1719860,1.71987e+06,1.71986e+06,1.71986e+06,1.70914e+06
10,1720110,1.72009e+06,1.72008e+06,1.72008e+06,1.70936e+06
4,1720330,1.7203e+06,1.7203e+06,1.7203e+06,1.70959e+06
2,1720540,1.72052e+06,1.72052e+06,1.72052e+06,1.70981e+06
1,1720760,1.72074e+06,1.72074e+06,1.72074e+06,1.71003e+06
6,1720920,1.72096e+06,1.72096e+06,1.72096e+06,1.71025e+06
3,1721150,1.72118e+06,1.72118e+06,1.72118e+06,1.71047e+06
8,1721330,1.72139e+06,1.7214e+06,1.7214e+06,1.71069e+06
5,1721660,1.72161e+06,1.72162e+06,1.72162e+06,1.71091e+06
9,1721810,1.72183e+06,1.72184e+06,1.72184e+06,1.71113e+06
7,1722060,1.72205e+06,1.72206e+06,1.72206e+06,1.71136e+06
10,1722340,1.72227e+06,1.72228e+06,1.72228e+06,1.71158e+06
2,1722710,1.72272e+06,1.7227e+06,1.72269e+06,1.71202e+06
4,1722920,1.72294e+06,1.72292e+06,1.72291e+06,1.71224e+06
6,1723150,1.72316e+06,1.72314e+06,1.72313e+06,1.71246e+06
1,1723330,1.72337e+06,1.72336e+06,1.72335e+06,1.71268e+06
8,1723530,1.72359e+06,1.72358e+06,1.72357e+06,1.7129e+06
3,1723780,1.7238e+06,1.7238e+06,1.72379e+06,1.71313e+06
9,1724050,1.72402e+06,1.72402e+06,1.72401e+06,1.71335e+06
5,1724240,1.72424e+06,1.72424e+06,1.72422e+06,1.71357e+06
7,1724490,1.72445e+06,1.72446e+06,1.72444e+06,1.71379e+06
10,1724710,1.72467e+06,1.72468e+06,1.72466e+06,1.71401e+06
2,1724900,1.72489e+06,1.7249e+06,1.72488e+06,1.71423e+06
6,1725070,1.7251e+06,1.72512e+06,1.7251e+06,1.71445e+06
4,1725300,1.72532e+06,1.72534e+06,1.72532e+06,1.71467e+06
8,1725510,1.72554e+06,1.72556e+06,1.72554e+06,1.7149e+06
1,1725670,1.72575e+06,1.72578e+06,1.72576e+06,1.71512e+06
9,1725930,1.72597e+06,1.726e+06,1.72597e+06,1.71534e+06
3,1726160,1.72618e+06,1.72622e+06,1.72619e+06,1.71556e+06
7,1726400,1.7264e+06,1.72644e+06,1.72641e+06,1.71578e+06
5,1726640,1.72662e+06,1.72666e+06,1.72663e+06,1.716e+06
10,1726940,1.72683e+06,1.72687e+06,1.72685e+06,1.71622e+06
6,1727280,1.7273e+06,1.72729e+06,1.72725e+06,1.71667e+06
2,1727560,1.72751e+06,1.7275e+06,1.72747e+06,1.71689e+06
8,1727720,1.72773e+06,1.72772e+06,1.72769e+06,1.71711e+06
4,1727930,1.72794e+06,1.72794e+06,1.72791e+06,1.71733e+06
9,1728190,1.72816e+06,1.72816e+06,1.72813e+06,1.71755e+06
1,1728290,1.72838e+06,1.72838e+06,1.72835e+06,1.71777e+06
7,1728520,1.72859e+06,1.7286e+06,1.72857e+06,1.71799e+06
3,1728800,1.72881e+06,1.72882e+06,1.72879e+06,1.71822e+06
5,1729000,1.72902e+06,1.72904e+06,1.72901e+06,1.71844e+06
10,1729260,1.72924e+06,1.72925e+06,1.72923e+06,1.71866e+06
6,1729510,1.72945e+06,1.72947e+06,1.72945e+06,1.71888e+06
8,1729720,1.72967e+06,1.72969e+06,1.72967e+06,1.7191e+06
2,1729900,1.72988e+06,1.72991e+06,1.72989e+06,1.71932e+06
9,1730120,1.7301e+06,1.73013e+06,1.73011e+06,1.71954e+06
4,1730290,1.73031e+06,1.73035e+06,1.73033e+06,1.71976e+06
7,1730550,1.73053e+06,1.73057e+06,1.73055e+06,1.71999e+06
1,1730650,1.73074e+06,1.73079e+06,1.73077e+06,1.72021e+06
5,1730970,1.73096e+06,1.731e+06,1.73099e+06,1.72043e+06
3,1731080,1.73118e+06,1.73122e+06,1.73121e+06,1.72065e+06
10,1731500,1.73139e+06,1.73144e+06,1.73143e+06,1.72087e+06
8,1731930,1.73189e+06,1.73189e+06,1.73187e+06,1.72131e+06
6,1732160,1.73211e+06,1.73211e+06,1.73209e+06,1.72153e+06
9,1732380,1.73233e+06,1.73233e+06,1.73231e+06,1.72176e+06
2,1732600,1.73255e+06,1.73255e+06,1.73253e+06,1.72198e+06
7,1732760,1.73277e+06,1.73277e+06,1.73276e+06,1.7222e+06
4,1732950,1.73299e+06,1.73299e+06,1.73298e+06,1.72242e+06
5,1733130,1.73321e+06,1.7332e+06,1.7332e+06,1.72264e+06
1,1733370,1.73343e+06,1.73342e+06,1.73342e+06,1.72286e+06
3,1733620,1.73364e+06,1.73364e+06,1.73365e+06,1.72308e+06
10,1733790,1.73386e+06,1.73386e+06,1.73387e+06,1.7233e+06
8,1734120,1.73408e+06,1.73408e+06,1.73409e+06,1.72353e+06
9,1734330,1.7343e+06,1.7343e+06,1.73431e+06,1.72375e+06
6,1734550,1.73452e+06,1.73452e+06,1.73454e+06,1.72397e+06
7,1734810,1.73474e+06,1.73474e+06,1.73476e+06,1.72419e+06
2,1735040,1.73496e+06,1.73496e+06,1.73498e+06,1.72441e+06
5,1735180,1.73518e+06,1.73518e+06,1.7352e+06,1.72463e+06
4,1735380,1.7354e+06,1.7354e+06,1.73543e+06,1.72485e+06
3,1735590,1.73562e+06,1.73561e+06,1.73565e+06,1.72507e+06
1,1735840,1.73584e+06,1.73583e+06,1.73587e+06,1.7253e+06
10,1736070,1.73606e+06,1.73605e+06,1.73609e+06,1.72552e+06
9,1736610,1.73655e+06,1.73653e+06,1.73655e+06,1.72596e+06
8,1736810,1.73677e+06,1.73675e+06,1.73677e+06,1.72618e+06
7,1737000,1.73699e+06,1.73697e+06,1.73699e+06,1.7264e+06
6,1737260,1.73722e+06,1.73719e+06,1.73721e+06,1.72662e+06
5,1737480,1.73744e+06,1.73741e+06,1.73743e+06,1.72685e+06
2,1737720,1.73766e+06,1.73763e+06,1.73766e+06,1.72707e+06
3,1737880,1.73788e+06,1.73785e+06,1.73788e+06,1.72729e+06
4,1738000,1.7381e+06,1.73807e+06,1.7381e+06,1.72751e+06
1,1738260,1.73832e+06,1.73829e+06,1.73832e+06,1.72773e+06
10,1738450,1.73854e+06,1.73851e+06,1.73855e+06,1.72795e+06
9,1738750,1.73876e+06,1.73873e+06,1.73877e+06,1.72817e+06
7,1738960,1.73898e+06,1.73895e+06,1.73899e+06,1.72839e+06
8,1739210,1.7392e+06,1.73917e+06,1.73921e+06,1.72862e+06
5,1739480,1.73942e+06,1.73939e+06,1.73943e+06,1.72884e+06
6,1739680,1.73965e+06,1.73961e+06,1.73966e+06,1.72906e+06
3,1739890,1.73987e+06,1.73983e+06,1.73988e+06,1.72928e+06
2,1740110,1.74009e+06,1.74005e+06,1.7401e+06,1.7295e+06
1,1740310,1.74031e+06,1.74027e+06,1.74032e+06,1.72972e+06
4,1740490,1.74053e+06,1.74049e+06,1.74055e+06,1.72994e+06
10,1740780,1.74075e+06,1.74072e+06,1.74077e+06,1.73016e+06
7,1741170,1.74121e+06,1.74117e+06,1.74119e+06,1.73061e+06
9,1741440,1.74143e+06,1.74139e+06,1.74141e+06,1.73083e+06
5,1741660,1.74165e+06,1.74161e+06,1.74163e+06,1.73105e+06
8,1741870,1.74187e+06,1.74183e+06,1.74185e+06,1.73127e+06
3,1742100,1.74208e+06,1.74205e+06,1.74207e+06,1.73149e+06
6,1742340,1.7423e+06,1.74227e+06,1.74229e+06,1.73171e+06
1,1742480,1.74252e+06,1.7425e+06,1.74251e+06,1.73193e+06
2,1742710,1.74274e+06,1.74272e+06,1.74273e+06,1.73216e+06
4,1742890,1.74296e+06,1.74294e+06,1.74295e+06,1.73238e+06
10,1743160,1.74318e+06,1.74316e+06,1.74317e+06,1.7326e+06
7,1743420,1.74339e+06,1.74338e+06,1.74339e+06,1.73282e+06
5,1743630,1.74361e+06,1.7436e+06,1.74361e+06,1.73304e+06
9,1743830,1.74383e+06,1.74382e+06,1.74383e+06,1.73326e+06
3,1744100,1.74405e+06,1.74404e+06,1.74405e+06,1.73348e+06
8,1744240,1.74427e+06,1.74426e+06,1.74427e+06,1.7337e+06
1,1744430,1.74449e+06,1.74448e+06,1.74449e+06,1.73393e+06
6,1744650,1.74471e+06,1.7447e+06,1.74471e+06,1.73415e+06
4,1744880,1.74492e+06,1.74492e+06,1.74493e+06,1.73437e+06
2,1745170,1.74514e+06,1.74514e+06,1.74515e+06,1.73459e+06
10,1745450,1.74536e+06,1.74536e+06,1.74538e+06,1.73481e+06
5,1745820,1.74583e+06,1.74579e+06,1.74578e+06,1.73525e+06
7,1746050,1.74604e+06,1.74601e+06,1.746e+06,1.73547e+06
3,1746330,1.74626e+06,1.74623e+06,1.74622e+06,1.7357e+06
9,1746550,1.74648e+06,1.74646e+06,1.74644e+06,1.73592e+06
1,1746590,1.74669e+06,1.74668e+06,1.74667e+06,1.73614e+06
8,1746880,1.74691e+06,1.7469e+06,1.74689e+06,1.73636e+06
4,1747080,1.74713e+06,1.74712e+06,1.74711e+06,1.73658e+06
6,1747310,1.74734e+06,1.74734e+06,1.74733e+06,1.7368e+06
2,1747490,1.74756e+06,1.74756e+06,1.74755e+06,1.73702e+06
10,1747790,1.74778e+06,1.74778e+06,1.74777e+06,1.73725e+06
5,1748010,1.74799e+06,1.748e+06,1.74799e+06,1.73747e+06
3,1748270,1.74821e+06,1.74822e+06,1.74821e+06,1.73769e+06
7,1748490,1.74842e+06,1.74844e+06,1.74843e+06,1.73791e+06
1,1748600,1.74864e+06,1.74866e+06,1.74865e+06,1.73813e+06
9,1748820,1.74886e+06,1.74888e+06,1.74888e+06,1.73835e+06
4,1749080,1.74907e+06,1.7491e+06,1.7491e+06,1.73857e+06
8,1749260,1.74929e+06,1.74932e+06,1.74932e+06,1.73879e+06
2,1749510,1.74951e+06,1.74954e+06,1.74954e+06,1.73902e+06
6,1749660,1.74972e+06,1.74976e+06,1.74976e+06,1.73924e+06
10,1750030,1.74994e+06,1.74998e+06,1.74998e+06,1.73946e+06
3,1750510,1.75044e+06,1.75043e+06,1.75043e+06,1.7399e+06
5,1750660,1.75066e+06,1.75065e+06,1.75065e+06,1.74012e+06
1,1750930,1.75088e+06,1.75087e+06,1.75087e+06,1.74034e+06
7,1751090,1.7511e+06,1.75109e+06,1.75109e+06,1.74056e+06
4,1751380,1.75132e+06,1.75131e+06,1.75131e+06,1.74079e+06
9,1751560,1.75154e+06,1.75153e+06,1.75153e+06,1.74101e+06
2,1751750,1.75176e+06,1.75175e+06,1.75176e+06,1.74123e+06
8,1751930,1.75198e+06,1.75197e+06,1.75198e+06,1.74145e+06
6,1752120,1.75219e+06,1.75219e+06,1.7522e+06,1.74167e+06
10,1752400,1.75241e+06,1.75241e+06,1.75242e+06,1.74189e+06
3,1752640,1.75263e+06,1.75263e+06,1.75264e+06,1.74211e+06
1,1752910,1.75285e+06,1.75285e+06,1.75286e+06,1.74233e+06
5,1753050,1.75307e+06,1.75307e+06,1.75308e+06,1.74256e+06
4,1753310,1.75329e+06,1.75329e+06,1.75331e+06,1.74278e+06
7,1753520,1.75351e+06,1.75351e+06,1.75353e+06,1.743e+06
2,1753770,1.75373e+06,1.75373e+06,1.75375e+06,1.74322e+06
9,1753920,1.75395e+06,1.75396e+06,1.75397e+06,1.74344e+06
6,1754160,1.75417e+06,1.75418e+06,1.75419e+06,1.74366e+06
8,1754370,1.75439e+06,1.7544e+06,1.75441e+06,1.74388e+06
10,1754630,1.75461e+06,1.75462e+06,1.75463e+06,1.7441e+06
1,1755170,1.75508e+06,1.75506e+06,1.75505e+06,1.74455e+06
3,1755390,1.7553e+06,1.75528e+06,1.75527e+06,1.74477e+06
4,1755560,1.75552e+06,1.7555e+06,1.75549e+06,1.74499e+06
5,1755760,1.75574e+06,1.75572e+06,1.75571e+06,1.74521e+06
2,1756040,1.75595e+06,1.75594e+06,1.75593e+06,1.74543e+06
7,1756130,1.75617e+06,1.75616e+06,1.75615e+06,1.74565e+06
9,1756250,1.75639e+06,1.75638e+06,1.75638e+06,1.74587e+06
6,1756400,1.7566e+06,1.7566e+06,1.7566e+06,1.7461e+06
8,1756680,1.75682e+06,1.75682e+06,1.75682e+06,1.74632e+06
10,1757000,1.75704e+06,1.75704e+06,1.75704e+06,1.74654e+06
1,1757300,1.75726e+06,1.75726e+06,1.75726e+06,1.74676e+06
4,1757530,1.75747e+06,1.75748e+06,1.75748e+06,1.74698e+06
3,1757730,1.75769e+06,1.7577e+06,1.7577e+06,1.7472e+06
2,1758020,1.75791e+06,1.75792e+06,1.75792e+06,1.74742e+06
5,1758190,1.75812e+06,1.75814e+06,1.75814e+06,1.74765e+06
6,1758380,1.75834e+06,1.75836e+06,1.75836e+06,1.74787e+06
7,1758560,1.75856e+06,1.75858e+06,1.75858e+06,1.74809e+06
8,1758670,1.75878e+06,1.7588e+06,1.75881e+06,1.74831e+06
9,1758940,1.75899e+06,1.75902e+06,1.75903e+06,1.74853e+06
10,1759270,1.75921e+06,1.75924e+06,1.75925e+06,1.74875e+06
4,1759660,1.7597e+06,1.75968e+06,1.75966e+06,1.74919e+06
1,1759930,1.75992e+06,1.7599e+06,1.75989e+06,1.74942e+06
3,1760140,1.76013e+06,1.76012e+06,1.76011e+06,1.74964e+06
5,1760360,1.76035e+06,1.76034e+06,1.76033e+06,1.74986e+06
2,1760680,1.76057e+06,1.76056e+06,1.76055e+06,1.75008e+06
7,1760760,1.76079e+06,1.76078e+06,1.76077e+06,1.7503e+06
6,1760990,1.76101e+06,1.761e+06,1.761e+06,1.75052e+06
9,1761190,1.76123e+06,1.76122e+06,1.76122e+06,1.75074e+06
8,1761410,1.76145e+06,1.76144e+06,1.76144e+06,1.75096e+06
10,1761640,1.76166e+06,1.76166e+06,1.76166e+06,1.75119e+06
4,1761830,1.76188e+06,1.76188e+06,1.76189e+06,1.75141e+06
3,1762080,1.7621e+06,1.7621e+06,1.76211e+06,1.75163e+06
1,1762360,1.76232e+06,1.76232e+06,1.76233e+06,1.75185e+06
2,1762620,1.76254e+06,1.76254e+06,1.76255e+06,1.75207e+06
5,1762790,1.76276e+06,1.76276e+06,1.76277e+06,1.75229e+06
6,1763010,1.76298e+06,1.76298e+06,1.763e+06,1.75251e+06
7,1763160,1.76319e+06,1.7632e+06,1.76322e+06,1.75273e+06
8,1763390,1.76341e+06,1.76343e+06,1.76344e+06,1.75296e+06
9,1763580,1.76363e+06,1.76365e+06,1.76366e+06,1.75318e+06
10,1763900,1.76385e+06,1.76387e+06,1.76388e+06,1.7534e+06
3,1764390,1.76435e+06,1.76433e+06,1.76434e+06,1.75384e+06
4,1764600,1.76457e+06,1.76455e+06,1.76456e+06,1.75406e+06
2,1764830,1.76479e+06,1.76477e+06,1.76478e+06,1.75428e+06
1,1765030,1.76501e+06,1.76499e+06,1.765e+06,1.7545e+06
6,1765280,1.76523e+06,1.76521e+06,1.76523e+06,1.75473e+06
5,1765470,1.76545e+06,1.76543e+06,1.76545e+06,1.75495e+06
8,1765630,1.76567e+06,1.76565e+06,1.76567e+06,1.75517e+06
7,1765860,1.76589e+06,1.76587e+06,1.76589e+06,1.75539e+06
9,1766090,1.76611e+06,1.76609e+06,1.76611e+06,1.75561e+06
10,1766340,1.76633e+06,1.76631e+06,1.76633e+06,1.75583e+06
3,1766550,1.76655e+06,1.76654e+06,1.76656e+06,1.75605e+06
2,1766780,1.76677e+06,1.76676e+06,1.76678e+06,1.75627e+06
4,1766990,1.76699e+06,1.76698e+06,1.767e+06,1.7565e+06
6,1767230,1.76721e+06,1.7672e+06,1.76722e+06,1.75672e+06
1,1767430,1.76743e+06,1.76742e+06,1.76744e+06,1.75694e+06
8,1767590,1.76765e+06,1.76764e+06,1.76766e+06,1.75716e+06
5,1767860,1.76787e+06,1.76786e+06,1.76789e+06,1.75738e+06
9,1768040,1.76809e+06,1.76808e+06,1.76811e+06,1.7576e+06
7,1768300,1.76831e+06,1.7683e+06,1.76833e+06,1.75782e+06
10,1768600,1.76853e+06,1.76852e+06,1.76855e+06,1.75805e+06
2,1769010,1.76899e+06,1.76896e+06,1.76895e+06,1.75849e+06
3,1769250,1.76921e+06,1.76918e+06,1.76917e+06,1.75871e+06
6,1769430,1.76943e+06,1.7694e+06,1.76939e+06,1.75893e+06
4,1769660,1.76964e+06,1.76962e+06,1.76962e+06,1.75915e+06
8,1769830,1.76986e+06,1.76984e+06,1.76984e+06,1.75937e+06
1,1769930,1.77008e+06,1.77006e+06,1.77006e+06,1.75959e+06
9,1770270,1.77029e+06,1.77028e+06,1.77028e+06,1.75982e+06
5,1770470,1.77051e+06,1.7705e+06,1.7705e+06,1.76004e+06
7,1770730,1.77073e+06,1.77072e+06,1.77072e+06,1.76026e+06
10,1770970,1.77095e+06,1.77094e+06,1.77094e+06,1.76048e+06
2,1771180,1.77116e+06,1.77116e+06,1.77116e+06,1.7607e+06
6,1771390,1.77138e+06,1.77138e+06,1.77138e+06,1.76092e+06
3,1771640,1.7716e+06,1.7716e+06,1.7716e+06,1.76114e+06
8,1771820,1.77181e+06,1.77182e+06,1.77182e+06,1.76136e+06
4,1772010,1.77203e+06,1.77205e+06,1.77204e+06,1.76159e+06
9,1772230,1.77225e+06,1.77227e+06,1.77226e+06,1.76181e+06
1,1772340,1.77247e+06,1.77249e+06,1.77248e+06,1.76203e+06
7,1772670,1.77268e+06,1.77271e+06,1.7727e+06,1.76225e+06
5,1772930,1.7729e+06,1.77293e+06,1.77292e+06,1.76247e+06
10,1773220,1.77312e+06,1.77315e+06,1.77314e+06,1.76269e+06
6,1773610,1.7736e+06,1.77359e+06,1.77357e+06,1.76313e+06
2,1773890,1.77382e+06,1.77381e+06,1.77379e+06,1.76336e+06
8,1774050,1.77404e+06,1.77403e+06,1.77401e+06,1.76358e+06
3,1774320,1.77426e+06,1.77425e+06,1.77424e+06,1.7638e+06
9,1774480,1.77448e+06,1.77447e+06,1.77446e+06,1.76402e+06
4,1774640,1.77469e+06,1.77469e+06,1.77468e+06,1.76424e+06
7,1774900,1.77491e+06,1.77491e+06,1.7749e+06,1.76446e+06
1,1775070,1.77513e+06,1.77513e+06,1.77512e+06,1.76468e+06
5,1775270,1.77535e+06,1.77535e+06,1.77534e+06,1.7649e+06
10,1775560,1.77557e+06,1.77557e+06,1.77557e+06,1.76513e+06
6,1775790,1.77579e+06,1.77579e+06,1.77579e+06,1.76535e+06
8,1776050,1.776e+06,1.77601e+06,1.77601e+06,1.76557e+06
2,1776240,1.77622e+06,1.77623e+06,1.77623e+06,1.76579e+06
9,1776440,1.77644e+06,1.77645e+06,1.77645e+06,1.76601e+06
3,1776650,1.77666e+06,1.77667e+06,1.77667e+06,1.76623e+06
7,1776830,1.77688e+06,1.77689e+06,1.7769e+06,1.76645e+06
4,1777070,1.77709e+06,1.77711e+06,1.77712e+06,1.76667e+06
5,1777290,1.77731e+06,1.77733e+06,1.77734e+06,1.7669e+06
1,1777560,1.77753e+06,1.77755e+06,1.77756e+06,1.76712e+06
10,1777830,1.77775e+06,1.77777e+06,1.77778e+06,1.76734e+06
8,1778210,1.77823e+06,1.77822e+06,1.77821e+06,1.76778e+06
6,1778430,1.77845e+06,1.77844e+06,1.77843e+06,1.768e+06
9,1778700,1.77867e+06,1.77866e+06,1.77866e+06,1.76822e+06
2,1778950,1.77889e+06,1.77888e+06,1.77888e+06,1.76845e+06
7,1779110,1.77911e+06,1.7791e+06,1.7791e+06,1.76867e+06
3,1779330,1.77933e+06,1.77933e+06,1.77932e+06,1.76889e+06
5,1779530,1.77955e+06,1.77955e+06,1.77955e+06,1.76911e+06
4,1779720,1.77978e+06,1.77977e+06,1.77977e+06,1.76933e+06
1,1780020,1.78e+06,1.77999e+06,1.77999e+06,1.76955e+06
10,1780180,1.78022e+06,1.78021e+06,1.78021e+06,1.76977e+06
8,1780440,1.78044e+06,1.78043e+06,1.78044e+06,1.76999e+06
9,1780670,1.78066e+06,1.78065e+06,1.78066e+06,1.77022e+06
6,1780860,1.78088e+06,1.78087e+06,1.78088e+06,1.77044e+06
7,1781090,1.7811e+06,1.78109e+06,1.7811e+06,1.77066e+06
2,1781360,1.78132e+06,1.78131e+06,1.78133e+06,1.77088e+06
5,1781560,1.78154e+06,1.78153e+06,1.78155e+06,1.7711e+06
3,1781730,1.78176e+06,1.78175e+06,1.78177e+06,1.77132e+06
1,1781950,1.78198e+06,1.78197e+06,1.78199e+06,1.77154e+06
4,1782230,1.7822e+06,1.78219e+06,1.78222e+06,1.77176e+06
10,1782440,1.78242e+06,1.78241e+06,1.78244e+06,1.77199e+06
9,1782890,1.7829e+06,1.78287e+06,1.78288e+06,1.77243e+06
8,1783140,1.78312e+06,1.7831e+06,1.78311e+06,1.77265e+06
7,1783350,1.78334e+06,1.78332e+06,1.78333e+06,1.77287e+06
6,1783580,1.78356e+06,1.78354e+06,1.78355e+06,1.77309e+06
5,1783760,1.78378e+06,1.78376e+06,1.78377e+06,1.77331e+06
2,1784030,1.784e+06,1.78398e+06,1.78399e+06,1.77353e+06
1,1784250,1.78422e+06,1.7842e+06,1.78422e+06,1.77376e+06
3,1784440,1.78444e+06,1.78442e+06,1.78444e+06,1.77398e+06
4,1784680,1.78466e+06,1.78464e+06,1.78466e+06,1.7742e+06
10,1784820,1.78488e+06,1.78487e+06,1.78488e+06,1.77442e+06
9,1785070,1.7851e+06,1.78509e+06,1.7851e+06,1.77464e+06
7,1785290,1.78532e+06,1.78531e+06,1.78532e+06,1.77486e+06
8,1785520,1.78554e+06,1.78553e+06,1.78555e+06,1.77508e+06
5,1785800,1.78576e+06,1.78575e+06,1.78577e+06,1.7753e+06
6,1785980,1.78598e+06,1.78597e+06,1.78599e+06,1.77553e+06
1,1786200,1.7862e+06,1.78619e+06,1.78621e+06,1.77575e+06
2,1786440,1.78642e+06,1.78641e+06,1.78643e+06,1.77597e+06
4,1786600,1.78664e+06,1.78663e+06,1.78666e+06,1.77619e+06
3,1786850,1.78686e+06,1.78686e+06,1.78688e+06,1.77641e+06
10,1787150,1.78708e+06,1.78708e+06,1.7871e+06,1.77663e+06
7,1787530,1.78755e+06,1.78751e+06,1.78751e+06,1.77707e+06
9,1787780,1.78777e+06,1.78774e+06,1.78773e+06,1.7773e+06
5,1788000,1.78798e+06,1.78796e+06,1.78796e+06,1.77752e+06
8,1788200,1.7882e+06,1.78818e+06,1.78818e+06,1.77774e+06
1,1788390,1.78842e+06,1.7884e+06,1.7884e+06,1.77796e+06
6,1788610,1.78864e+06,1.78862e+06,1.78862e+06,1.77818e+06
4,1788850,1.78885e+06,1.78884e+06,1.78884e+06,1.7784e+06
2,1789050,1.78907e+06,1.78906e+06,1.78906e+06,1.77862e+06
3,1789210,1.78929e+06,1.78928e+06,1.78928e+06,1.77885e+06
10,1789530,1.78951e+06,1.7895e+06,1.7895e+06,1.77907e+06
7,1789740,1.78973e+06,1.78972e+06,1.78972e+06,1.77929e+06
5,1789980,1.78994e+06,1.78995e+06,1.78994e+06,1.77951e+06
9,1790210,1.79016e+06,1.79017e+06,1.79016e+06,1.77973e+06
1,1790360,1.79038e+06,1.79039e+06,1.79038e+06,1.77995e+06
8,1790550,1.7906e+06,1.79061e+06,1.79061e+06,1.78017e+06
4,1790790,1.79081e+06,1.79083e+06,1.79083e+06,1.78039e+06
6,1791010,1.79103e+06,1.79105e+06,1.79105e+06,1.78062e+06
3,1791230,1.79125e+06,1.79127e+06,1.79127e+06,1.78084e+06
2,1791460,1.79147e+06,1.79149e+06,1.79149e+06,1.78106e+06
10,1791750,1.79168e+06,1.79171e+06,1.79171e+06,1.78128e+06
5,1792140,1.79217e+06,1.79214e+06,1.79213e+06,1.78172e+06
7,1792390,1.79238e+06,1.79236e+06,1.79236e+06,1.78194e+06
1,1792620,1.7926e+06,1.79258e+06,1.79258e+06,1.78216e+06
9,1792890,1.79282e+06,1.79281e+06,1.7928e+06,1.78239e+06
4,1793090,1.79304e+06,1.79303e+06,1.79302e+06,1.78261e+06
8,1793240,1.79325e+06,1.79325e+06,1.79324e+06,1.78283e+06
3,1793490,1.79347e+06,1.79347e+06,1.79346e+06,1.78305e+06
6,1793650,1.79369e+06,1.79369e+06,1.79368e+06,1.78327e+06
2,1793840,1.79391e+06,1.79391e+06,1.7939e+06,1.78349e+06
10,1794090,1.79412e+06,1.79413e+06,1.79412e+06,1.78371e+06
5,1794340,1.79434e+06,1.79435e+06,1.79434e+06,1.78393e+06
1,1794570,1.79456e+06,1.79457e+06,1.79456e+06,1.78416e+06
7,1794770,1.79477e+06,1.79479e+06,1.79478e+06,1.78438e+06
4,1795010,1.79499e+06,1.79501e+06,1.795e+06,1.7846e+06
9,1795240,1.79521e+06,1.79523e+06,1.79523e+06,1.78482e+06
3,1795420,1.79543e+06,1.79545e+06,1.79545e+06,1.78504e+06
8,1795610,1.79564e+06,1.79567e+06,1.79567e+06,1.78526e+06
2,1795830,1.79586e+06,1.79589e+06,1.79589e+06,1.78548e+06
6,1796010,1.79608e+06,1.79611e+06,1.79611e+06,1.7857e+06
10,1796400,1.7963e+06,1.79633e+06,1.79633e+06,1.78593e+06
1,1796860,1.79678e+06,1.79677e+06,1.79676e+06,1.78637e+06
5,1796970,1.797e+06,1.79699e+06,1.79698e+06,1.78659e+06
7,1797220,1.79722e+06,1.79721e+06,1.7972e+06,1.78681e+06
9,1797500,1.79744e+06,1.79743e+06,1.79742e+06,1.78703e+06
4,1797720,1.79765e+06,1.79765e+06,1.79764e+06,1.78725e+06
8,1797850,1.79787e+06,1.79787e+06,1.79786e+06,1.78748e+06
3,1798090,1.79809e+06,1.79809e+06,1.79808e+06,1.7877e+06
6,1798220,1.79831e+06,1.79831e+06,1.7983e+06,1.78792e+06
2,1798510,1.79852e+06,1.79853e+06,1.79852e+06,1.78814e+06
10,1798710,1.79874e+06,1.79875e+06,1.79874e+06,1.78836e+06
1,1799000,1.79896e+06,1.79897e+06,1.79896e+06,1.78858e+06
7,1799150,1.79918e+06,1.79919e+06,1.79918e+06,1.7888e+06
5,1799400,1.79939e+06,1.79941e+06,1.7994e+06,1.78902e+06
4,1799610,1.79961e+06,1.79963e+06,1.79962e+06,1.78925e+06
9,1799860,1.79983e+06,1.79985e+06,1.79984e+06,1.78947e+06
3,1800020,1.80005e+06,1.80007e+06,1.80007e+06,1.78969e+06
8,1800200,1.80026e+06,1.80029e+06,1.80029e+06,1.78991e+06
2,1800460,1.80048e+06,1.80051e+06,1.80051e+06,1.79013e+06
6,1800650,1.8007e+06,1.80073e+06,1.80073e+06,1.79035e+06
10,1801050,1.80092e+06,1.80095e+06,1.80095e+06,1.79057e+06
7,1801420,1.8014e+06,1.80138e+06,1.80136e+06,1.79102e+06
1,1801580,1.80162e+06,1.8016e+06,1.80158e+06,1.79124e+06
5,1801810,1.80183e+06,1.80182e+06,1.8018e+06,1.79146e+06
9,1802100,1.80205e+06,1.80204e+06,1.80202e+06,1.79168e+06
4,1802280,1.80227e+06,1.80226e+06,1.80224e+06,1.7919e+06
8,1802430,1.80248e+06,1.80248e+06,1.80247e+06,1.79212e+06
3,1802700,1.8027e+06,1.8027e+06,1.80269e+06,1.79234e+06
6,1802920,1.80292e+06,1.80292e+06,1.80291e+06,1.79256e+06
2,1803140,1.80313e+06,1.80314e+06,1.80313e+06,1.79279e+06
10,1803390,1.80335e+06,1.80336e+06,1.80335e+06,1.79301e+06
7,1803620,1.80357e+06,1.80358e+06,1.80357e+06,1.79323e+06
5,1803820,1.80378e+06,1.8038e+06,1.80379e+06,1.79345e+06
1,1803970,1.804e+06,1.80402e+06,1.80401e+06,1.79367e+06
4,1804200,1.80422e+06,1.80424e+06,1.80423e+06,1.79389e+06
9,1804430,1.80443e+06,1.80446e+06,1.80445e+06,1.79411e+06
3,1804660,1.80465e+06,1.80468e+06,1.80467e+06,1.79433e+06
8,1804790,1.80487e+06,1.8049e+06,1.80489e+06,1.79456e+06
2,1805050,1.80509e+06,1.80512e+06,1.80511e+06,1.79478e+06
6,1805250,1.8053e+06,1.80533e+06,1.80534e+06,1.795e+06
10,1805620,1.80552e+06,1.80555e+06,1.80556e+06,1.79522e+06
5,1806030,1.80602e+06,1.806e+06,1.80599e+06,1.79566e+06
7,1806210,1.80623e+06,1.80622e+06,1.80621e+06,1.79588e+06
4,1806490,1.80645e+06,1.80644e+06,1.80643e+06,1.7961e+06
1,1806700,1.80667e+06,1.80666e+06,1.80665e+06,1.79633e+06
3,1806950,1.80689e+06,1.80688e+06,1.80687e+06,1.79655e+06
9,1807130,1.80711e+06,1.8071e+06,1.8071e+06,1.79677e+06
2,1807380,1.80732e+06,1.80732e+06,1.80732e+06,1.79699e+06
8,1807430,1.80754e+06,1.80754e+06,1.80754e+06,1.79721e+06
6,1807700,1.80776e+06,1.80776e+06,1.80776e+06,1.79743e+06
10,1807890,1.80798e+06,1.80798e+06,1.80798e+06,1.79765e+06
5,1808250,1.8082e+06,1.8082e+06,1.8082e+06,1.79788e+06
4,1808450,1.80841e+06,1.80842e+06,1.80842e+06,1.7981e+06
7,1808640,1.80863e+06,1.80864e+06,1.80864e+06,1.79832e+06
3,1808920,1.80885e+06,1.80886e+06,1.80886e+06,1.79854e+06
1,1809050,1.80907e+06,1.80908e+06,1.80909e+06,1.79876e+06
2,1809330,1.80929e+06,1.8093e+06,1.80931e+06,1.79898e+06
9,1809490,1.8095e+06,1.80952e+06,1.80953e+06,1.7992e+06
6,1809720,1.80972e+06,1.80973e+06,1.80975e+06,1.79942e+06
8,1809850,1.80994e+06,1.80995e+06,1.80997e+06,1.79965e+06
10,1810200,1.81016e+06,1.81017e+06,1.81019e+06,1.79987e+06
4,1810630,1.81065e+06,1.81062e+06,1.81061e+06,1.80031e+06
5,1810890,1.81086e+06,1.81084e+06,1.81083e+06,1.80053e+06
3,1811140,1.81108e+06,1.81106e+06,1.81106e+06,1.80075e+06
7,1811310,1.8113e+06,1.81128e+06,1.81128e+06,1.80097e+06
2,1811520,1.81152e+06,1.8115e+06,1.8115e+06,1.80119e+06
1,1811770,1.81173e+06,1.81172e+06,1.81172e+06,1.80142e+06
6,1811960,1.81195e+06,1.81194e+06,1.81194e+06,1.80164e+06
9,1812180,1.81217e+06,1.81216e+06,1.81216e+06,1.80186e+06
8,1812330,1.81239e+06,1.81238e+06,1.81238e+06,1.80208e+06
10,1812560,1.8126e+06,1.8126e+06,1.8126e+06,1.8023e+06
4,1812800,1.81282e+06,1.81282e+06,1.81282e+06,1.80252e+06
3,1813030,1.81304e+06,1.81304e+06,1.81305e+06,1.80274e+06
5,1813240,1.81326e+06,1.81326e+06,1.81327e+06,1.80296e+06
2,1813510,1.81347e+06,1.81348e+06,1.81349e+06,1.80319e+06
7,1813650,1.81369e+06,1.8137e+06,1.81371e+06,1.80341e+06
6,1813940,1.81391e+06,1.81392e+06,1.81393e+06,1.80363e+06
1,1814160,1.81413e+06,1.81414e+06,1.81415e+06,1.80385e+06
8,1814280,1.81434e+06,1.81436e+06,1.81437e+06,1.80407e+06
9,1814530,1.81456e+06,1.81458e+06,1.81459e+06,1.80429e+06
10,1814850,1.81478e+06,1.8148e+06,1.81481e+06,1.80451e+06
3,1815340,1.81527e+06,1.81524e+06,1.81524e+06,1.80496e+06
4,1815510,1.81549e+06,1.81546e+06,1.81547e+06,1.80518e+06
2,1815700,1.81571e+06,1.81569e+06,1.81569e+06,1.8054e+06
5,1815910,1.81593e+06,1.81591e+06,1.81591e+06,1.80562e+06
6,1816240,1.81614e+06,1.81613e+06,1.81613e+06,1.80584e+06
7,1816390,1.81636e+06,1.81635e+06,1.81635e+06,1.80606e+06
8,1816570,1.81658e+06,1.81657e+06,1.81657e+06,1.80628e+06
1,1816700,1.8168e+06,1.81679e+06,1.81679e+06,1.8065e+06
9,1816950,1.81701e+06,1.81701e+06,1.81701e+06,1.80673e+06
10,1817180,1.81723e+06,1.81723e+06,1.81723e+06,1.80695e+06
3,1817460,1.81745e+06,1.81745e+06,1.81745e+06,1.80717e+06
2,1817670,1.81767e+06,1.81767e+06,1.81768e+06,1.80739e+06
4,1817940,1.81788e+06,1.81789e+06,1.8179e+06,1.80761e+06
6,1818160,1.8181e+06,1.81811e+06,1.81812e+06,1.80783e+06
5,1818340,1.81832e+06,1.81833e+06,1.81834e+06,1.80805e+06
8,1818510,1.81854e+06,1.81855e+06,1.81856e+06,1.80828e+06
7,1818760,1.81875e+06,1.81877e+06,1.81878e+06,1.8085e+06
9,1818970,1.81897e+06,1.81899e+06,1.819e+06,1.80872e+06
1,1819130,1.81919e+06,1.81921e+06,1.81922e+06,1.80894e+06
10,1819450,1.81941e+06,1.81943e+06,1.81944e+06,1.80916e+06
2,1819920,1.8199e+06,1.81987e+06,1.81987e+06,1.8096e+06
3,1820140,1.82011e+06,1.82009e+06,1.82009e+06,1.80982e+06
6,1820360,1.82033e+06,1.82031e+06,1.82031e+06,1.81005e+06
4,1820560,1.82055e+06,1.82053e+06,1.82053e+06,1.81027e+06
8,1820740,1.82077e+06,1.82075e+06,1.82075e+06,1.81049e+06
5,1821000,1.82098e+06,1.82097e+06,1.82097e+06,1.81071e+06
9,1821210,1.8212e+06,1.82119e+06,1.82119e+06,1.81093e+06
7,1821390,1.82142e+06,1.82141e+06,1.82141e+06,1.81115e+06
1,1821540,1.82164e+06,1.82163e+06,1.82163e+06,1.81137e+06
10,1821860,1.82185e+06,1.82185e+06,1.82185e+06,1.81159e+06
2,1822070,1.82207e+06,1.82207e+06,1.82207e+06,1.81182e+06
6,1822310,1.82229e+06,1.82229e+06,1.82229e+06,1.81204e+06
3,1822530,1.82251e+06,1.82251e+06,1.82251e+06,1.81226e+06
8,1822710,1.82272e+06,1.82273e+06,1.82274e+06,1.81248e+06
4,1822920,1.82294e+06,1.82295e+06,1.82296e+06,1.8127e+06
9,1823160,1.82316e+06,1.82317e+06,1.82318e+06,1.81292e+06
5,1823390,1.82338e+06,1.82339e+06,1.8234e+06,1.81314e+06
1,1823510,1.82359e+06,1.82361e+06,1.82362e+06,1.81336e+06
7,1823820,1.82381e+06,1.82383e+06,1.82384e+06,1.81359e+06
10,1824120,1.82403e+06,1.82405e+06,1.82406e+06,1.81381e+06
6,1824530,1.82452e+06,1.82449e+06,1.82448e+06,1.81425e+06
2,1824770,1.82473e+06,1.82471e+06,1.8247e+06,1.81447e+06
8,1824920,1.82495e+06,1.82493e+06,1.82492e+06,1.81469e+06
3,1825160,1.82517e+06,1.82515e+06,1.82514e+06,1.81491e+06
9,1825360,1.82539e+06,1.82537e+06,1.82536e+06,1.81513e+06
4,1825580,1.8256e+06,1.82559e+06,1.82559e+06,1.81536e+06
1,1825800,1.82582e+06,1.82581e+06,1.82581e+06,1.81558e+06
5,1826060,1.82604e+06,1.82603e+06,1.82603e+06,1.8158e+06
7,1826250,1.82626e+06,1.82625e+06,1.82625e+06,1.81602e+06
10,1826510,1.82647e+06,1.82647e+06,1.82647e+06,1.81624e+06
6,1826760,1.82669e+06,1.82669e+06,1.82669e+06,1.81646e+06
8,1826950,1.82691e+06,1.82691e+06,1.82691e+06,1.81668e+06
2,1827130,1.82713e+06,1.82713e+06,1.82714e+06,1.8169e+06
9,1827330,1.82734e+06,1.82735e+06,1.82736e+06,1.81713e+06
3,1827510,1.82756e+06,1.82757e+06,1.82758e+06,1.81735e+06
1,1827740,1.82778e+06,1.82779e+06,1.8278e+06,1.81757e+06
4,1827970,1.828e+06,1.82801e+06,1.82802e+06,1.81779e+06
7,1828180,1.82821e+06,1.82823e+06,1.82824e+06,1.81801e+06
5,1828390,1.82843e+06,1.82845e+06,1.82846e+06,1.81823e+06
10,1828750,1.82865e+06,1.82867e+06,1.82869e+06,1.81845e+06
8,1829120,1.82914e+06,1.82912e+06,1.82912e+06,1.8189e+06
6,1829370,1.82936e+06,1.82934e+06,1.82934e+06,1.81912e+06
9,1829600,1.82958e+06,1.82956e+06,1.82956e+06,1.81934e+06
2,1829780,1.8298e+06,1.82978e+06,1.82978e+06,1.81956e+06
1,1830090,1.83002e+06,1.83001e+06,1.83001e+06,1.81978e+06
3,1830340,1.83024e+06,1.83023e+06,1.83023e+06,1.82e+06
7,1830390,1.83046e+06,1.83045e+06,1.83045e+06,1.82022e+06
4,1830620,1.83068e+06,1.83067e+06,1.83067e+06,1.82045e+06
5,1830800,1.8309e+06,1.83089e+06,1.83089e+06,1.82067e+06
10,1831060,1.83112e+06,1.83111e+06,1.83112e+06,1.82089e+06
8,1831370,1.83134e+06,1.83133e+06,1.83134e+06,1.82111e+06
9,1831570,1.83156e+06,1.83155e+06,1.83156e+06,1.82133e+06
6,1831820,1.83178e+06,1.83177e+06,1.83178e+06,1.82155e+06
1,1832110,1.83199e+06,1.83199e+06,1.83201e+06,1.82177e+06
2,1832260,1.83221e+06,1.83221e+06,1.83223e+06,1.82199e+06
7,1832390,1.83243e+06,1.83243e+06,1.83245e+06,1.82222e+06
3,1832580,1.83265e+06,1.83265e+06,1.83267e+06,1.82244e+06
5,1832860,1.83287e+06,1.83287e+06,1.8329e+06,1.82266e+06
4,1833100,1.83309e+06,1.83309e+06,1.83312e+06,1.82288e+06
10,1833340,1.83331e+06,1.83331e+06,1.83334e+06,1.8231e+06
9,1833810,1.8338e+06,1.83377e+06,1.83378e+06,1.82354e+06
8,1834030,1.83402e+06,1.83399e+06,1.834e+06,1.82376e+06
1,1834280,1.83424e+06,1.83421e+06,1.83422e+06,1.82399e+06
6,1834540,1.83446e+06,1.83444e+06,1.83444e+06,1.82421e+06
7,1834720,1.83468e+06,1.83466e+06,1.83467e+06,1.82443e+06
2,1834880,1.8349e+06,1.83488e+06,1.83489e+06,1.82465e+06
5,1835150,1.83512e+06,1.8351e+06,1.83511e+06,1.82487e+06
3,1835340,1.83534e+06,1.83532e+06,1.83533e+06,1.82509e+06
4,1835510,1.83556e+06,1.83554e+06,1.83556e+06,1.82531e+06
10,1835710,1.83578e+06,1.83576e+06,1.83578e+06,1.82553e+06
9,1835950,1.836e+06,1.83598e+06,1.836e+06,1.82576e+06
1,1836170,1.83622e+06,1.8362e+06,1.83622e+06,1.82598e+06
8,1836390,1.83644e+06,1.83642e+06,1.83645e+06,1.8262e+06
7,1836670,1.83666e+06,1.83664e+06,1.83667e+06,1.82642e+06
6,1836910,1.83687e+06,1.83687e+06,1.83689e+06,1.82664e+06
5,1837150,1.83709e+06,1.83709e+06,1.83711e+06,1.82686e+06
2,1837300,1.83731e+06,1.83731e+06,1.83734e+06,1.82708e+06
4,1837480,1.83753e+06,1.83753e+06,1.83756e+06,1.8273e+06
3,1837720,1.83775e+06,1.83775e+06,1.83778e+06,1.82753e+06
10,1838080,1.83797e+06,1.83797e+06,1.838e+06,1.82775e+06
1,1838490,1.83846e+06,1.83842e+06,1.83843e+06,1.82819e+06
9,1838680,1.83868e+06,1.83864e+06,1.83865e+06,1.82841e+06
7,1838900,1.8389e+06,1.83887e+06,1.83887e+06,1.82863e+06
8,1839070,1.83911e+06,1.83909e+06,1.83909e+06,1.82885e+06
5,1839350,1.83933e+06,1.83931e+06,1.83932e+06,1.82908e+06
6,1839610,1.83955e+06,1.83953e+06,1.83954e+06,1.8293e+06
4,1839800,1.83977e+06,1.83975e+06,1.83976e+06,1.82952e+06
2,1839980,1.83999e+06,1.83997e+06,1.83998e+06,1.82974e+06
3,1840170,1.84021e+06,1.84019e+06,1.8402e+06,1.82996e+06
10,1840420,1.84043e+06,1.84041e+06,1.84042e+06,1.83018e+06
1,1840600,1.84065e+06,1.84064e+06,1.84065e+06,1.8304e+06
7,1840860,1.84086e+06,1.84086e+06,1.84087e+06,1.83062e+06
9,1841060,1.84108e+06,1.84108e+06,1.84109e+06,1.83085e+06
5,1841320,1.8413e+06,1.8413e+06,1.84131e+06,1.83107e+06
8,1841490,1.84152e+06,1.84152e+06,1.84153e+06,1.83129e+06
4,1841680,1.84174e+06,1.84174e+06,1.84176e+06,1.83151e+06
6,1841930,1.84196e+06,1.84196e+06,1.84198e+06,1.83173e+06
3,1842120,1.84218e+06,1.84218e+06,1.8422e+06,1.83195e+06
2,1842460,1.8424e+06,1.8424e+06,1.84242e+06,1.83217e+06
10,1842720,1.84261e+06,1.84263e+06,1.84264e+06,1.83239e+06
7,1843150,1.8431e+06,1.84307e+06,1.84306e+06,1.83284e+06
1,1843310,1.84332e+06,1.84329e+06,1.84329e+06,1.83306e+06
9,1843520,1.84354e+06,1.84351e+06,1.84351e+06,1.83328e+06
8,1843710,1.84375e+06,1.84373e+06,1.84373e+06,1.8335e+06
5,1843980,1.84397e+06,1.84395e+06,1.84395e+06,1.83372e+06
6,1844250,1.84419e+06,1.84418e+06,1.84417e+06,1.83394e+06
4,1844480,1.84441e+06,1.8444e+06,1.8444e+06,1.83416e+06
2,1844570,1.84463e+06,1.84462e+06,1.84462e+06,1.83439e+06
3,1844810,1.84485e+06,1.84484e+06,1.84484e+06,1.83461e+06
10,1845020,1.84506e+06,1.84506e+06,1.84506e+06,1.83483e+06
7,1845280,1.84528e+06,1.84528e+06,1.84528e+06,1.83505e+06
9,1845520,1.8455e+06,1.8455e+06,1.84551e+06,1.83527e+06
1,1845660,1.84572e+06,1.84572e+06,1.84573e+06,1.83549e+06
5,1845960,1.84594e+06,1.84594e+06,1.84595e+06,1.83571e+06
8,1846110,1.84616e+06,1.84617e+06,1.84617e+06,1.83593e+06
4,1846340,1.84637e+06,1.84639e+06,1.84639e+06,1.83616e+06
6,1846560,1.84659e+06,1.84661e+06,1.84661e+06,1.83638e+06
3,1846800,1.84681e+06,1.84683e+06,1.84684e+06,1.8366e+06
2,1847120,1.84703e+06,1.84705e+06,1.84706e+06,1.83682e+06
10,1847300,1.84725e+06,1.84727e+06,1.84728e+06,1.83704e+06
9,1847790,1.84774e+06,1.84772e+06,1.84772e+06,1.83748e+06
7,1847970,1.84796e+06,1.84794e+06,1.84794e+06,1.8377e+06
5,1848170,1.84818e+06,1.84816e+06,1.84816e+06,1.83793e+06
1,1848430,1.8484e+06,1.84838e+06,1.84838e+06,1.83815e+06
4,1848650,1.84862e+06,1.8486e+06,1.8486e+06,1.83837e+06
8,1848790,1.84884e+06,1.84882e+06,1.84882e+06,1.83859e+06
3,1849080,1.84905e+06,1.84904e+06,1.84905e+06,1.83881e+06
6,1849270,1.84927e+06,1.84926e+06,1.84927e+06,1.83903e+06
2,1849420,1.84949e+06,1.84949e+06,1.84949e+06,1.83925e+06
10,1849730,1.84971e+06,1.84971e+06,1.84971e+06,1.83948e+06
9,1849930,1.84993e+06,1.84993e+06,1.84993e+06,1.8397e+06
5,1850140,1.85015e+06,1.85015e+06,1.85015e+06,1.83992e+06
7,1850360,1.85036e+06,1.85037e+06,1.85037e+06,1.84014e+06
4,1850590,1.85058e+06,1.85059e+06,1.8506e+06,1.84036e+06
1,1850850,1.8508e+06,1.85081e+06,1.85082e+06,1.84058e+06
3,1851030,1.85102e+06,1.85103e+06,1.85104e+06,1.8408e+06
8,1851190,1.85124e+06,1.85125e+06,1.85126e+06,1.84102e+06
2,1851420,1.85146e+06,1.85148e+06,1.85148e+06,1.84125e+06
6,1851610,1.85168e+06,1.8517e+06,1.8517e+06,1.84147e+06
10,1852000,1.85189e+06,1.85192e+06,1.85193e+06,1.84169e+06
5,1852270,1.85237e+06,1.85235e+06,1.85235e+06,1.84213e+06
9,1852600,1.85259e+06,1.85257e+06,1.85257e+06,1.84235e+06
4,1852810,1.85281e+06,1.85279e+06,1.85279e+06,1.84257e+06
7,1853030,1.85303e+06,1.85302e+06,1.85301e+06,1.84279e+06
3,1853280,1.85325e+06,1.85324e+06,1.85323e+06,1.84302e+06
1,1853510,1.85347e+06,1.85346e+06,1.85345e+06,1.84324e+06
2,1853690,1.85368e+06,1.85368e+06,1.85367e+06,1.84346e+06
8,1853870,1.8539e+06,1.8539e+06,1.85389e+06,1.84368e+06
6,1854100,1.85412e+06,1.85412e+06,1.85411e+06,1.8439e+06
10,1854300,1.85434e+06,1.85434e+06,1.85434e+06,1.84412e+06
5,1854560,1.85456e+06,1.85456e+06,1.85456e+06,1.84434e+06
4,1854790,1.85478e+06,1.85478e+06,1.85478e+06,1.84456e+06
9,1855000,1.855e+06,1.855e+06,1.855e+06,1.84479e+06
3,1855190,1.85522e+06,1.85522e+06,1.85522e+06,1.84501e+06
7,1855400,1.85543e+06,1.85545e+06,1.85544e+06,1.84523e+06
2,1855620,1.85565e+06,1.85567e+06,1.85566e+06,1.84545e+06
1,1855900,1.85587e+06,1.85589e+06,1.85588e+06,1.84567e+06
6,1856100,1.85609e+06,1.85611e+06,1.8561e+06,1.84589e+06
8,1856290,1.85631e+06,1.85633e+06,1.85632e+06,1.84611e+06
10,1856600,1.85653e+06,1.85655e+06,1.85654e+06,1.84633e+06
4,1857020,1.85701e+06,1.85698e+06,1.85696e+06,1.84678e+06
5,1857250,1.85722e+06,1.8572e+06,1.85719e+06,1.847e+06
3,1857470,1.85744e+06,1.85742e+06,1.85741e+06,1.84722e+06
9,1857700,1.85766e+06,1.85764e+06,1.85763e+06,1.84744e+06
2,1857830,1.85787e+06,1.85786e+06,1.85785e+06,1.84766e+06
7,1858070,1.85809e+06,1.85808e+06,1.85807e+06,1.84788e+06
6,1858330,1.8583e+06,1.8583e+06,1.85829e+06,1.8481e+06
1,1858510,1.85852e+06,1.85852e+06,1.85851e+06,1.84833e+06
8,1858710,1.85874e+06,1.85874e+06,1.85873e+06,1.84855e+06
10,1858870,1.85895e+06,1.85896e+06,1.85895e+06,1.84877e+06
4,1859180,1.85917e+06,1.85918e+06,1.85917e+06,1.84899e+06
3,1859410,1.85938e+06,1.8594e+06,1.85939e+06,1.84921e+06
5,1859640,1.8596e+06,1.85962e+06,1.85961e+06,1.84943e+06
2,1859780,1.85982e+06,1.85984e+06,1.85983e+06,1.84965e+06
9,1860040,1.86003e+06,1.86006e+06,1.86005e+06,1.84988e+06
6,1860220,1.86025e+06,1.86028e+06,1.86027e+06,1.8501e+06
7,1860470,1.86046e+06,1.8605e+06,1.86049e+06,1.85032e+06
8,1860710,1.86068e+06,1.86072e+06,1.86071e+06,1.85054e+06
1,1860870,1.8609e+06,1.86094e+06,1.86093e+06,1.85076e+06
10,1861120,1.86111e+06,1.86116e+06,1.86116e+06,1.85098e+06
3,1861600,1.86161e+06,1.86159e+06,1.86159e+06,1.85142e+06
4,1861810,1.86183e+06,1.86181e+06,1.86181e+06,1.85165e+06
2,1862070,1.86204e+06,1.86203e+06,1.86203e+06,1.85187e+06
5,1862290,1.86226e+06,1.86225e+06,1.86225e+06,1.85209e+06
6,1862560,1.86248e+06,1.86247e+06,1.86247e+06,1.85231e+06
9,1862760,1.8627e+06,1.86269e+06,1.86269e+06,1.85253e+06
8,1862920,1.86291e+06,1.86291e+06,1.86291e+06,1.85275e+06
7,1863160,1.86313e+06,1.86313e+06,1.86313e+06,1.85297e+06
1,1863330,1.86335e+06,1.86335e+06,1.86335e+06,1.85319e+06
10,1863460,1.86356e+06,1.86357e+06,1.86357e+06,1.85342e+06
3,1863680,1.86378e+06,1.86379e+06,1.86378e+06,1.85364e+06
2,1863950,1.864e+06,1.86401e+06,1.864e+06,1.85386e+06
4,1864190,1.86421e+06,1.86423e+06,1.86422e+06,1.85408e+06
6,1864460,1.86443e+06,1.86445e+06,1.86444e+06,1.8543e+06
5,1864750,1.86465e+06,1.86467e+06,1.86466e+06,1.85452e+06
8,1864880,1.86487e+06,1.86489e+06,1.86488e+06,1.85474e+06
9,1865110,1.86508e+06,1.86511e+06,1.8651e+06,1.85496e+06
1,1865230,1.8653e+06,1.86533e+06,1.86532e+06,1.85519e+06
7,1865510,1.86552e+06,1.86555e+06,1.86554e+06,1.85541e+06
10,1865780,1.86573e+06,1.86577e+06,1.86576e+06,1.85563e+06
2,1866090,1.8662e+06,1.86619e+06,1.86616e+06,1.85607e+06
3,1866360,1.86641e+06,1.86641e+06,1.86638e+06,1.85629e+06
6,1866580,1.86663e+06,1.86663e+06,1.8666e+06,1.85651e+06
4,1866800,1.86685e+06,1.86684e+06,1.86682e+06,1.85673e+06
8,1867020,1.86706e+06,1.86706e+06,1.86704e+06,1.85696e+06
5,1867380,1.86728e+06,1.86728e+06,1.86726e+06,1.85718e+06
1,1867560,1.8675e+06,1.8675e+06,1.86748e+06,1.8574e+06
9,1867750,1.86772e+06,1.86772e+06,1.8677e+06,1.85762e+06
7,1867960,1.86793e+06,1.86794e+06,1.86792e+06,1.85784e+06
10,1868200,1.86815e+06,1.86816e+06,1.86814e+06,1.85806e+06
2,1868330,1.86837e+06,1.86838e+06,1.86836e+06,1.85828e+06
6,1868580,1.86858e+06,1.8686e+06,1.86858e+06,1.8585e+06
3,1868760,1.8688e+06,1.86882e+06,1.8688e+06,1.85873e+06
8,1868930,1.86902e+06,1.86904e+06,1.86902e+06,1.85895e+06
4,1869120,1.86924e+06,1.86926e+06,1.86924e+06,1.85917e+06
1,1869420,1.86945e+06,1.86948e+06,1.86946e+06,1.85939e+06
5,1869660,1.86967e+06,1.8697e+06,1.86968e+06,1.85961e+06
7,1869900,1.86989e+06,1.86991e+06,1.8699e+06,1.85983e+06
9,1870110,1.8701e+06,1.87013e+06,1.87012e+06,1.86005e+06
10,1870480,1.87032e+06,1.87035e+06,1.87034e+06,1.86028e+06
6,1870890,1.87082e+06,1.8708e+06,1.87078e+06,1.86072e+06
2,1871070,1.87104e+06,1.87102e+06,1.87101e+06,1.86094e+06
8,1871210,1.87126e+06,1.87124e+06,1.87123e+06,1.86116e+06
3,1871510,1.87147e+06,1.87146e+06,1.87145e+06,1.86138e+06
1,1871720,1.87169e+06,1.87168e+06,1.87167e+06,1.8616e+06
4,1871920,1.87191e+06,1.8719e+06,1.8719e+06,1.86182e+06
7,1872100,1.87213e+06,1.87212e+06,1.87212e+06,1.86205e+06
5,1872320,1.87235e+06,1.87234e+06,1.87234e+06,1.86227e+06
9,1872540,1.87256e+06,1.87256e+06,1.87256e+06,1.86249e+06
10,1872750,1.87278e+06,1.87278e+06,1.87279e+06,1.86271e+06
6,1873040,1.873e+06,1.873e+06,1.87301e+06,1.86293e+06
8,1873280,1.87322e+06,1.87322e+06,1.87323e+06,1.86315e+06
2,1873420,1.87344e+06,1.87344e+06,1.87345e+06,1.86337e+06
1,1873660,1.87366e+06,1.87366e+06,1.87367e+06,1.86359e+06
3,1873850,1.87387e+06,1.87387e+06,1.8739e+06,1.86382e+06
7,1874080,1.87409e+06,1.87409e+06,1.87412e+06,1.86404e+06
4,1874270,1.87431e+06,1.87431e+06,1.87434e+06,1.86426e+06
9,1874570,1.87453e+06,1.87453e+06,1.87456e+06,1.86448e+06
5,1874700,1.87475e+06,1.87475e+06,1.87479e+06,1.8647e+06
10,1875030,1.87497e+06,1.87497e+06,1.87501e+06,1.86492e+06
8,1875410,1.87546e+06,1.87544e+06,1.87545e+06,1.86536e+06
6,1875660,1.87568e+06,1.87566e+06,1.87567e+06,1.86559e+06
1,1875910,1.8759e+06,1.87588e+06,1.87589e+06,1.86581e+06
2,1876180,1.87612e+06,1.8761e+06,1.87611e+06,1.86603e+06
7,1876380,1.87634e+06,1.87632e+06,1.87633e+06,1.86625e+06
3,1876590,1.87656e+06,1.87654e+06,1.87656e+06,1.86647e+06
9,1876860,1.87678e+06,1.87676e+06,1.87678e+06,1.86669e+06
4,1876980,1.877e+06,1.87698e+06,1.877e+06,1.86691e+06
5,1877150,1.87722e+06,1.8772e+06,1.87722e+06,1.86713e+06
10,1877410,1.87744e+06,1.87742e+06,1.87744e+06,1.86736e+06
8,1877640,1.87766e+06,1.87764e+06,1.87766e+06,1.86758e+06
1,1877800,1.87788e+06,1.87786e+06,1.87789e+06,1.8678e+06
6,1878080,1.8781e+06,1.87808e+06,1.87811e+06,1.86802e+06
7,1878320,1.87832e+06,1.8783e+06,1.87833e+06,1.86824e+06
2,1878530,1.87855e+06,1.87852e+06,1.87855e+06,1.86846e+06
9,1878780,1.87877e+06,1.87874e+06,1.87877e+06,1.86868e+06
3,1878980,1.87899e+06,1.87896e+06,1.87899e+06,1.8689e+06
5,1879230,1.87921e+06,1.87918e+06,1.87922e+06,1.86913e+06
4,1879430,1.87943e+06,1.8794e+06,1.87944e+06,1.86935e+06
10,1879740,1.87965e+06,1.87962e+06,1.87966e+06,1.86957e+06
1,1880110,1.88011e+06,1.88007e+06,1.88008e+06,1.87001e+06
8,1880260,1.88033e+06,1.88029e+06,1.8803e+06,1.87023e+06
7,1880510,1.88055e+06,1.88051e+06,1.88052e+06,1.87045e+06
6,1880770,1.88076e+06,1.88073e+06,1.88074e+06,1.87068e+06
9,1881000,1.88098e+06,1.88095e+06,1.88096e+06,1.8709e+06
2,1881170,1.8812e+06,1.88118e+06,1.88118e+06,1.87112e+06
5,1881420,1.88142e+06,1.8814e+06,1.8814e+06,1.87134e+06
3,1881650,1.88164e+06,1.88162e+06,1.88162e+06,1.87156e+06
4,1881810,1.88185e+06,1.88184e+06,1.88184e+06,1.87178e+06
10,1882160,1.88207e+06,1.88206e+06,1.88206e+06,1.872e+06
1,1882280,1.88229e+06,1.88228e+06,1.88229e+06,1.87222e+06
7,1882480,1.88251e+06,1.8825e+06,1.88251e+06,1.87245e+06
8,1882690,1.88273e+06,1.88272e+06,1.88273e+06,1.87267e+06
9,1882930,1.88294e+06,1.88294e+06,1.88295e+06,1.87289e+06
6,1883170,1.88316e+06,1.88316e+06,1.88317e+06,1.87311e+06
5,1883390,1.88338e+06,1.88338e+06,1.88339e+06,1.87333e+06
2,1883640,1.8836e+06,1.8836e+06,1.88361e+06,1.87355e+06
4,1883730,1.88382e+06,1.88382e+06,1.88383e+06,1.87377e+06
3,1883970,1.88403e+06,1.88404e+06,1.88405e+06,1.87399e+06
10,1884360,1.88425e+06,1.88426e+06,1.88427e+06,1.87422e+06
7,1884740,1.88473e+06,1.8847e+06,1.88468e+06,1.87466e+06
1,1884980,1.88494e+06,1.88492e+06,1.8849e+06,1.87488e+06
8,1885140,1.88516e+06,1.88514e+06,1.88513e+06,1.8751e+06
6,1885380,1.88538e+06,1.88536e+06,1.88535e+06,1.87532e+06
9,1885590,1.88559e+06,1.88558e+06,1.88557e+06,1.87554e+06
2,1885700,1.88581e+06,1.8858e+06,1.88579e+06,1.87576e+06
5,1886010,1.88603e+06,1.88602e+06,1.88601e+06,1.87599e+06
3,1886250,1.88625e+06,1.88624e+06,1.88623e+06,1.87621e+06
4,1886460,1.88646e+06,1.88646e+06,1.88646e+06,1.87643e+06
10,1886720,1.88668e+06,1.88668e+06,1.88668e+06,1.87665e+06
7,1886930,1.8869e+06,1.8869e+06,1.8869e+06,1.87687e+06
8,1887140,1.88712e+06,1.88712e+06,1.88712e+06,1.87709e+06
1,1887340,1.88733e+06,1.88734e+06,1.88734e+06,1.87731e+06
9,1887530,1.88755e+06,1.88756e+06,1.88756e+06,1.87753e+06
6,1887690,1.88777e+06,1.88778e+06,1.88779e+06,1.87776e+06
5,1887970,1.88799e+06,1.888e+06,1.88801e+06,1.87798e+06
2,1888230,1.8882e+06,1.88822e+06,1.88823e+06,1.8782e+06
4,1888360,1.88842e+06,1.88844e+06,1.88845e+06,1.87842e+06
3,1888630,1.88864e+06,1.88866e+06,1.88867e+06,1.87864e+06
10,1888970,1.88886e+06,1.88888e+06,1.88889e+06,1.87886e+06
8,1889320,1.88935e+06,1.88934e+06,1.88934e+06,1.87931e+06
7,1889590,1.88957e+06,1.88956e+06,1.88956e+06,1.87953e+06
9,1889800,1.88979e+06,1.88978e+06,1.88978e+06,1.87975e+06
1,1889940,1.89001e+06,1.89e+06,1.89001e+06,1.87997e+06
5,1890250,1.89023e+06,1.89022e+06,1.89023e+06,1.88019e+06
6,1890520,1.89045e+06,1.89044e+06,1.89045e+06,1.88041e+06
4,1890760,1.89067e+06,1.89066e+06,1.89067e+06,1.88063e+06
2,1890940,1.89089e+06,1.89089e+06,1.89089e+06,1.88085e+06
3,1891110,1.89112e+06,1.89111e+06,1.89112e+06,1.88108e+06
10,1891250,1.89134e+06,1.89133e+06,1.89134e+06,1.8813e+06
8,1891490,1.89156e+06,1.89155e+06,1.89156e+06,1.88152e+06
9,1891750,1.89178e+06,1.89177e+06,1.89178e+06,1.88174e+06
7,1891970,1.892e+06,1.89199e+06,1.892e+06,1.88196e+06
5,1892190,1.89222e+06,1.89221e+06,1.89223e+06,1.88218e+06
1,1892410,1.89244e+06,1.89243e+06,1.89245e+06,1.8824e+06
4,1892680,1.89266e+06,1.89265e+06,1.89267e+06,1.88262e+06
6,1892940,1.89288e+06,1.89287e+06,1.89289e+06,1.88285e+06
3,1893110,1.89311e+06,1.89309e+06,1.89311e+06,1.88307e+06
2,1893400,1.89333e+06,1.89331e+06,1.89334e+06,1.88329e+06
10,1893560,1.89355e+06,1.89353e+06,1.89356e+06,1.88351e+06
9,1894030,1.894e+06,1.89398e+06,1.89398e+06,1.88395e+06
8,1894240,1.89422e+06,1.8942e+06,1.8942e+06,1.88417e+06
5,1894390,1.89444e+06,1.89442e+06,1.89442e+06,1.88439e+06
7,1894630,1.89466e+06,1.89464e+06,1.89464e+06,1.88462e+06
4,1894860,1.89488e+06,1.89486e+06,1.89486e+06,1.88484e+06
1,1895080,1.8951e+06,1.89508e+06,1.89508e+06,1.88506e+06
3,1895290,1.89532e+06,1.8953e+06,1.8953e+06,1.88528e+06
6,1895530,1.89554e+06,1.89552e+06,1.89552e+06,1.8855e+06
2,1895760,1.89575e+06,1.89574e+06,1.89574e+06,1.88572e+06
10,1895990,1.89597e+06,1.89596e+06,1.89597e+06,1.88594e+06
9,1896230,1.89619e+06,1.89618e+06,1.89619e+06,1.88616e+06
5,1896380,1.89641e+06,1.89641e+06,1.89641e+06,1.88639e+06
8,1896610,1.89663e+06,1.89663e+06,1.89663e+06,1.88661e+06
4,1896800,1.89685e+06,1.89685e+06,1.89685e+06,1.88683e+06
7,1897000,1.89707e+06,1.89707e+06,1.89707e+06,1.88705e+06
3,1897310,1.89728e+06,1.89729e+06,1.89729e+06,1.88727e+06
1,1897470,1.8975e+06,1.89751e+06,1.89751e+06,1.88749e+06
2,1897730,1.89772e+06,1.89773e+06,1.89773e+06,1.88771e+06
6,1897930,1.89794e+06,1.89795e+06,1.89795e+06,1.88793e+06
10,1898260,1.89816e+06,1.89817e+06,1.89817e+06,1.88816e+06
5,1898570,1.89863e+06,1.8986e+06,1.8986e+06,1.8886e+06
9,1898860,1.89884e+06,1.89883e+06,1.89882e+06,1.88882e+06
4,1899090,1.89906e+06,1.89905e+06,1.89904e+06,1.88904e+06
8,1899240,1.89928e+06,1.89927e+06,1.89926e+06,1.88926e+06
3,1899560,1.8995e+06,1.89949e+06,1.89948e+06,1.88948e+06
7,1899660,1.89972e+06,1.89971e+06,1.8997e+06,1.88971e+06
2,1899880,1.89993e+06,1.89993e+06,1.89992e+06,1.88993e+06
1,1900110,1.90015e+06,1.90015e+06,1.90014e+06,1.89015e+06
6,1900390,1.90037e+06,1.90037e+06,1.90036e+06,1.89037e+06
10,1900560,1.90059e+06,1.90059e+06,1.90058e+06,1.89059e+06
5,1900840,1.90081e+06,1.90081e+06,1.9008e+06,1.89081e+06
4,1901090,1.90102e+06,1.90103e+06,1.90102e+06,1.89103e+06
9,1901230,1.90124e+06,1.90125e+06,1.90124e+06,1.89125e+06
3,1901510,1.90146e+06,1.90147e+06,1.90146e+06,1.89148e+06
8,1901660,1.90168e+06,1.90169e+06,1.90169e+06,1.8917e+06
2,1901900,1.9019e+06,1.90191e+06,1.90191e+06,1.89192e+06
7,1902050,1.90211e+06,1.90213e+06,1.90213e+06,1.89214e+06
6,1902300,1.90233e+06,1.90235e+06,1.90235e+06,1.89236e+06
1,1902550,1.90255e+06,1.90257e+06,1.90257e+06,1.89258e+06
10,1902810,1.90277e+06,1.90279e+06,1.90279e+06,1.8928e+06
4,1903260,1.90325e+06,1.90322e+06,1.9032e+06,1.89325e+06
5,1903470,1.90346e+06,1.90344e+06,1.90342e+06,1.89347e+06
3,1903750,1.90368e+06,1.90366e+06,1.90365e+06,1.89369e+06
9,1903970,1.9039e+06,1.90388e+06,1.90387e+06,1.89391e+06
2,1904120,1.90411e+06,1.9041e+06,1.90409e+06,1.89413e+06
8,1904320,1.90433e+06,1.90432e+06,1.90431e+06,1.89435e+06
6,1904550,1.90454e+06,1.90454e+06,1.90453e+06,1.89457e+06
7,1904750,1.90476e+06,1.90476e+06,1.90475e+06,1.89479e+06
1,1904910,1.90498e+06,1.90498e+06,1.90497e+06,1.89502e+06
10,1905130,1.90519e+06,1.9052e+06,1.90519e+06,1.89524e+06
4,1905400,1.90541e+06,1.90542e+06,1.90541e+06,1.89546e+06
3,1905690,1.90562e+06,1.90564e+06,1.90563e+06,1.89568e+06
5,1905850,1.90584e+06,1.90586e+06,1.90586e+06,1.8959e+06
2,1906060,1.90606e+06,1.90608e+06,1.90608e+06,1.89612e+06
9,1906300,1.90627e+06,1.9063e+06,1.9063e+06,1.89634e+06
6,1906470,1.90649e+06,1.90652e+06,1.90652e+06,1.89656e+06
8,1906670,1.9067e+06,1.90674e+06,1.90674e+06,1.89679e+06
1,1906800,1.90692e+06,1.90696e+06,1.90696e+06,1.89701e+06
7,1907130,1.90714e+06,1.90718e+06,1.90718e+06,1.89723e+06
10,1907460,1.90735e+06,1.9074e+06,1.9074e+06,1.89745e+06
3,1907930,1.90786e+06,1.90785e+06,1.90784e+06,1.89789e+06
4,1908130,1.90808e+06,1.90807e+06,1.90806e+06,1.89811e+06
2,1908310,1.90829e+06,1.90829e+06,1.90828e+06,1.89833e+06
5,1908540,1.90851e+06,1.90851e+06,1.9085e+06,1.89856e+06
6,1908810,1.90873e+06,1.90873e+06,1.90872e+06,1.89878e+06
9,1908970,1.90895e+06,1.90895e+06,1.90894e+06,1.899e+06
1,1909060,1.90917e+06,1.90917e+06,1.90917e+06,1.89922e+06
8,1909240,1.90939e+06,1.90939e+06,1.90939e+06,1.89944e+06
7,1909580,1.90961e+06,1.90961e+06,1.90961e+06,1.89966e+06
10,1909830,1.90983e+06,1.90983e+06,1.90983e+06,1.89988e+06
3,1910090,1.91004e+06,1.91005e+06,1.91005e+06,1.90011e+06
2,1910300,1.91026e+06,1.91027e+06,1.91028e+06,1.90033e+06
4,1910510,1.91048e+06,1.91049e+06,1.9105e+06,1.90055e+06
6,1910730,1.9107e+06,1.91071e+06,1.91072e+06,1.90077e+06
5,1911010,1.91092e+06,1.91093e+06,1.91094e+06,1.90099e+06
1,1911140,1.91114e+06,1.91115e+06,1.91116e+06,1.90121e+06
9,1911320,1.91136e+06,1.91137e+06,1.91138e+06,1.90143e+06
7,1911550,1.91158e+06,1.91159e+06,1.91161e+06,1.90165e+06
8,1911720,1.91179e+06,1.91181e+06,1.91183e+06,1.90188e+06
10,1912080,1.91201e+06,1.91203e+06,1.91205e+06,1.9021e+06
2,1912490,1.9125e+06,1.91248e+06,1.91249e+06,1.90254e+06
3,1912720,1.91272e+06,1.9127e+06,1.91271e+06,1.90276e+06
6,1912960,1.91294e+06,1.91292e+06,1.91293e+06,1.90298e+06
4,1913150,1.91316e+06,1.91314e+06,1.91315e+06,1.9032e+06
1,1913480,1.91338e+06,1.91336e+06,1.91337e+06,1.90342e+06
5,1913600,1.9136e+06,1.91358e+06,1.91359e+06,1.90365e+06
7,1913820,1.91382e+06,1.9138e+06,1.91381e+06,1.90387e+06
9,1914040,1.91404e+06,1.91402e+06,1.91403e+06,1.90409e+06
8,1914190,1.91426e+06,1.91424e+06,1.91425e+06,1.90431e+06
10,1914430,1.91448e+06,1.91446e+06,1.91448e+06,1.90453e+06
2,1914660,1.91469e+06,1.91469e+06,1.9147e+06,1.90475e+06
6,1914910,1.91491e+06,1.91491e+06,1.91492e+06,1.90497e+06
3,1915150,1.91513e+06,1.91513e+06,1.91514e+06,1.90519e+06
1,1915390,1.91535e+06,1.91535e+06,1.91536e+06,1.90542e+06
4,1915540,1.91557e+06,1.91557e+06,1.91558e+06,1.90564e+06
7,1915810,1.91579e+06,1.91579e+06,1.9158e+06,1.90586e+06
5,1916040,1.91601e+06,1.91601e+06,1.91602e+06,1.90608e+06
8,1916190,1.91623e+06,1.91623e+06,1.91625e+06,1.9063e+06
9,1916430,1.91645e+06,1.91645e+06,1.91647e+06,1.90652e+06
10,1916730,1.91667e+06,1.91667e+06,1.91669e+06,1.90674e+06
6,1917130,1.91714e+06,1.91711e+06,1.91711e+06,1.90719e+06
2,1917330,1.91736e+06,1.91733e+06,1.91733e+06,1.90741e+06
1,1917580,1.91757e+06,1.91755e+06,1.91755e+06,1.90763e+06
3,1917830,1.91779e+06,1.91777e+06,1.91777e+06,1.90785e+06
7,1918010,1.91801e+06,1.91799e+06,1.91799e+06,1.90807e+06
4,1918220,1.91823e+06,1.91821e+06,1.91821e+06,1.90829e+06
8,1918410,1.91844e+06,1.91843e+06,1.91843e+06,1.90851e+06
5,1918670,1.91866e+06,1.91865e+06,1.91865e+06,1.90873e+06
9,1918930,1.91888e+06,1.91887e+06,1.91887e+06,1.90896e+06
10,1919080,1.91909e+06,1.91909e+06,1.91909e+06,1.90918e+06
6,1919320,1.91931e+06,1.91931e+06,1.91931e+06,1.9094e+06
1,1919530,1.91953e+06,1.91953e+06,1.91953e+06,1.90962e+06
2,1919720,1.91975e+06,1.91975e+06,1.91975e+06,1.90984e+06
7,1919930,1.91996e+06,1.91997e+06,1.91997e+06,1.91006e+06
3,1920160,1.92018e+06,1.92019e+06,1.92019e+06,1.91028e+06
8,1920340,1.9204e+06,1.92041e+06,1.92041e+06,1.91051e+06
4,1920540,1.92061e+06,1.92063e+06,1.92063e+06,1.91073e+06
9,1920820,1.92083e+06,1.92085e+06,1.92085e+06,1.91095e+06
5,1921050,1.92105e+06,1.92107e+06,1.92107e+06,1.91117e+06
10,1921390,1.92127e+06,1.92129e+06,1.92129e+06,1.91139e+06
1,1921810,1.92174e+06,1.92172e+06,1.92171e+06,1.91183e+06
6,1922010,1.92196e+06,1.92194e+06,1.92193e+06,1.91205e+06
2,1922110,1.92218e+06,1.92216e+06,1.92215e+06,1.91228e+06
3,1922370,1.9224e+06,1.92238e+06,1.92237e+06,1.9125e+06
7,1922570,1.92261e+06,1.9226e+06,1.92259e+06,1.91272e+06
4,1922750,1.92283e+06,1.92282e+06,1.92282e+06,1.91294e+06
8,1922980,1.92305e+06,1.92304e+06,1.92304e+06,1.91316e+06
5,1923220,1.92327e+06,1.92326e+06,1.92326e+06,1.91338e+06
9,1923480,1.92348e+06,1.92348e+06,1.92348e+06,1.9136e+06
10,1923740,1.9237e+06,1.9237e+06,1.9237e+06,1.91382e+06
1,1924070,1.92392e+06,1.92392e+06,1.92392e+06,1.91405e+06
2,1924290,1.92413e+06,1.92414e+06,1.92414e+06,1.91427e+06
6,1924330,1.92435e+06,1.92436e+06,1.92436e+06,1.91449e+06
7,1924590,1.92457e+06,1.92458e+06,1.92458e+06,1.91471e+06
3,1924780,1.92479e+06,1.9248e+06,1.9248e+06,1.91493e+06
8,1924950,1.925e+06,1.92502e+06,1.92502e+06,1.91515e+06
4,1925120,1.92522e+06,1.92524e+06,1.92524e+06,1.91537e+06
9,1925430,1.92544e+06,1.92546e+06,1.92546e+06,1.91559e+06
5,1925620,1.92566e+06,1.92568e+06,1.92568e+06,1.91582e+06
10,1925940,1.92587e+06,1.9259e+06,1.9259e+06,1.91604e+06
2,1926410,1.92637e+06,1.92634e+06,1.92633e+06,1.91648e+06
1,1926680,1.92658e+06,1.92656e+06,1.92655e+06,1.9167e+06
6,1926860,1.9268e+06,1.92678e+06,1.92678e+06,1.91692e+06
3,1927130,1.92702e+06,1.927e+06,1.927e+06,1.91714e+06
7,1927200,1.92724e+06,1.92722e+06,1.92722e+06,1.91736e+06
4,1927380,1.92745e+06,1.92744e+06,1.92744e+06,1.91759e+06
8,1927570,1.92767e+06,1.92766e+06,1.92766e+06,1.91781e+06
5,1927820,1.92789e+06,1.92788e+06,1.92788e+06,1.91803e+06
9,1928060,1.9281e+06,1.9281e+06,1.9281e+06,1.91825e+06
10,1928300,1.92832e+06,1.92832e+06,1.92832e+06,1.91847e+06
2,1928560,1.92854e+06,1.92854e+06,1.92854e+06,1.91869e+06
6,1928790,1.92875e+06,1.92876e+06,1.92877e+06,1.91891e+06
1,1929080,1.92897e+06,1.92898e+06,1.92899e+06,1.91913e+06
7,1929220,1.92919e+06,1.9292e+06,1.92921e+06,1.91936e+06
3,1929430,1.92941e+06,1.92942e+06,1.92943e+06,1.91958e+06
8,1929620,1.92962e+06,1.92964e+06,1.92965e+06,1.9198e+06
4,1929770,1.92984e+06,1.92986e+06,1.92987e+06,1.92002e+06
9,1929990,1.93006e+06,1.93008e+06,1.93009e+06,1.92024e+06
5,1930270,1.93027e+06,1.9303e+06,1.93031e+06,1.92046e+06
10,1930540,1.93049e+06,1.93052e+06,1.93053e+06,1.92068e+06
6,1931010,1.93098e+06,1.93097e+06,1.93096e+06,1.92113e+06
2,1931210,1.9312e+06,1.93119e+06,1.93118e+06,1.92135e+06
7,1931460,1.93142e+06,1.93141e+06,1.9314e+06,1.92157e+06
1,1931620,1.93164e+06,1.93163e+06,1.93162e+06,1.92179e+06
8,1931840,1.93185e+06,1.93185e+06,1.93184e+06,1.92201e+06
3,1932110,1.93207e+06,1.93207e+06,1.93206e+06,1.92223e+06
9,1932310,1.93229e+06,1.93229e+06,1.93229e+06,1.92245e+06
4,1932450,1.93251e+06,1.93251e+06,1.93251e+06,1.92268e+06
5,1932670,1.93273e+06,1.93273e+06,1.93273e+06,1.9229e+06
10,1932880,1.93295e+06,1.93295e+06,1.93295e+06,1.92312e+06
6,1933150,1.93317e+06,1.93317e+06,1.93317e+06,1.92334e+06
7,1933420,1.93339e+06,1.93339e+06,1.93339e+06,1.92356e+06
2,1933620,1.93361e+06,1.93361e+06,1.93361e+06,1.92378e+06
8,1933850,1.93383e+06,1.93382e+06,1.93383e+06,1.924e+06
1,1933970,1.93404e+06,1.93404e+06,1.93405e+06,1.92422e+06
9,1934250,1.93426e+06,1.93426e+06,1.93428e+06,1.92445e+06
3,1934460,1.93448e+06,1.93448e+06,1.9345e+06,1.92467e+06
5,1934760,1.9347e+06,1.9347e+06,1.93472e+06,1.92489e+06
4,1934980,1.93492e+06,1.93492e+06,1.93494e+06,1.92511e+06
10,1935170,1.93514e+06,1.93514e+06,1.93516e+06,1.92533e+06
7,1935640,1.93562e+06,1.93559e+06,1.93558e+06,1.92577e+06
6,1935850,1.93583e+06,1.93581e+06,1.9358e+06,1.92599e+06
8,1936050,1.93605e+06,1.93603e+06,1.93602e+06,1.92622e+06
2,1936280,1.93627e+06,1.93625e+06,1.93624e+06,1.92644e+06
9,1936500,1.93649e+06,1.93647e+06,1.93647e+06,1.92666e+06
1,1936590,1.93671e+06,1.93669e+06,1.93669e+06,1.92688e+06
5,1936930,1.93692e+06,1.93691e+06,1.93691e+06,1.9271e+06
3,1937190,1.93714e+06,1.93713e+06,1.93713e+06,1.92732e+06
4,1937350,1.93736e+06,1.93735e+06,1.93735e+06,1.92754e+06
10,1937560,1.93758e+06,1.93757e+06,1.93757e+06,1.92776e+06
7,1937780,1.93779e+06,1.93779e+06,1.93779e+06,1.92799e+06
8,1938030,1.93801e+06,1.93801e+06,1.93802e+06,1.92821e+06
6,1938220,1.93823e+06,1.93823e+06,1.93824e+06,1.92843e+06
9,1938430,1.93845e+06,1.93845e+06,1.93846e+06,1.92865e+06
2,1938690,1.93867e+06,1.93867e+06,1.93868e+06,1.92887e+06
5,1938960,1.93888e+06,1.93889e+06,1.9389e+06,1.92909e+06
1,1938980,1.9391e+06,1.93911e+06,1.93912e+06,1.92931e+06
4,1939290,1.93932e+06,1.93933e+06,1.93935e+06,1.92953e+06
3,1939530,1.93954e+06,1.93955e+06,1.93957e+06,1.92976e+06
10,1939830,1.93975e+06,1.93977e+06,1.93979e+06,1.92998e+06
8,1940200,1.94024e+06,1.94022e+06,1.94022e+06,1.93042e+06
7,1940480,1.94046e+06,1.94045e+06,1.94044e+06,1.93064e+06
9,1940680,1.94068e+06,1.94067e+06,1.94066e+06,1.93086e+06
6,1940910,1.9409e+06,1.94089e+06,1.94089e+06,1.93108e+06
5,1941090,1.94112e+06,1.94111e+06,1.94111e+06,1.93131e+06
2,1941440,1.94134e+06,1.94133e+06,1.94133e+06,1.93153e+06
4,1941580,1.94156e+06,1.94155e+06,1.94155e+06,1.93175e+06
1,1941780,1.94178e+06,1.94177e+06,1.94177e+06,1.93197e+06
3,1942020,1.942e+06,1.94199e+06,1.942e+06,1.93219e+06
10,1942170,1.94222e+06,1.94221e+06,1.94222e+06,1.93241e+06
8,1942410,1.94244e+06,1.94243e+06,1.94244e+06,1.93263e+06
9,1942600,1.94266e+06,1.94265e+06,1.94266e+06,1.93285e+06
7,1942870,1.94288e+06,1.94287e+06,1.94289e+06,1.93308e+06
5,1943100,1.9431e+06,1.94309e+06,1.94311e+06,1.9333e+06
6,1943300,1.94332e+06,1.94331e+06,1.94333e+06,1.93352e+06
4,1943570,1.94354e+06,1.94353e+06,1.94355e+06,1.93374e+06
2,1943750,1.94376e+06,1.94375e+06,1.94378e+06,1.93396e+06
3,1943970,1.94398e+06,1.94397e+06,1.944e+06,1.93418e+06
1,1944220,1.9442e+06,1.94419e+06,1.94422e+06,1.9344e+06
10,1944480,1.94442e+06,1.94441e+06,1.94444e+06,1.93462e+06
9,1944940,1.9449e+06,1.94488e+06,1.94489e+06,1.93507e+06
8,1945160,1.94512e+06,1.9451e+06,1.94511e+06,1.93529e+06
5,1945310,1.94534e+06,1.94532e+06,1.94533e+06,1.93551e+06
7,1945500,1.94556e+06,1.94554e+06,1.94555e+06,1.93573e+06
4,1945780,1.94578e+06,1.94576e+06,1.94577e+06,1.93595e+06
6,1946010,1.946e+06,1.94598e+06,1.94599e+06,1.93617e+06
3,1946250,1.94622e+06,1.9462e+06,1.94622e+06,1.93639e+06
2,1946410,1.94644e+06,1.94642e+06,1.94644e+06,1.93662e+06
1,1946680,1.94666e+06,1.94664e+06,1.94666e+06,1.93684e+06
10,1946860,1.94688e+06,1.94687e+06,1.94688e+06,1.93706e+06
9,1947140,1.9471e+06,1.94709e+06,1.9471e+06,1.93728e+06
5,1947330,1.94732e+06,1.94731e+06,1.94733e+06,1.9375e+06
8,1947530,1.94754e+06,1.94753e+06,1.94755e+06,1.93772e+06
4,1947750,1.94777e+06,1.94775e+06,1.94777e+06,1.93794e+06
7,1947930,1.94799e+06,1.94797e+06,1.94799e+06,1.93816e+06
3,1948200,1.94821e+06,1.94819e+06,1.94821e+06,1.93839e+06
6,1948400,1.94843e+06,1.94841e+06,1.94844e+06,1.93861e+06
1,1948620,1.94865e+06,1.94863e+06,1.94866e+06,1.93883e+06
2,1948870,1.94887e+06,1.94886e+06,1.94888e+06,1.93905e+06
10,1949200,1.94909e+06,1.94908e+06,1.9491e+06,1.93927e+06
5,1949510,1.94955e+06,1.94952e+06,1.94952e+06,1.93971e+06
9,1949780,1.94977e+06,1.94974e+06,1.94974e+06,1.93993e+06
4,1950000,1.94999e+06,1.94996e+06,1.94996e+06,1.94016e+06
8,1950210,1.95021e+06,1.95018e+06,1.95018e+06,1.94038e+06
3,1950480,1.95043e+06,1.9504e+06,1.9504e+06,1.9406e+06
7,1950660,1.95064e+06,1.95062e+06,1.95062e+06,1.94082e+06
1,1950810,1.95086e+06,1.95084e+06,1.95085e+06,1.94104e+06
6,1951070,1.95108e+06,1.95106e+06,1.95107e+06,1.94126e+06
2,1951220,1.9513e+06,1.95129e+06,1.95129e+06,1.94148e+06
10,1951500,1.95151e+06,1.95151e+06,1.95151e+06,1.94171e+06
5,1951760,1.95173e+06,1.95173e+06,1.95173e+06,1.94193e+06
4,1952000,1.95195e+06,1.95195e+06,1.95195e+06,1.94215e+06
9,1952180,1.95217e+06,1.95217e+06,1.95217e+06,1.94237e+06
3,1952400,1.95238e+06,1.95239e+06,1.95239e+06,1.94259e+06
8,1952600,1.9526e+06,1.95261e+06,1.95261e+06,1.94281e+06
1,1952720,1.95282e+06,1.95283e+06,1.95283e+06,1.94303e+06
7,1953020,1.95304e+06,1.95305e+06,1.95306e+06,1.94325e+06
2,1953240,1.95326e+06,1.95327e+06,1.95328e+06,1.94348e+06
6,1953440,1.95347e+06,1.9535e+06,1.9535e+06,1.9437e+06
10,1953780,1.95369e+06,1.95372e+06,1.95372e+06,1.94392e+06
4,1954220,1.95418e+06,1.95415e+06,1.95414e+06,1.94436e+06
5,1954420,1.95439e+06,1.95437e+06,1.95436e+06,1.94458e+06
3,1954680,1.95461e+06,1.95459e+06,1.95458e+06,1.9448e+06
9,1954880,1.95483e+06,1.95481e+06,1.9548e+06,1.94502e+06
1,1955030,1.95505e+06,1.95503e+06,1.95503e+06,1.94525e+06
8,1955180,1.95526e+06,1.95525e+06,1.95525e+06,1.94547e+06
2,1955400,1.95548e+06,1.95548e+06,1.95547e+06,1.94569e+06
7,1955670,1.9557e+06,1.9557e+06,1.95569e+06,1.94591e+06
6,1955960,1.95592e+06,1.95592e+06,1.95591e+06,1.94613e+06
10,1956080,1.95613e+06,1.95614e+06,1.95613e+06,1.94635e+06
4,1956340,1.95635e+06,1.95636e+06,1.95635e+06,1.94657e+06
3,1956610,1.95657e+06,1.95658e+06,1.95658e+06,1.94679e+06
5,1956840,1.95679e+06,1.9568e+06,1.9568e+06,1.94702e+06
1,1957050,1.957e+06,1.95702e+06,1.95702e+06,1.94724e+06
9,1957230,1.95722e+06,1.95724e+06,1.95724e+06,1.94746e+06
2,1957470,1.95744e+06,1.95746e+06,1.95746e+06,1.94768e+06
8,1957550,1.95765e+06,1.95768e+06,1.95768e+06,1.9479e+06
6,1957790,1.95787e+06,1.9579e+06,1.9579e+06,1.94812e+06
7,1958090,1.95809e+06,1.95812e+06,1.95813e+06,1.94834e+06
10,1958390,1.95831e+06,1.95834e+06,1.95835e+06,1.94856e+06
3,1958860,1.95881e+06,1.95879e+06,1.95878e+06,1.94901e+06
4,1959030,1.95903e+06,1.95901e+06,1.959e+06,1.94923e+06
1,1959370,1.95924e+06,1.95923e+06,1.95922e+06,1.94945e+06
5,1959470,1.95946e+06,1.95945e+06,1.95944e+06,1.94967e+06
2,1959710,1.95968e+06,1.95967e+06,1.95966e+06,1.94989e+06
9,1959940,1.9599e+06,1.95989e+06,1.95989e+06,1.95011e+06
6,1960120,1.96012e+06,1.96011e+06,1.96011e+06,1.95033e+06
8,1960260,1.96033e+06,1.96033e+06,1.96033e+06,1.95056e+06
7,1960470,1.96055e+06,1.96055e+06,1.96055e+06,1.95078e+06
10,1960730,1.96077e+06,1.96077e+06,1.96077e+06,1.951e+06
3,1961000,1.96099e+06,1.96099e+06,1.961e+06,1.95122e+06
1,1961230,1.9612e+06,1.96121e+06,1.96122e+06,1.95144e+06
4,1961430,1.96142e+06,1.96143e+06,1.96144e+06,1.95166e+06
2,1961660,1.96164e+06,1.96165e+06,1.96166e+06,1.95188e+06
5,1961850,1.96186e+06,1.96187e+06,1.96188e+06,1.95211e+06
6,1962120,1.96208e+06,1.96209e+06,1.9621e+06,1.95233e+06
9,1962270,1.96229e+06,1.96232e+06,1.96233e+06,1.95255e+06
7,1962460,1.96251e+06,1.96254e+06,1.96255e+06,1.95277e+06
8,1962700,1.96273e+06,1.96276e+06,1.96277e+06,1.95299e+06
10,1963010,1.96295e+06,1.96298e+06,1.96299e+06,1.95321e+06
1,1963510,1.96345e+06,1.96342e+06,1.96342e+06,1.95365e+06
3,1963710,1.96366e+06,1.96364e+06,1.96364e+06,1.95388e+06
4,1963950,1.96388e+06,1.96386e+06,1.96386e+06,1.9541e+06
5,1964090,1.9641e+06,1.96408e+06,1.96408e+06,1.95432e+06
2,1964330,1.96432e+06,1.9643e+06,1.9643e+06,1.95454e+06
9,1964510,1.96454e+06,1.96453e+06,1.96453e+06,1.95476e+06
6,1964740,1.96476e+06,1.96475e+06,1.96475e+06,1.95498e+06
8,1964920,1.96497e+06,1.96497e+06,1.96497e+06,1.9552e+06
7,1965140,1.96519e+06,1.96519e+06,1.96519e+06,1.95542e+06
10,1965350,1.96541e+06,1.96541e+06,1.96541e+06,1.95565e+06
1,1965650,1.96563e+06,1.96563e+06,1.96563e+06,1.95587e+06
3,1965850,1.96585e+06,1.96585e+06,1.96586e+06,1.95609e+06
4,1966070,1.96606e+06,1.96607e+06,1.96608e+06,1.95631e+06
2,1966370,1.96628e+06,1.96629e+06,1.9663e+06,1.95653e+06
5,1966550,1.9665e+06,1.96651e+06,1.96652e+06,1.95675e+06
6,1966730,1.96672e+06,1.96673e+06,1.96674e+06,1.95697e+06
9,1966890,1.96694e+06,1.96695e+06,1.96696e+06,1.95719e+06
7,1967120,1.96716e+06,1.96717e+06,1.96719e+06,1.95742e+06
8,1967340,1.96737e+06,1.96739e+06,1.96741e+06,1.95764e+06
10,1967650,1.96759e+06,1.96761e+06,1.96763e+06,1.95786e+06
3,1968120,1.96808e+06,1.96806e+06,1.96805e+06,1.9583e+06
1,1968290,1.9683e+06,1.96828e+06,1.96827e+06,1.95852e+06
4,1968470,1.96852e+06,1.9685e+06,1.9685e+06,1.95874e+06
5,1968730,1.96874e+06,1.96872e+06,1.96872e+06,1.95896e+06
2,1968990,1.96895e+06,1.96894e+06,1.96894e+06,1.95919e+06
9,1969200,1.96917e+06,1.96916e+06,1.96916e+06,1.95941e+06
6,1969370,1.96939e+06,1.96938e+06,1.96938e+06,1.95963e+06
8,1969550,1.96961e+06,1.9696e+06,1.9696e+06,1.95985e+06
7,1969800,1.96983e+06,1.96982e+06,1.96982e+06,1.96007e+06
10,1970040,1.97005e+06,1.97004e+06,1.97005e+06,1.96029e+06
3,1970260,1.97027e+06,1.97026e+06,1.97027e+06,1.96051e+06
4,1970510,1.97049e+06,1.97048e+06,1.97049e+06,1.96073e+06
1,1970720,1.9707e+06,1.97071e+06,1.97071e+06,1.96096e+06
2,1970970,1.97092e+06,1.97093e+06,1.97093e+06,1.96118e+06
5,1971140,1.97114e+06,1.97115e+06,1.97115e+06,1.9614e+06
6,1971320,1.97136e+06,1.97137e+06,1.97137e+06,1.96162e+06
9,1971550,1.97158e+06,1.97159e+06,1.9716e+06,1.96184e+06
7,1971760,1.9718e+06,1.97181e+06,1.97182e+06,1.96206e+06
8,1972000,1.97202e+06,1.97203e+06,1.97204e+06,1.96228e+06
10,1972340,1.97224e+06,1.97225e+06,1.97226e+06,1.96251e+06
4,1972730,1.97272e+06,1.97269e+06,1.97269e+06,1.96295e+06
3,1972950,1.97294e+06,1.97291e+06,1.97291e+06,1.96317e+06
2,1973190,1.97316e+06,1.97313e+06,1.97314e+06,1.96339e+06
1,1973410,1.97338e+06,1.97335e+06,1.97336e+06,1.96361e+06
6,1973600,1.97359e+06,1.97357e+06,1.97358e+06,1.96383e+06
5,1973800,1.97381e+06,1.9738e+06,1.9738e+06,1.96405e+06
7,1973990,1.97403e+06,1.97402e+06,1.97402e+06,1.96428e+06
9,1974230,1.97425e+06,1.97424e+06,1.97424e+06,1.9645e+06
8,1974430,1.97446e+06,1.97446e+06,1.97446e+06,1.96472e+06
10,1974700,1.97468e+06,1.97468e+06,1.97468e+06,1.96494e+06
4,1974900,1.9749e+06,1.9749e+06,1.9749e+06,1.96516e+06
2,1975100,1.97512e+06,1.97512e+06,1.97512e+06,1.96538e+06
3,1975350,1.97534e+06,1.97534e+06,1.97534e+06,1.9656e+06
6,1975580,1.97555e+06,1.97556e+06,1.97556e+06,1.96582e+06
1,1975770,1.97577e+06,1.97578e+06,1.97578e+06,1.96605e+06
7,1975950,1.97599e+06,1.976e+06,1.97601e+06,1.96627e+06
5,1976210,1.97621e+06,1.97622e+06,1.97623e+06,1.96649e+06
8,1976360,1.97642e+06,1.97644e+06,1.97645e+06,1.96671e+06
9,1976620,1.97664e+06,1.97666e+06,1.97667e+06,1.96693e+06
10,1976950,1.97686e+06,1.97688e+06,1.97689e+06,1.96715e+06
2,1977320,1.97734e+06,1.97731e+06,1.97731e+06,1.96759e+06
4,1977520,1.97756e+06,1.97753e+06,1.97753e+06,1.96782e+06
6,1977780,1.97777e+06,1.97775e+06,1.97775e+06,1.96804e+06
3,1978010,1.97799e+06,1.97797e+06,1.97797e+06,1.96826e+06
7,1978270,1.97821e+06,1.97819e+06,1.97819e+06,1.96848e+06
1,1978390,1.97842e+06,1.97841e+06,1.97841e+06,1.9687e+06
8,1978600,1.97864e+06,1.97863e+06,1.97863e+06,1.96892e+06
5,1978840,1.97886e+06,1.97885e+06,1.97885e+06,1.96914e+06
9,1979100,1.97907e+06,1.97907e+06,1.97907e+06,1.96936e+06
10,1979290,1.97929e+06,1.97929e+06,1.97928e+06,1.96959e+06
2,1979480,1.97951e+06,1.97951e+06,1.9795e+06,1.96981e+06
6,1979710,1.97972e+06,1.97973e+06,1.97972e+06,1.97003e+06
4,1979950,1.97994e+06,1.97995e+06,1.97994e+06,1.97025e+06
7,1980170,1.98016e+06,1.98017e+06,1.98016e+06,1.97047e+06
3,1980360,1.98037e+06,1.98039e+06,1.98038e+06,1.97069e+06
8,1980590,1.98059e+06,1.98061e+06,1.9806e+06,1.97091e+06
1,1980750,1.98081e+06,1.98083e+06,1.98082e+06,1.97114e+06
9,1981030,1.98102e+06,1.98105e+06,1.98104e+06,1.97136e+06
5,1981240,1.98124e+06,1.98127e+06,1.98126e+06,1.97158e+06
10,1981490,1.98145e+06,1.9815e+06,1.98148e+06,1.9718e+06
6,1981940,1.98193e+06,1.98191e+06,1.98189e+06,1.97224e+06
2,1982180,1.98215e+06,1.98213e+06,1.98211e+06,1.97246e+06
7,1982350,1.98236e+06,1.98235e+06,1.98233e+06,1.97268e+06
4,1982560,1.98258e+06,1.98257e+06,1.98255e+06,1.97291e+06
8,1982740,1.9828e+06,1.98279e+06,1.98277e+06,1.97313e+06
3,1983010,1.98301e+06,1.98301e+06,1.98299e+06,1.97335e+06
9,1983270,1.98323e+06,1.98323e+06,1.98321e+06,1.97357e+06
1,1983420,1.98345e+06,1.98345e+06,1.98343e+06,1.97379e+06
5,1983600,1.98366e+06,1.98367e+06,1.98365e+06,1.97401e+06
10,1983860,1.98388e+06,1.98389e+06,1.98387e+06,1.97423e+06
6,1984090,1.98409e+06,1.98411e+06,1.98409e+06,1.97445e+06
7,1984310,1.98431e+06,1.98433e+06,1.98431e+06,1.97468e+06
2,1984580,1.98453e+06,1.98455e+06,1.98453e+06,1.9749e+06
8,1984770,1.98474e+06,1.98477e+06,1.98475e+06,1.97512e+06
4,1984920,1.98496e+06,1.98499e+06,1.98497e+06,1.97534e+06
9,1985190,1.98518e+06,1.98521e+06,1.98519e+06,1.97556e+06
3,1985380,1.98539e+06,1.98543e+06,1.98541e+06,1.97578e+06
5,1985590,1.98561e+06,1.98565e+06,1.98563e+06,1.976e+06
1,1985790,1.98582e+06,1.98587e+06,1.98585e+06,1.97622e+06
10,1986120,1.98604e+06,1.98608e+06,1.98608e+06,1.97645e+06
7,1986550,1.98654e+06,1.98652e+06,1.98651e+06,1.97689e+06
6,1986770,1.98676e+06,1.98674e+06,1.98673e+06,1.97711e+06
8,1986990,1.98697e+06,1.98696e+06,1.98695e+06,1.97733e+06
2,1987240,1.98719e+06,1.98718e+06,1.98717e+06,1.97755e+06
9,1987470,1.98741e+06,1.9874e+06,1.98739e+06,1.97777e+06
4,1987570,1.98763e+06,1.98762e+06,1.98761e+06,1.97799e+06
5,1987820,1.98784e+06,1.98784e+06,1.98783e+06,1.97822e+06
3,1988040,1.98806e+06,1.98806e+06,1.98805e+06,1.97844e+06
1,1988260,1.98828e+06,1.98828e+06,1.98828e+06,1.97866e+06
10,1988450,1.9885e+06,1.9885e+06,1.9885e+06,1.97888e+06
7,1988690,1.98871e+06,1.98872e+06,1.98872e+06,1.9791e+06
8,1988970,1.98893e+06,1.98894e+06,1.98894e+06,1.97932e+06
6,1989160,1.98915e+06,1.98916e+06,1.98916e+06,1.97954e+06
9,1989410,1.98937e+06,1.98938e+06,1.98938e+06,1.97976e+06
2,1989640,1.98958e+06,1.98959e+06,1.9896e+06,1.97999e+06
5,1989840,1.9898e+06,1.98981e+06,1.98983e+06,1.98021e+06
4,1989990,1.99002e+06,1.99003e+06,1.99005e+06,1.98043e+06
1,1990170,1.99024e+06,1.99025e+06,1.99027e+06,1.98065e+06
3,1990400,1.99045e+06,1.99047e+06,1.99049e+06,1.98087e+06
10,1990730,1.99067e+06,1.99069e+06,1.99071e+06,1.98109e+06
8,1991130,1.99116e+06,1.99115e+06,1.99115e+06,1.98154e+06
7,1991410,1.99138e+06,1.99137e+06,1.99137e+06,1.98176e+06
9,1991600,1.9916e+06,1.99158e+06,1.99159e+06,1.98198e+06
6,1991850,1.99182e+06,1.9918e+06,1.99181e+06,1.9822e+06
5,1992050,1.99204e+06,1.99202e+06,1.99203e+06,1.98242e+06
2,1992310,1.99226e+06,1.99224e+06,1.99225e+06,1.98264e+06
1,1992550,1.99248e+06,1.99246e+06,1.99247e+06,1.98286e+06
4,1992750,1.9927e+06,1.99268e+06,1.99269e+06,1.98308e+06
3,1992870,1.99292e+06,1.9929e+06,1.99291e+06,1.98331e+06
10,1993010,1.99313e+06,1.99312e+06,1.99314e+06,1.98353e+06
8,1993320,1.99335e+06,1.99334e+06,1.99336e+06,1.98375e+06
9,1993530,1.99357e+06,1.99356e+06,1.99358e+06,1.98397e+06
7,1993750,1.99379e+06,1.99378e+06,1.9938e+06,1.98419e+06
5,1994040,1.99401e+06,1.994e+06,1.99402e+06,1.98441e+06
6,1994250,1.99423e+06,1.99422e+06,1.99424e+06,1.98463e+06
1,1994420,1.99445e+06,1.99444e+06,1.99446e+06,1.98485e+06
2,1994710,1.99467e+06,1.99466e+06,1.99468e+06,1.98508e+06
3,1994900,1.99489e+06,1.99488e+06,1.9949e+06,1.9853e+06
4,1995130,1.99511e+06,1.9951e+06,1.99513e+06,1.98552e+06
10,1995340,1.99532e+06,1.99532e+06,1.99535e+06,1.98574e+06
9,1995820,1.99579e+06,1.99577e+06,1.99577e+06,1.98618e+06
8,1996040,1.99601e+06,1.99599e+06,1.99599e+06,1.9864e+06
5,1996170,1.99623e+06,1.99621e+06,1.99621e+06,1.98662e+06
7,1996410,1.99645e+06,1.99643e+06,1.99643e+06,1.98685e+06
1,1996590,1.99667e+06,1.99665e+06,1.99665e+06,1.98707e+06
6,1996850,1.99688e+06,1.99687e+06,1.99687e+06,1.98729e+06
3,1997110,1.9971e+06,1.99709e+06,1.99709e+06,1.98751e+06
2,1997350,1.99732e+06,1.99731e+06,1.99731e+06,1.98773e+06
4,1997520,1.99754e+06,1.99753e+06,1.99753e+06,1.98795e+06
10,1997780,1.99776e+06,1.99775e+06,1.99775e+06,1.98817e+06
9,1997990,1.99797e+06,1.99797e+06,1.99797e+06,1.98839e+06
5,1998170,1.99819e+06,1.99819e+06,1.99819e+06,1.98862e+06
8,1998410,1.99841e+06,1.99841e+06,1.99841e+06,1.98884e+06
1,1998620,1.99863e+06,1.99863e+06,1.99863e+06,1.98906e+06
7,1998820,1.99885e+06,1.99885e+06,1.99885e+06,1.98928e+06
3,1999030,1.99906e+06,1.99907e+06,1.99907e+06,1.9895e+06
6,1999250,1.99928e+06,1.99929e+06,1.99929e+06,1.98972e+06
4,1999470,1.9995e+06,1.99951e+06,1.99951e+06,1.98994e+06
2,1999760,1.99972e+06,1.99973e+06,1.99973e+06,1.99016e+06
10,2000030,1.99994e+06,1.99995e+06,1.99995e+06,1.99039e+06
5,2000420,2.00041e+06,2.00038e+06,2.00037e+06,1.99083e+06
9,2000670,2.00063e+06,2.0006e+06,2.00059e+06,1.99105e+06
1,2000770,2.00084e+06,2.00082e+06,2.00081e+06,1.99127e+06
8,2001030,2.00106e+06,2.00104e+06,2.00103e+06,1.99149e+06
3,2001300,2.00127e+06,2.00125e+06,2.00125e+06,1.99171e+06
7,2001530,2.00149e+06,2.00147e+06,2.00147e+06,1.99194e+06
4,2001740,2.00171e+06,2.00169e+06,2.00169e+06,1.99216e+06
6,2001960,2.00192e+06,2.00191e+06,2.00191e+06,1.99238e+06
2,2002050,2.00214e+06,2.00213e+06,2.00213e+06,1.9926e+06
10,2002320,2.00235e+06,2.00235e+06,2.00235e+06,1.99282e+06
5,2002640,2.00257e+06,2.00257e+06,2.00257e+06,1.99304e+06
1,2002790,2.00278e+06,2.00279e+06,2.00279e+06,1.99326e+06
9,2002990,2.003e+06,2.00301e+06,2.00301e+06,1.99348e+06
3,2003210,2.00321e+06,2.00323e+06,2.00323e+06,1.99371e+06
8,2003400,2.00343e+06,2.00345e+06,2.00345e+06,1.99393e+06
4,2003580,2.00365e+06,2.00367e+06,2.00366e+06,1.99415e+06
7,2003880,2.00386e+06,2.00389e+06,2.00388e+06,1.99437e+06
2,2004020,2.00408e+06,2.00411e+06,2.0041e+06,1.99459e+06
6,2004280,2.00429e+06,2.00433e+06,2.00432e+06,1.99481e+06
10,2004580,2.00451e+06,2.00455e+06,2.00454e+06,1.99503e+06
1,2004990,2.00499e+06,2.00497e+06,2.00496e+06,1.99548e+06
5,2005240,2.00521e+06,2.00519e+06,2.00518e+06,1.9957e+06
9,2005470,2.00543e+06,2.00541e+06,2.0054e+06,1.99592e+06
8,2005640,2.00564e+06,2.00563e+06,2.00562e+06,1.99614e+06
3,2005880,2.00586e+06,2.00585e+06,2.00584e+06,1.99636e+06
7,2006050,2.00607e+06,2.00607e+06,2.00606e+06,1.99658e+06
4,2006290,2.00629e+06,2.00629e+06,2.00628e+06,1.9968e+06
6,2006520,2.0065e+06,2.0065e+06,2.00649e+06,1.99702e+06
2,2006730,2.00672e+06,2.00672e+06,2.00671e+06,1.99725e+06
10,2006900,2.00693e+06,2.00694e+06,2.00693e+06,1.99747e+06
1,2007050,2.00715e+06,2.00716e+06,2.00715e+06,1.99769e+06
9,2007390,2.00736e+06,2.00738e+06,2.00737e+06,1.99791e+06
5,2007620,2.00758e+06,2.0076e+06,2.00759e+06,1.99813e+06
3,2007820,2.00779e+06,2.00782e+06,2.00781e+06,1.99835e+06
8,2007980,2.00801e+06,2.00804e+06,2.00803e+06,1.99857e+06
4,2008170,2.00822e+06,2.00826e+06,2.00825e+06,1.99879e+06
7,2008410,2.00844e+06,2.00848e+06,2.00846e+06,1.99902e+06
2,2008660,2.00865e+06,2.00869e+06,2.00868e+06,1.99924e+06
6,2008860,2.00887e+06,2.00891e+06,2.0089e+06,1.99946e+06
10,2009160,2.00909e+06,2.00913e+06,2.00912e+06,1.99968e+06
9,2009630,2.00957e+06,2.00955e+06,2.00953e+06,2.00012e+06
1,2009760,2.00979e+06,2.00977e+06,2.00975e+06,2.00034e+06
5,2009980,2.01e+06,2.00999e+06,2.00997e+06,2.00056e+06
8,2010190,2.01022e+06,2.01021e+06,2.01019e+06,2.00079e+06
3,2010470,2.01043e+06,2.01043e+06,2.01041e+06,2.00101e+06
7,2010620,2.01065e+06,2.01065e+06,2.01063e+06,2.00123e+06
4,2010850,2.01086e+06,2.01087e+06,2.01085e+06,2.00145e+06
6,2011090,2.01108e+06,2.01108e+06,2.01107e+06,2.00167e+06
2,2011290,2.0113e+06,2.0113e+06,2.01129e+06,2.00189e+06
10,2011440,2.01151e+06,2.01152e+06,2.01151e+06,2.00211e+06
9,2011740,2.01173e+06,2.01174e+06,2.01173e+06,2.00234e+06
5,2012000,2.01194e+06,2.01196e+06,2.01195e+06,2.00256e+06
1,2012250,2.01216e+06,2.01218e+06,2.01217e+06,2.00278e+06
3,2012340,2.01237e+06,2.0124e+06,2.01239e+06,2.003e+06
8,2012570,2.01259e+06,2.01261e+06,2.01261e+06,2.00322e+06
4,2012760,2.0128e+06,2.01283e+06,2.01283e+06,2.00344e+06
7,2013000,2.01302e+06,2.01305e+06,2.01305e+06,2.00366e+06
2,2013260,2.01324e+06,2.01327e+06,2.01327e+06,2.00388e+06
6,2013440,2.01345e+06,2.01349e+06,2.01349e+06,2.00411e+06
10,2013690,2.01367e+06,2.01371e+06,2.01371e+06,2.00433e+06
5,2014140,2.01418e+06,2.01416e+06,2.01416e+06,2.00477e+06
9,2014430,2.0144e+06,2.01438e+06,2.01438e+06,2.00499e+06
3,2014720,2.01462e+06,2.0146e+06,2.0146e+06,2.00521e+06
1,2014940,2.01483e+06,2.01482e+06,2.01482e+06,2.00543e+06
4,2015140,2.01505e+06,2.01504e+06,2.01504e+06,2.00565e+06
8,2015250,2.01527e+06,2.01526e+06,2.01526e+06,2.00588e+06
2,2015460,2.01549e+06,2.01547e+06,2.01548e+06,2.0061e+06
7,2015710,2.0157e+06,2.01569e+06,2.01571e+06,2.00632e+06
6,2015920,2.01592e+06,2.01591e+06,2.01593e+06,2.00654e+06
10,2016040,2.01614e+06,2.01613e+06,2.01615e+06,2.00676e+06
5,2016350,2.01636e+06,2.01635e+06,2.01637e+06,2.00698e+06
3,2016540,2.01658e+06,2.01657e+06,2.01659e+06,2.0072e+06
9,2016800,2.01679e+06,2.01679e+06,2.01681e+06,2.00742e+06
4,2017040,2.01701e+06,2.01701e+06,2.01703e+06,2.00765e+06
1,2017260,2.01723e+06,2.01723e+06,2.01725e+06,2.00787e+06
2,2017460,2.01745e+06,2.01744e+06,2.01747e+06,2.00809e+06
8,2017620,2.01766e+06,2.01766e+06,2.01769e+06,2.00831e+06
6,2017800,2.01788e+06,2.01788e+06,2.01791e+06,2.00853e+06
7,2018100,2.0181e+06,2.0181e+06,2.01813e+06,2.00875e+06
10,2018420,2.01832e+06,2.01832e+06,2.01835e+06,2.00897e+06
3,2018840,2.0188e+06,2.01877e+06,2.01876e+06,2.00942e+06
5,2018960,2.01901e+06,2.01899e+06,2.01898e+06,2.00964e+06
4,2019280,2.01923e+06,2.01921e+06,2.0192e+06,2.00986e+06
9,2019460,2.01945e+06,2.01942e+06,2.01942e+06,2.01008e+06
2,2019570,2.01966e+06,2.01964e+06,2.01964e+06,2.0103e+06
1,2019820,2.01988e+06,2.01986e+06,2.01986e+06,2.01052e+06
6,2020110,2.0201e+06,2.02008e+06,2.02008e+06,2.01074e+06
8,2020270,2.02032e+06,2.0203e+06,2.0203e+06,2.01096e+06
7,2020500,2.02053e+06,2.02052e+06,2.02053e+06,2.01119e+06
10,2020780,2.02075e+06,2.02074e+06,2.02075e+06,2.01141e+06
3,2021000,2.02097e+06,2.02096e+06,2.02097e+06,2.01163e+06
4,2021210,2.02119e+06,2.02118e+06,2.02119e+06,2.01185e+06
5,2021470,2.0214e+06,2.0214e+06,2.02141e+06,2.01207e+06
2,2021640,2.02162e+06,2.02162e+06,2.02163e+06,2.01229e+06
9,2021780,2.02184e+06,2.02183e+06,2.02185e+06,2.01251e+06
6,2022040,2.02205e+06,2.02205e+06,2.02207e+06,2.01274e+06
1,2022210,2.02227e+06,2.02227e+06,2.02229e+06,2.01296e+06
7,2022460,2.02249e+06,2.02249e+06,2.02251e+06,2.01318e+06
8,2022680,2.02271e+06,2.02271e+06,2.02273e+06,2.0134e+06
10,2023040,2.02292e+06,2.02293e+06,2.02295e+06,2.01362e+06
4,2023420,2.02342e+06,2.02339e+06,2.02339e+06,2.01406e+06
3,2023650,2.02364e+06,2.02361e+06,2.02361e+06,2.01428e+06
2,2023920,2.02385e+06,2.02383e+06,2.02383e+06,2.01451e+06
5,2024060,2.02407e+06,2.02405e+06,2.02405e+06,2.01473e+06
6,2024350,2.02429e+06,2.02427e+06,2.02427e+06,2.01495e+06
9,2024550,2.02451e+06,2.02449e+06,2.0245e+06,2.01517e+06
7,2024680,2.02473e+06,2.02471e+06,2.02472e+06,2.01539e+06
1,2024840,2.02494e+06,2.02493e+06,2.02494e+06,2.01561e+06
8,2025110,2.02516e+06,2.02515e+06,2.02516e+06,2.01583e+06
10,2025320,2.02538e+06,2.02536e+06,2.02538e+06,2.01605e+06
4,2025590,2.0256e+06,2.02558e+06,2.0256e+06,2.01628e+06
2,2025870,2.02582e+06,2.0258e+06,2.02582e+06,2.0165e+06
3,2026070,2.02603e+06,2.02602e+06,2.02604e+06,2.01672e+06
6,2026290,2.02625e+06,2.02624e+06,2.02627e+06,2.01694e+06
5,2026510,2.02647e+06,2.02646e+06,2.02649e+06,2.01716e+06
7,2026720,2.02669e+06,2.02668e+06,2.02671e+06,2.01738e+06
9,2026910,2.02691e+06,2.0269e+06,2.02693e+06,2.0176e+06
8,2027140,2.02712e+06,2.02712e+06,2.02715e+06,2.01782e+06
1,2027250,2.02734e+06,2.02734e+06,2.02737e+06,2.01805e+06
10,2027580,2.02756e+06,2.02756e+06,2.02759e+06,2.01827e+06
2,2028130,2.02805e+06,2.02802e+06,2.02802e+06,2.01871e+06
4,2028280,2.02827e+06,2.02824e+06,2.02824e+06,2.01893e+06
6,2028510,2.02849e+06,2.02846e+06,2.02846e+06,2.01915e+06
3,2028730,2.02871e+06,2.02868e+06,2.02868e+06,2.01937e+06
7,2028960,2.02892e+06,2.0289e+06,2.0289e+06,2.01959e+06
5,2029130,2.02914e+06,2.02912e+06,2.02912e+06,2.01982e+06
8,2029350,2.02936e+06,2.02934e+06,2.02935e+06,2.02004e+06
9,2029600,2.02957e+06,2.02956e+06,2.02957e+06,2.02026e+06
1,2029690,2.02979e+06,2.02978e+06,2.02979e+06,2.02048e+06
10,2029920,2.03001e+06,2.03e+06,2.03001e+06,2.0207e+06
2,2030260,2.03023e+06,2.03022e+06,2.03023e+06,2.02092e+06
6,2030460,2.03044e+06,2.03044e+06,2.03045e+06,2.02114e+06
4,2030670,2.03066e+06,2.03066e+06,2.03067e+06,2.02136e+06
7,2030880,2.03088e+06,2.03088e+06,2.03089e+06,2.02159e+06
3,2031070,2.03109e+06,2.0311e+06,2.03112e+06,2.02181e+06
8,2031290,2.03131e+06,2.03132e+06,2.03134e+06,2.02203e+06
5,2031520,2.03153e+06,2.03154e+06,2.03156e+06,2.02225e+06
1,2031750,2.03175e+06,2.03176e+06,2.03178e+06,2.02247e+06
9,2031960,2.03196e+06,2.03198e+06,2.032e+06,2.02269e+06
10,2032240,2.03218e+06,2.0322e+06,2.03222e+06,2.02291e+06
6,2032720,2.03268e+06,2.03265e+06,2.03265e+06,2.02336e+06
2,2032950,2.0329e+06,2.03287e+06,2.03287e+06,2.02358e+06
7,2033170,2.03312e+06,2.03309e+06,2.03309e+06,2.0238e+06
4,2033370,2.03334e+06,2.03331e+06,2.03331e+06,2.02402e+06
8,2033500,2.03355e+06,2.03353e+06,2.03354e+06,2.02424e+06
3,2033750,2.03377e+06,2.03375e+06,2.03376e+06,2.02446e+06
1,2034030,2.03399e+06,2.03397e+06,2.03398e+06,2.02468e+06
5,2034150,2.03421e+06,2.03419e+06,2.0342e+06,2.02491e+06
9,2034370,2.03442e+06,2.03441e+06,2.03442e+06,2.02513e+06
10,2034610,2.03464e+06,2.03463e+06,2.03464e+06,2.02535e+06
6,2034860,2.03486e+06,2.03485e+06,2.03487e+06,2.02557e+06
7,2035110,2.03508e+06,2.03507e+06,2.03509e+06,2.02579e+06
2,2035390,2.03529e+06,2.03529e+06,2.03531e+06,2.02601e+06
8,2035530,2.03551e+06,2.03551e+06,2.03553e+06,2.02623e+06
4,2035690,2.03573e+06,2.03573e+06,2.03575e+06,2.02645e+06
1,2035960,2.03595e+06,2.03595e+06,2.03597e+06,2.02668e+06
3,2036170,2.03617e+06,2.03617e+06,2.0362e+06,2.0269e+06
9,2036350,2.03638e+06,2.03639e+06,2.03642e+06,2.02712e+06
5,2036560,2.0366e+06,2.03661e+06,2.03664e+06,2.02734e+06
10,2036860,2.03682e+06,2.03683e+06,2.03686e+06,2.02756e+06
7,2037320,2.03732e+06,2.03729e+06,2.03729e+06,2.028e+06
6,2037550,2.03754e+06,2.03751e+06,2.03752e+06,2.02822e+06
8,2037760,2.03776e+06,2.03773e+06,2.03774e+06,2.02845e+06
2,2038050,2.03798e+06,2.03795e+06,2.03796e+06,2.02867e+06
1,2038270,2.0382e+06,2.03817e+06,2.03818e+06,2.02889e+06
4,2038470,2.03841e+06,2.03839e+06,2.0384e+06,2.02911e+06
9,2038640,2.03863e+06,2.03861e+06,2.03862e+06,2.02933e+06
3,2038800,2.03885e+06,2.03883e+06,2.03885e+06,2.02955e+06
5,2039040,2.03907e+06,2.03905e+06,2.03907e+06,2.02977e+06
10,2039180,2.03929e+06,2.03928e+06,2.03929e+06,2.02999e+06
7,2039510,2.0395e+06,2.0395e+06,2.03951e+06,2.03022e+06
8,2039760,2.03972e+06,2.03972e+06,2.03973e+06,2.03044e+06
6,2039940,2.03994e+06,2.03994e+06,2.03995e+06,2.03066e+06
1,2040140,2.04016e+06,2.04016e+06,2.04018e+06,2.03088e+06
2,2040410,2.04038e+06,2.04038e+06,2.0404e+06,2.0311e+06
9,2040590,2.04059e+06,2.0406e+06,2.04062e+06,2.03132e+06
4,2040770,2.04081e+06,2.04082e+06,2.04084e+06,2.03154e+06
5,2041070,2.04103e+06,2.04104e+06,2.04106e+06,2.03176e+06
3,2041230,2.04125e+06,2.04126e+06,2.04128e+06,2.03199e+06
10,2041490,2.04147e+06,2.04148e+06,2.04151e+06,2.03221e+06
8,2041900,2.04195e+06,2.04193e+06,2.04193e+06,2.03265e+06
7,2042160,2.04217e+06,2.04215e+06,2.04215e+06,2.03287e+06
1,2042340,2.04239e+06,2.04237e+06,2.04237e+06,2.03309e+06
6,2042620,2.04261e+06,2.04259e+06,2.04259e+06,2.03331e+06
9,2042860,2.04283e+06,2.04281e+06,2.04282e+06,2.03354e+06
2,2043050,2.04305e+06,2.04303e+06,2.04304e+06,2.03376e+06
5,2043250,2.04327e+06,2.04325e+06,2.04326e+06,2.03398e+06
4,2043530,2.04349e+06,2.04347e+06,2.04348e+06,2.0342e+06
3,2043740,2.04371e+06,2.0437e+06,2.0437e+06,2.03442e+06
10,2043960,2.04393e+06,2.04392e+06,2.04392e+06,2.03464e+06
8,2044100,2.04414e+06,2.04414e+06,2.04414e+06,2.03486e+06
1,2044320,2.04436e+06,2.04436e+06,2.04436e+06,2.03508e+06
7,2044540,2.04458e+06,2.04458e+06,2.04458e+06,2.03531e+06
9,2044770,2.0448e+06,2.0448e+06,2.0448e+06,2.03553e+06
6,2045000,2.04502e+06,2.04502e+06,2.04503e+06,2.03575e+06
5,2045220,2.04524e+06,2.04524e+06,2.04525e+06,2.03597e+06
2,2045410,2.04546e+06,2.04546e+06,2.04547e+06,2.03619e+06
3,2045640,2.04568e+06,2.04568e+06,2.04569e+06,2.03641e+06
4,2045930,2.0459e+06,2.0459e+06,2.04591e+06,2.03663e+06
10,2046280,2.04612e+06,2.04612e+06,2.04613e+06,2.03685e+06
1,2046710,2.0466e+06,2.04656e+06,2.04655e+06,2.0373e+06
8,2046810,2.04681e+06,2.04678e+06,2.04677e+06,2.03752e+06
7,2047030,2.04703e+06,2.047e+06,2.04699e+06,2.03774e+06
6,2047210,2.04724e+06,2.04722e+06,2.04721e+06,2.03796e+06
9,2047440,2.04746e+06,2.04744e+06,2.04743e+06,2.03818e+06
2,2047540,2.04768e+06,2.04766e+06,2.04765e+06,2.0384e+06
5,2047860,2.04789e+06,2.04788e+06,2.04787e+06,2.03862e+06
4,2048060,2.04811e+06,2.0481e+06,2.04809e+06,2.03885e+06
3,2048270,2.04832e+06,2.04832e+06,2.04831e+06,2.03907e+06
10,2048600,2.04854e+06,2.04854e+06,2.04853e+06,2.03929e+06
1,2048810,2.04876e+06,2.04876e+06,2.04876e+06,2.03951e+06
7,2048990,2.04897e+06,2.04898e+06,2.04898e+06,2.03973e+06
8,2049230,2.04919e+06,2.0492e+06,2.0492e+06,2.03995e+06
9,2049410,2.04941e+06,2.04942e+06,2.04942e+06,2.04017e+06
6,2049600,2.04962e+06,2.04964e+06,2.04964e+06,2.04039e+06
5,2049860,2.04984e+06,2.04986e+06,2.04986e+06,2.04062e+06
2,2050060,2.05005e+06,2.05008e+06,2.05008e+06,2.04084e+06
3,2050220,2.05027e+06,2.0503e+06,2.0503e+06,2.04106e+06
4,2050450,2.05049e+06,2.05052e+06,2.05052e+06,2.04128e+06
10,2050740,2.0507e+06,2.05074e+06,2.05074e+06,2.0415e+06
7,2051240,2.0512e+06,2.05117e+06,2.05116e+06,2.04194e+06
1,2051450,2.05141e+06,2.05139e+06,2.05138e+06,2.04216e+06
8,2051640,2.05163e+06,2.05161e+06,2.0516e+06,2.04239e+06
6,2051840,2.05184e+06,2.05183e+06,2.05182e+06,2.04261e+06
9,2052090,2.05206e+06,2.05205e+06,2.05204e+06,2.04283e+06
2,2052210,2.05228e+06,2.05227e+06,2.05226e+06,2.04305e+06
5,2052500,2.05249e+06,2.05249e+06,2.05248e+06,2.04327e+06
4,2052630,2.05271e+06,2.05271e+06,2.0527e+06,2.04349e+06
3,2052870,2.05292e+06,2.05293e+06,2.05292e+06,2.04371e+06
10,2053090,2.05314e+06,2.05315e+06,2.05314e+06,2.04394e+06
7,2053380,2.05336e+06,2.05337e+06,2.05336e+06,2.04416e+06
8,2053620,2.05357e+06,2.05359e+06,2.05358e+06,2.04438e+06
1,2053820,2.05379e+06,2.05381e+06,2.0538e+06,2.0446e+06
9,2054020,2.05401e+06,2.05403e+06,2.05402e+06,2.04482e+06
6,2054220,2.05422e+06,2.05425e+06,2.05424e+06,2.04504e+06
5,2054480,2.05444e+06,2.05447e+06,2.05446e+06,2.04526e+06
2,2054660,2.05465e+06,2.05469e+06,2.05468e+06,2.04548e+06
3,2054800,2.05487e+06,2.05491e+06,2.0549e+06,2.04571e+06
4,2055050,2.05509e+06,2.05513e+06,2.05512e+06,2.04593e+06
10,2055370,2.0553e+06,2.05535e+06,2.05534e+06,2.04615e+06
8,2055730,2.05578e+06,2.05577e+06,2.05575e+06,2.04659e+06
7,2055980,2.056e+06,2.05599e+06,2.05597e+06,2.04681e+06
9,2056230,2.05622e+06,2.05621e+06,2.05619e+06,2.04703e+06
1,2056370,2.05643e+06,2.05643e+06,2.05641e+06,2.04725e+06
5,2056620,2.05665e+06,2.05665e+06,2.05663e+06,2.04748e+06
6,2056900,2.05687e+06,2.05687e+06,2.05685e+06,2.0477e+06
3,2057130,2.05709e+06,2.05709e+06,2.05708e+06,2.04792e+06
2,2057380,2.05731e+06,2.05731e+06,2.0573e+06,2.04814e+06
4,2057420,2.05753e+06,2.05753e+06,2.05752e+06,2.04836e+06
10,2057730,2.05774e+06,2.05775e+06,2.05774e+06,2.04858e+06
8,2057920,2.05796e+06,2.05797e+06,2.05796e+06,2.0488e+06
9,2058170,2.05818e+06,2.05819e+06,2.05818e+06,2.04902e+06
7,2058370,2.0584e+06,2.05841e+06,2.0584e+06,2.04925e+06
5,2058590,2.05862e+06,2.05863e+06,2.05862e+06,2.04947e+06
1,2058850,2.05884e+06,2.05885e+06,2.05884e+06,2.04969e+06
3,2059040,2.05905e+06,2.05907e+06,2.05906e+06,2.04991e+06
6,2059290,2.05927e+06,2.05929e+06,2.05928e+06,2.05013e+06
4,2059470,2.05949e+06,2.05951e+06,2.0595e+06,2.05035e+06
2,2059750,2.05971e+06,2.05973e+06,2.05972e+06,2.05057e+06
10,2060020,2.05993e+06,2.05995e+06,2.05994e+06,2.05079e+06
9,2060430,2.06041e+06,2.06039e+06,2.06038e+06,2.05124e+06
8,2060680,2.06063e+06,2.06061e+06,2.0606e+06,2.05146e+06
5,2060830,2.06085e+06,2.06083e+06,2.06083e+06,2.05168e+06
7,2061020,2.06107e+06,2.06105e+06,2.06105e+06,2.0519e+06
3,2061320,2.06128e+06,2.06127e+06,2.06127e+06,2.05212e+06
1,2061480,2.0615e+06,2.06149e+06,2.06149e+06,2.05234e+06
4,2061720,2.06172e+06,2.06171e+06,2.06171e+06,2.05256e+06
6,2061950,2.06194e+06,2.06193e+06,2.06193e+06,2.05279e+06
2,2062080,2.06216e+06,2.06215e+06,2.06215e+06,2.05301e+06
10,2062360,2.06238e+06,2.06237e+06,2.06237e+06,2.05323e+06
9,2062610,2.06259e+06,2.06259e+06,2.06259e+06,2.05345e+06
5,2062840,2.06281e+06,2.06281e+06,2.06282e+06,2.05367e+06
8,2063040,2.06303e+06,2.06303e+06,2.06304e+06,2.05389e+06
3,2063240,2.06325e+06,2.06325e+06,2.06326e+06,2.05411e+06
7,2063430,2.06347e+06,2.06347e+06,2.06348e+06,2.05434e+06
4,2063650,2.06369e+06,2.06369e+06,2.0637e+06,2.05456e+06
1,2063890,2.0639e+06,2.06391e+06,2.06392e+06,2.05478e+06
2,2064130,2.06412e+06,2.06413e+06,2.06414e+06,2.055e+06
6,2064330,2.06434e+06,2.06435e+06,2.06436e+06,2.05522e+06
10,2064650,2.06456e+06,2.06457e+06,2.06458e+06,2.05544e+06
5,2065020,2.06504e+06,2.06501e+06,2.06501e+06,2.05588e+06
9,2065320,2.06526e+06,2.06523e+06,2.06523e+06,2.05611e+06
3,2065520,2.06548e+06,2.06545e+06,2.06545e+06,2.05633e+06
8,2065700,2.06569e+06,2.06567e+06,2.06567e+06,2.05655e+06
4,2065940,2.06591e+06,2.06589e+06,2.06589e+06,2.05677e+06
7,2066140,2.06613e+06,2.06611e+06,2.06611e+06,2.05699e+06
2,2066280,2.06634e+06,2.06633e+06,2.06633e+06,2.05721e+06
1,2066540,2.06656e+06,2.06655e+06,2.06655e+06,2.05743e+06
6,2066800,2.06678e+06,2.06677e+06,2.06677e+06,2.05765e+06
10,2066940,2.06699e+06,2.06699e+06,2.06699e+06,2.05788e+06
5,2067220,2.06721e+06,2.06721e+06,2.06721e+06,2.0581e+06
3,2067420,2.06743e+06,2.06743e+06,2.06743e+06,2.05832e+06
9,2067660,2.06764e+06,2.06765e+06,2.06765e+06,2.05854e+06
4,2067890,2.06786e+06,2.06787e+06,2.06787e+06,2.05876e+06
8,2068100,2.06808e+06,2.06809e+06,2.06809e+06,2.05898e+06
2,2068250,2.06829e+06,2.06831e+06,2.06831e+06,2.0592e+06
7,2068480,2.06851e+06,2.06853e+06,2.06853e+06,2.05942e+06
6,2068740,2.06873e+06,2.06875e+06,2.06875e+06,2.05965e+06
1,2068880,2.06894e+06,2.06896e+06,2.06897e+06,2.05987e+06
10,2069220,2.06916e+06,2.06918e+06,2.06919e+06,2.06009e+06
3,2069710,2.06965e+06,2.06961e+06,2.06961e+06,2.06053e+06
5,2069880,2.06986e+06,2.06983e+06,2.06982e+06,2.06075e+06
4,2070160,2.07008e+06,2.07005e+06,2.07004e+06,2.06097e+06
9,2070350,2.07029e+06,2.07027e+06,2.07026e+06,2.06119e+06
2,2070410,2.07051e+06,2.07049e+06,2.07048e+06,2.06142e+06
8,2070650,2.07072e+06,2.07071e+06,2.0707e+06,2.06164e+06
6,2070890,2.07093e+06,2.07093e+06,2.07092e+06,2.06186e+06
7,2071140,2.07115e+06,2.07115e+06,2.07114e+06,2.06208e+06
1,2071300,2.07136e+06,2.07137e+06,2.07136e+06,2.0623e+06
10,2071520,2.07158e+06,2.07158e+06,2.07158e+06,2.06252e+06
3,2071830,2.07179e+06,2.0718e+06,2.0718e+06,2.06274e+06
4,2072070,2.07201e+06,2.07202e+06,2.07202e+06,2.06297e+06
5,2072300,2.07222e+06,2.07224e+06,2.07223e+06,2.06319e+06
2,2072500,2.07244e+06,2.07246e+06,2.07245e+06,2.06341e+06
9,2072640,2.07265e+06,2.07268e+06,2.07267e+06,2.06363e+06
6,2072830,2.07287e+06,2.0729e+06,2.07289e+06,2.06385e+06
8,2073030,2.07308e+06,2.07312e+06,2.07311e+06,2.06407e+06
1,2073240,2.0733e+06,2.07334e+06,2.07333e+06,2.06429e+06
7,2073510,2.07351e+06,2.07356e+06,2.07355e+06,2.06451e+06
10,2073780,2.07373e+06,2.07378e+06,2.07377e+06,2.06474e+06
4,2074210,2.07422e+06,2.0742e+06,2.07418e+06,2.06518e+06
3,2074460,2.07443e+06,2.07442e+06,2.0744e+06,2.0654e+06
2,2074690,2.07465e+06,2.07464e+06,2.07462e+06,2.06562e+06
5,2074890,2.07487e+06,2.07486e+06,2.07484e+06,2.06584e+06
6,2075140,2.07508e+06,2.07508e+06,2.07506e+06,2.06606e+06
9,2075330,2.0753e+06,2.0753e+06,2.07528e+06,2.06628e+06
1,2075460,2.07552e+06,2.07552e+06,2.0755e+06,2.06651e+06
8,2075640,2.07573e+06,2.07573e+06,2.07572e+06,2.06673e+06
7,2075890,2.07595e+06,2.07595e+06,2.07594e+06,2.06695e+06
10,2076130,2.07616e+06,2.07617e+06,2.07616e+06,2.06717e+06
4,2076340,2.07638e+06,2.07639e+06,2.07638e+06,2.06739e+06
2,2076580,2.0766e+06,2.07661e+06,2.0766e+06,2.06761e+06
3,2076810,2.07681e+06,2.07683e+06,2.07682e+06,2.06783e+06
6,2077050,2.07703e+06,2.07705e+06,2.07704e+06,2.06805e+06
5,2077310,2.07725e+06,2.07727e+06,2.07726e+06,2.06828e+06
1,2077510,2.07746e+06,2.07749e+06,2.07748e+06,2.0685e+06
9,2077670,2.07768e+06,2.0777e+06,2.0777e+06,2.06872e+06
7,2077880,2.07789e+06,2.07792e+06,2.07792e+06,2.06894e+06
8,2078070,2.07811e+06,2.07814e+06,2.07814e+06,2.06916e+06
10,2078400,2.07833e+06,2.07836e+06,2.07836e+06,2.06938e+06
2,2078830,2.07882e+06,2.0788e+06,2.07879e+06,2.06982e+06
4,2079010,2.07904e+06,2.07902e+06,2.07901e+06,2.07005e+06
6,2079250,2.07925e+06,2.07924e+06,2.07923e+06,2.07027e+06
3,2079480,2.07947e+06,2.07946e+06,2.07945e+06,2.07049e+06
1,2079730,2.07969e+06,2.07968e+06,2.07967e+06,2.07071e+06
5,2079880,2.07991e+06,2.0799e+06,2.07989e+06,2.07093e+06
7,2080130,2.08012e+06,2.08012e+06,2.08011e+06,2.07115e+06
9,2080340,2.08034e+06,2.08033e+06,2.08033e+06,2.07137e+06
8,2080540,2.08056e+06,2.08055e+06,2.08055e+06,2.07159e+06
10,2080740,2.08078e+06,2.08077e+06,2.08078e+06,2.07182e+06
2,2081010,2.08099e+06,2.08099e+06,2.081e+06,2.07204e+06
6,2081240,2.08121e+06,2.08121e+06,2.08122e+06,2.07226e+06
4,2081450,2.08143e+06,2.08143e+06,2.08144e+06,2.07248e+06
1,2081680,2.08165e+06,2.08165e+06,2.08166e+06,2.0727e+06
3,2081860,2.08186e+06,2.08187e+06,2.08188e+06,2.07292e+06
7,2082060,2.08208e+06,2.08209e+06,2.0821e+06,2.07314e+06
5,2082280,2.0823e+06,2.0823e+06,2.08232e+06,2.07337e+06
8,2082450,2.08252e+06,2.08252e+06,2.08254e+06,2.07359e+06
9,2082730,2.08273e+06,2.08274e+06,2.08276e+06,2.07381e+06
10,2083020,2.08295e+06,2.08296e+06,2.08298e+06,2.07403e+06
6,2083460,2.08345e+06,2.08342e+06,2.08342e+06,2.07447e+06
2,2083680,2.08366e+06,2.08363e+06,2.08364e+06,2.07469e+06
1,2083930,2.08388e+06,2.08385e+06,2.08386e+06,2.07491e+06
4,2084160,2.0841e+06,2.08407e+06,2.08408e+06,2.07514e+06
7,2084340,2.08432e+06,2.08429e+06,2.0843e+06,2.07536e+06
3,2084550,2.08453e+06,2.08451e+06,2.08452e+06,2.07558e+06
8,2084700,2.08475e+06,2.08473e+06,2.08474e+06,2.0758e+06
5,2084900,2.08497e+06,2.08495e+06,2.08496e+06,2.07602e+06
9,2085200,2.08518e+06,2.08517e+06,2.08518e+06,2.07624e+06
10,2085330,2.0854e+06,2.08539e+06,2.0854e+06,2.07646e+06
6,2085620,2.08562e+06,2.08561e+06,2.08562e+06,2.07668e+06
1,2085830,2.08584e+06,2.08583e+06,2.08584e+06,2.07691e+06
2,2086050,2.08605e+06,2.08605e+06,2.08606e+06,2.07713e+06
7,2086290,2.08627e+06,2.08627e+06,2.08628e+06,2.07735e+06
4,2086490,2.08649e+06,2.08649e+06,2.08651e+06,2.07757e+06
8,2086730,2.08671e+06,2.0867e+06,2.08673e+06,2.07779e+06
3,2086880,2.08692e+06,2.08692e+06,2.08695e+06,2.07801e+06
9,2087120,2.08714e+06,2.08714e+06,2.08717e+06,2.07823e+06
5,2087380,2.08736e+06,2.08736e+06,2.08739e+06,2.07845e+06
10,2087620,2.08758e+06,2.08758e+06,2.08761e+06,2.07868e+06
1,2088110,2.08805e+06,2.08802e+06,2.08802e+06,2.07912e+06
6,2088290,2.08827e+06,2.08824e+06,2.08824e+06,2.07934e+06
2,2088410,2.08849e+06,2.08846e+06,2.08846e+06,2.07956e+06
4,2088660,2.0887e+06,2.08868e+06,2.08868e+06,2.07978e+06
7,2088890,2.08892e+06,2.0889e+06,2.0889e+06,2.08e+06
3,2089150,2.08914e+06,2.08912e+06,2.08912e+06,2.08022e+06
8,2089310,2.08936e+06,2.08934e+06,2.08934e+06,2.08045e+06
5,2089530,2.08957e+06,2.08956e+06,2.08956e+06,2.08067e+06
9,2089770,2.08979e+06,2.08978e+06,2.08978e+06,2.08089e+06
10,2090010,2.09001e+06,2.09e+06,2.09e+06,2.08111e+06
1,2090260,2.09022e+06,2.09022e+06,2.09022e+06,2.08133e+06
2,2090490,2.09044e+06,2.09044e+06,2.09044e+06,2.08155e+06
6,2090630,2.09066e+06,2.09066e+06,2.09066e+06,2.08177e+06
7,2090890,2.09087e+06,2.09088e+06,2.09088e+06,2.08199e+06
4,2091110,2.09109e+06,2.09109e+06,2.0911e+06,2.08222e+06
8,2091320,2.09131e+06,2.09131e+06,2.09132e+06,2.08244e+06
3,2091480,2.09153e+06,2.09153e+06,2.09154e+06,2.08266e+06
9,2091740,2.09174e+06,2.09175e+06,2.09176e+06,2.08288e+06
5,2091910,2.09196e+06,2.09197e+06,2.09198e+06,2.0831e+06
10,2092260,2.09218e+06,2.09219e+06,2.09221e+06,2.08332e+06
2,2092680,2.09267e+06,2.09264e+06,2.09264e+06,2.08377e+06
1,2092880,2.09289e+06,2.09286e+06,2.09286e+06,2.08399e+06
6,2093100,2.0931e+06,2.09308e+06,2.09308e+06,2.08421e+06
4,2093370,2.09332e+06,2.0933e+06,2.09331e+06,2.08443e+06
7,2093530,2.09354e+06,2.09352e+06,2.09353e+06,2.08465e+06
3,2093790,2.09376e+06,2.09374e+06,2.09375e+06,2.08487e+06
8,2093980,2.09398e+06,2.09396e+06,2.09397e+06,2.08509e+06
5,2094120,2.09419e+06,2.09418e+06,2.09419e+06,2.08531e+06
9,2094370,2.09441e+06,2.0944e+06,2.09441e+06,2.08554e+06
10,2094630,2.09463e+06,2.09462e+06,2.09463e+06,2.08576e+06
2,2094860,2.09485e+06,2.09484e+06,2.09485e+06,2.08598e+06
6,2095060,2.09507e+06,2.09506e+06,2.09507e+06,2.0862e+06
1,2095300,2.09528e+06,2.09528e+06,2.09529e+06,2.08642e+06
7,2095500,2.0955e+06,2.0955e+06,2.09551e+06,2.08664e+06
4,2095700,2.09572e+06,2.09572e+06,2.09573e+06,2.08686e+06
8,2095990,2.09594e+06,2.09594e+06,2.09595e+06,2.08708e+06
3,2096140,2.09616e+06,2.09616e+06,2.09617e+06,2.08731e+06
9,2096320,2.09637e+06,2.09638e+06,2.09639e+06,2.08753e+06
5,2096570,2.09659e+06,2.0966e+06,2.09661e+06,2.08775e+06
10,2096890,2.09681e+06,2.09682e+06,2.09683e+06,2.08797e+06
6,2097250,2.09728e+06,2.09725e+06,2.09724e+06,2.08841e+06
2,2097500,2.0975e+06,2.09747e+06,2.09746e+06,2.08863e+06
7,2097700,2.09772e+06,2.09769e+06,2.09768e+06,2.08885e+06
1,2097870,2.09793e+06,2.09791e+06,2.0979e+06,2.08908e+06
8,2098190,2.09815e+06,2.09813e+06,2.09813e+06,2.0893e+06
4,2098360,2.09837e+06,2.09835e+06,2.09835e+06,2.08952e+06
9,2098580,2.09858e+06,2.09857e+06,2.09857e+06,2.08974e+06
3,2098740,2.0988e+06,2.09879e+06,2.09879e+06,2.08996e+06
5,2098940,2.09902e+06,2.09901e+06,2.09901e+06,2.09018e+06
10,2099300,2.09924e+06,2.09923e+06,2.09923e+06,2.0904e+06
6,2099490,2.09945e+06,2.09945e+06,2.09945e+06,2.09062e+06
7,2099680,2.09967e+06,2.09967e+06,2.09967e+06,2.09085e+06
2,2099930,2.09989e+06,2.09989e+06,2.09989e+06,2.09107e+06
8,2100140,2.10011e+06,2.10011e+06,2.10011e+06,2.09129e+06
1,2100320,2.10032e+06,2.10033e+06,2.10033e+06,2.09151e+06
9,2100510,2.10054e+06,2.10055e+06,2.10056e+06,2.09173e+06
4,2100730,2.10076e+06,2.10077e+06,2.10078e+06,2.09195e+06
5,2100940,2.10098e+06,2.10099e+06,2.101e+06,2.09217e+06
3,2101140,2.10119e+06,2.10121e+06,2.10122e+06,2.09239e+06
10,2101500,2.10141e+06,2.10143e+06,2.10144e+06,2.09262e+06
7,2101970,2.1019e+06,2.10188e+06,2.10188e+06,2.09306e+06
6,2102160,2.10212e+06,2.1021e+06,2.1021e+06,2.09328e+06
8,2102350,2.10234e+06,2.10232e+06,2.10232e+06,2.0935e+06
2,2102620,2.10256e+06,2.10254e+06,2.10254e+06,2.09372e+06
9,2102790,2.10278e+06,2.10276e+06,2.10276e+06,2.09394e+06
1,2102880,2.103e+06,2.10298e+06,2.10299e+06,2.09417e+06
5,2103150,2.10321e+06,2.1032e+06,2.10321e+06,2.09439e+06
4,2103400,2.10343e+06,2.10342e+06,2.10343e+06,2.09461e+06
3,2103630,2.10365e+06,2.10364e+06,2.10365e+06,2.09483e+06
10,2103840,2.10387e+06,2.10386e+06,2.10387e+06,2.09505e+06
7,2104100,2.10409e+06,2.10408e+06,2.10409e+06,2.09527e+06
8,2104370,2.10431e+06,2.1043e+06,2.10431e+06,2.09549e+06
6,2104580,2.10453e+06,2.10452e+06,2.10454e+06,2.09571e+06
9,2104740,2.10474e+06,2.10474e+06,2.10476e+06,2.09594e+06
2,2105030,2.10496e+06,2.10496e+06,2.10498e+06,2.09616e+06
5,2105170,2.10518e+06,2.10518e+06,2.1052e+06,2.09638e+06
1,2105360,2.1054e+06,2.1054e+06,2.10542e+06,2.0966e+06
3,2105560,2.10562e+06,2.10562e+06,2.10564e+06,2.09682e+06
4,2105850,2.10584e+06,2.10584e+06,2.10586e+06,2.09704e+06
10,2106090,2.10605e+06,2.10606e+06,2.10609e+06,2.09726e+06
8,2106520,2.10653e+06,2.10651e+06,2.1065e+06,2.09771e+06
7,2106770,2.10675e+06,2.10673e+06,2.10673e+06,2.09793e+06
9,2106950,2.10697e+06,2.10695e+06,2.10695e+06,2.09815e+06
6,2107240,2.10719e+06,2.10717e+06,2.10717e+06,2.09837e+06
5,2107410,2.10741e+06,2.10739e+06,2.10739e+06,2.09859e+06
2,2107690,2.10763e+06,2.10761e+06,2.10761e+06,2.09881e+06
3,2107860,2.10785e+06,2.10783e+06,2.10783e+06,2.09903e+06
1,2107890,2.10806e+06,2.10805e+06,2.10805e+06,2.09925e+06
4,2108260,2.10828e+06,2.10827e+06,2.10828e+06,2.09948e+06
10,2108460,2.1085e+06,2.10849e+06,2.1085e+06,2.0997e+06
8,2108690,2.10872e+06,2.10871e+06,2.10872e+06,2.09992e+06
9,2108900,2.10894e+06,2.10893e+06,2.10894e+06,2.10014e+06
7,2109110,2.10916e+06,2.10915e+06,2.10916e+06,2.10036e+06
5,2109390,2.10938e+06,2.10937e+06,2.10938e+06,2.10058e+06
6,2109620,2.1096e+06,2.10959e+06,2.10961e+06,2.1008e+06
3,2109820,2.10982e+06,2.10981e+06,2.10983e+06,2.10102e+06
2,2110090,2.11004e+06,2.11003e+06,2.11005e+06,2.10125e+06
4,2110240,2.11026e+06,2.11025e+06,2.11027e+06,2.10147e+06
1,2110490,2.11047e+06,2.11047e+06,2.11049e+06,2.10169e+06
10,2110770,2.11069e+06,2.11069e+06,2.11071e+06,2.10191e+06
9,2111160,2.11117e+06,2.11114e+06,2.11115e+06,2.10235e+06
8,2111390,2.11139e+06,2.11137e+06,2.11137e+06,2.10257e+06
5,2111570,2.11161e+06,2.11159e+06,2.11159e+06,2.10279e+06
7,2111810,2.11183e+06,2.11181e+06,2.11181e+06,2.10302e+06
3,2112060,2.11205e+06,2.11203e+06,2.11204e+06,2.10324e+06
6,2112290,2.11227e+06,2.11225e+06,2.11226e+06,2.10346e+06
4,2112470,2.11248e+06,2.11247e+06,2.11248e+06,2.10368e+06
2,2112650,2.1127e+06,2.11269e+06,2.1127e+06,2.1039e+06
1,2112950,2.11292e+06,2.11291e+06,2.11292e+06,2.10412e+06
10,2113150,2.11314e+06,2.11313e+06,2.11314e+06,2.10434e+06
9,2113390,2.11336e+06,2.11335e+06,2.11336e+06,2.10457e+06
5,2113580,2.11358e+06,2.11357e+06,2.11358e+06,2.10479e+06
8,2113800,2.1138e+06,2.11379e+06,2.1138e+06,2.10501e+06
3,2113990,2.11402e+06,2.11401e+06,2.11402e+06,2.10523e+06
7,2114200,2.11424e+06,2.11423e+06,2.11424e+06,2.10545e+06
4,2114440,2.11446e+06,2.11445e+06,2.11446e+06,2.10567e+06
6,2114660,2.11468e+06,2.11467e+06,2.11468e+06,2.10589e+06
1,2114900,2.1149e+06,2.11489e+06,2.11491e+06,2.10611e+06
2,2115110,2.11512e+06,2.11511e+06,2.11513e+06,2.10634e+06
10,2115420,2.11534e+06,2.11534e+06,2.11535e+06,2.10656e+06
5,2115740,2.11579e+06,2.11576e+06,2.11575e+06,2.107e+06
9,2116040,2.11601e+06,2.11599e+06,2.11597e+06,2.10722e+06
3,2116270,2.11623e+06,2.11621e+06,2.1162e+06,2.10744e+06
8,2116460,2.11644e+06,2.11643e+06,2.11642e+06,2.10766e+06
4,2116660,2.11666e+06,2.11665e+06,2.11664e+06,2.10788e+06
7,2116870,2.11688e+06,2.11687e+06,2.11686e+06,2.10811e+06
1,2117010,2.1171e+06,2.11709e+06,2.11708e+06,2.10833e+06
6,2117270,2.11731e+06,2.11731e+06,2.1173e+06,2.10855e+06
2,2117410,2.11753e+06,2.11753e+06,2.11752e+06,2.10877e+06
10,2117720,2.11775e+06,2.11775e+06,2.11774e+06,2.10899e+06
5,2117970,2.11796e+06,2.11797e+06,2.11796e+06,2.10921e+06
3,2118190,2.11818e+06,2.11819e+06,2.11818e+06,2.10943e+06
9,2118420,2.1184e+06,2.11841e+06,2.1184e+06,2.10965e+06
4,2118630,2.11862e+06,2.11863e+06,2.11862e+06,2.10988e+06
8,2118860,2.11883e+06,2.11885e+06,2.11884e+06,2.1101e+06
1,2119000,2.11905e+06,2.11907e+06,2.11906e+06,2.11032e+06
7,2119290,2.11927e+06,2.11929e+06,2.11928e+06,2.11054e+06
2,2119490,2.11948e+06,2.11951e+06,2.1195e+06,2.11076e+06
6,2119670,2.1197e+06,2.11973e+06,2.11972e+06,2.11098e+06
10,2119990,2.11992e+06,2.11995e+06,2.11994e+06,2.1112e+06
3,2120470,2.1204e+06,2.12038e+06,2.12037e+06,2.11165e+06
5,2120620,2.12062e+06,2.1206e+06,2.12059e+06,2.11187e+06
4,2120900,2.12084e+06,2.12082e+06,2.12081e+06,2.11209e+06
9,2121090,2.12105e+06,2.12104e+06,2.12103e+06,2.11231e+06
1,2121170,2.12127e+06,2.12126e+06,2.12125e+06,2.11253e+06
8,2121450,2.12149e+06,2.12148e+06,2.12148e+06,2.11275e+06
2,2121600,2.12171e+06,2.1217e+06,2.1217e+06,2.11297e+06
7,2121910,2.12193e+06,2.12192e+06,2.12192e+06,2.11319e+06
6,2122190,2.12214e+06,2.12214e+06,2.12214e+06,2.11342e+06
10,2122330,2.12236e+06,2.12236e+06,2.12236e+06,2.11364e+06
3,2122630,2.12258e+06,2.12258e+06,2.12258e+06,2.11386e+06
4,2122860,2.1228e+06,2.1228e+06,2.1228e+06,2.11408e+06
5,2123040,2.12302e+06,2.12302e+06,2.12303e+06,2.1143e+06
1,2123260,2.12323e+06,2.12324e+06,2.12325e+06,2.11452e+06
9,2123420,2.12345e+06,2.12346e+06,2.12347e+06,2.11474e+06
2,2123680,2.12367e+06,2.12368e+06,2.12369e+06,2.11497e+06
8,2123820,2.12389e+06,2.1239e+06,2.12391e+06,2.11519e+06
6,2124040,2.12411e+06,2.12412e+06,2.12413e+06,2.11541e+06
7,2124300,2.12432e+06,2.12434e+06,2.12435e+06,2.11563e+06
10,2124670,2.12454e+06,2.12456e+06,2.12458e+06,2.11585e+06
4,2125020,2.12504e+06,2.12501e+06,2.12501e+06,2.11629e+06
3,2125270,2.12525e+06,2.12523e+06,2.12523e+06,2.11651e+06
1,2125630,2.12547e+06,2.12545e+06,2.12545e+06,2.11674e+06
5,2125670,2.12569e+06,2.12567e+06,2.12567e+06,2.11696e+06
2,2125930,2.12591e+06,2.12589e+06,2.1259e+06,2.11718e+06
9,2126140,2.12613e+06,2.12612e+06,2.12612e+06,2.1174e+06
6,2126340,2.12635e+06,2.12634e+06,2.12634e+06,2.11762e+06
8,2126500,2.12656e+06,2.12656e+06,2.12656e+06,2.11784e+06
7,2126760,2.12678e+06,2.12678e+06,2.12678e+06,2.11806e+06
10,2126980,2.127e+06,2.127e+06,2.127e+06,2.11828e+06
4,2127220,2.12722e+06,2.12722e+06,2.12723e+06,2.11851e+06
1,2127490,2.12744e+06,2.12744e+06,2.12745e+06,2.11873e+06
3,2127670,2.12766e+06,2.12766e+06,2.12767e+06,2.11895e+06
2,2127950,2.12787e+06,2.12788e+06,2.12789e+06,2.11917e+06
5,2128100,2.12809e+06,2.1281e+06,2.12811e+06,2.11939e+06
6,2128280,2.12831e+06,2.12832e+06,2.12833e+06,2.11961e+06
9,2128470,2.12853e+06,2.12854e+06,2.12856e+06,2.11983e+06
7,2128700,2.12875e+06,2.12876e+06,2.12878e+06,2.12005e+06
8,2128930,2.12897e+06,2.12898e+06,2.129e+06,2.12028e+06
10,2129260,2.12918e+06,2.1292e+06,2.12922e+06,2.1205e+06
1,2129690,2.12967e+06,2.12965e+06,2.12964e+06,2.12094e+06
4,2129920,2.12989e+06,2.12987e+06,2.12987e+06,2.12116e+06
2,2130080,2.13011e+06,2.13009e+06,2.13009e+06,2.12138e+06
3,2130300,2.13033e+06,2.13031e+06,2.13031e+06,2.1216e+06
6,2130580,2.13055e+06,2.13053e+06,2.13053e+06,2.12182e+06
5,2130810,2.13076e+06,2.13075e+06,2.13075e+06,2.12205e+06
7,2130980,2.13098e+06,2.13097e+06,2.13097e+06,2.12227e+06
9,2131200,2.1312e+06,2.13119e+06,2.1312e+06,2.12249e+06
8,2131400,2.13142e+06,2.13141e+06,2.13142e+06,2.12271e+06
10,2131550,2.13164e+06,2.13163e+06,2.13164e+06,2.12293e+06
1,2131920,2.13186e+06,2.13185e+06,2.13186e+06,2.12315e+06
2,2132140,2.13207e+06,2.13207e+06,2.13208e+06,2.12337e+06
4,2132290,2.13229e+06,2.13229e+06,2.1323e+06,2.12359e+06
6,2132530,2.13251e+06,2.13251e+06,2.13252e+06,2.12382e+06
3,2132700,2.13273e+06,2.13273e+06,2.13275e+06,2.12404e+06
7,2132940,2.13295e+06,2.13295e+06,2.13297e+06,2.12426e+06
5,2133190,2.13317e+06,2.13317e+06,2.13319e+06,2.12448e+06
8,2133330,2.13338e+06,2.13339e+06,2.13341e+06,2.1247e+06
9,2133570,2.1336e+06,2.13361e+06,2.13363e+06,2.12492e+06
10,2133860,2.13382e+06,2.13383e+06,2.13385e+06,2.12514e+06
2,2134290,2.13432e+06,2.13428e+06,2.13429e+06,2.12559e+06
1,2134660,2.13453e+06,2.1345e+06,2.13451e+06,2.12581e+06
4,2134800,2.13475e+06,2.13472e+06,2.13473e+06,2.12603e+06
3,2134980,2.13497e+06,2.13494e+06,2.13495e+06,2.12625e+06
6,2135180,2.13519e+06,2.13517e+06,2.13517e+06,2.12647e+06
5,2135400,2.1354e+06,2.13539e+06,2.1354e+06,2.12669e+06
7,2135630,2.13562e+06,2.13561e+06,2.13562e+06,2.12691e+06
9,2135840,2.13584e+06,2.13583e+06,2.13584e+06,2.12714e+06
8,2136070,2.13606e+06,2.13605e+06,2.13606e+06,2.12736e+06
10,2136230,2.13627e+06,2.13627e+06,2.13628e+06,2.12758e+06
2,2136500,2.13649e+06,2.13649e+06,2.1365e+06,2.1278e+06
4,2136670,2.13671e+06,2.13671e+06,2.13672e+06,2.12802e+06
1,2136980,2.13693e+06,2.13693e+06,2.13694e+06,2.12824e+06
6,2137090,2.13714e+06,2.13715e+06,2.13716e+06,2.12846e+06
3,2137330,2.13736e+06,2.13737e+06,2.13738e+06,2.12868e+06
7,2137560,2.13758e+06,2.13759e+06,2.1376e+06,2.12891e+06
5,2137830,2.1378e+06,2.13781e+06,2.13782e+06,2.12913e+06
8,2137980,2.13802e+06,2.13803e+06,2.13804e+06,2.12935e+06
9,2138180,2.13823e+06,2.13825e+06,2.13826e+06,2.12957e+06
10,2138550,2.13845e+06,2.13847e+06,2.13848e+06,2.12979e+06
4,2138970,2.13892e+06,2.1389e+06,2.13889e+06,2.13023e+06
2,2139150,2.13914e+06,2.13912e+06,2.13911e+06,2.13045e+06
6,2139330,2.13936e+06,2.13934e+06,2.13933e+06,2.13068e+06
1,2139570,2.13957e+06,2.13956e+06,2.13955e+06,2.1309e+06
7,2139730,2.13979e+06,2.13978e+06,2.13977e+06,2.13112e+06
3,2139980,2.14001e+06,2.14e+06,2.13999e+06,2.13134e+06
8,2140170,2.14022e+06,2.14022e+06,2.14021e+06,2.13156e+06
5,2140390,2.14044e+06,2.14044e+06,2.14043e+06,2.13178e+06
9,2140690,2.14065e+06,2.14066e+06,2.14065e+06,2.132e+06
10,2140890,2.14087e+06,2.14088e+06,2.14087e+06,2.13222e+06
4,2141090,2.14109e+06,2.1411e+06,2.14109e+06,2.13245e+06
6,2141320,2.1413e+06,2.14132e+06,2.14131e+06,2.13267e+06
2,2141570,2.14152e+06,2.14154e+06,2.14152e+06,2.13289e+06
7,2141740,2.14174e+06,2.14176e+06,2.14174e+06,2.13311e+06
1,2141950,2.14195e+06,2.14198e+06,2.14196e+06,2.13333e+06
8,2142180,2.14217e+06,2.1422e+06,2.14218e+06,2.13355e+06
3,2142340,2.14238e+06,2.14242e+06,2.1424e+06,2.13377e+06
9,2142600,2.1426e+06,2.14264e+06,2.14262e+06,2.13399e+06
5,2142740,2.14282e+06,2.14286e+06,2.14284e+06,2.13422e+06
10,2143110,2.14303e+06,2.14308e+06,2.14306e+06,2.13444e+06
6,2143530,2.14352e+06,2.1435e+06,2.14348e+06,2.13488e+06
4,2143770,2.14374e+06,2.14372e+06,2.1437e+06,2.1351e+06
7,2144020,2.14396e+06,2.14394e+06,2.14392e+06,2.13532e+06
2,2144150,2.14417e+06,2.14416e+06,2.14414e+06,2.13554e+06
8,2144370,2.14439e+06,2.14438e+06,2.14437e+06,2.13577e+06
1,2144560,2.14461e+06,2.1446e+06,2.14459e+06,2.13599e+06
9,2144850,2.14482e+06,2.14482e+06,2.14481e+06,2.13621e+06
3,2144960,2.14504e+06,2.14504e+06,2.14503e+06,2.13643e+06
5,2145150,2.14526e+06,2.14526e+06,2.14525e+06,2.13665e+06
10,2145480,2.14547e+06,2.14548e+06,2.14547e+06,2.13687e+06
6,2145740,2.14569e+06,2.1457e+06,2.14569e+06,2.13709e+06
7,2145970,2.14591e+06,2.14592e+06,2.14591e+06,2.13731e+06
4,2146160,2.14612e+06,2.14614e+06,2.14614e+06,2.13754e+06
8,2146400,2.14634e+06,2.14636e+06,2.14636e+06,2.13776e+06
2,2146610,2.14656e+06,2.14658e+06,2.14658e+06,2.13798e+06
9,2146780,2.14677e+06,2.1468e+06,2.1468e+06,2.1382e+06
1,2146940,2.14699e+06,2.14702e+06,2.14702e+06,2.13842e+06
5,2147190,2.14721e+06,2.14724e+06,2.14724e+06,2.13864e+06
3,2147330,2.14742e+06,2.14746e+06,2.14746e+06,2.13886e+06
10,2147700,2.14764e+06,2.14768e+06,2.14769e+06,2.13908e+06
7,2148220,2.14814e+06,2.14813e+06,2.14812e+06,2.13953e+06
6,2148420,2.14836e+06,2.14835e+06,2.14834e+06,2.13975e+06
8,2148610,2.14858e+06,2.14857e+06,2.14857e+06,2.13997e+06
4,2148760,2.1488e+06,2.14879e+06,2.14879e+06,2.14019e+06
9,2149050,2.14902e+06,2.14901e+06,2.14901e+06,2.14041e+06
2,2149260,2.14924e+06,2.14923e+06,2.14923e+06,2.14063e+06
5,2149380,2.14946e+06,2.14945e+06,2.14946e+06,2.14085e+06
1,2149710,2.14968e+06,2.14967e+06,2.14968e+06,2.14108e+06
3,2149870,2.1499e+06,2.14989e+06,2.1499e+06,2.1413e+06
10,2150070,2.15012e+06,2.15011e+06,2.15012e+06,2.14152e+06
7,2150310,2.15034e+06,2.15033e+06,2.15035e+06,2.14174e+06
8,2150600,2.15056e+06,2.15055e+06,2.15057e+06,2.14196e+06
6,2150800,2.15078e+06,2.15077e+06,2.15079e+06,2.14218e+06
9,2151010,2.151e+06,2.15099e+06,2.15102e+06,2.1424e+06
4,2151160,2.15122e+06,2.15121e+06,2.15124e+06,2.14262e+06
5,2151460,2.15144e+06,2.15143e+06,2.15146e+06,2.14285e+06
2,2151650,2.15166e+06,2.15165e+06,2.15168e+06,2.14307e+06
3,2151820,2.15188e+06,2.15187e+06,2.15191e+06,2.14329e+06
1,2152150,2.1521e+06,2.15209e+06,2.15213e+06,2.14351e+06
10,2152410,2.15232e+06,2.15231e+06,2.15235e+06,2.14373e+06
8,2152770,2.15281e+06,2.15278e+06,2.15278e+06,2.14417e+06
7,2153030,2.15303e+06,2.153e+06,2.15301e+06,2.14439e+06
9,2153240,2.15325e+06,2.15322e+06,2.15323e+06,2.14462e+06
6,2153510,2.15347e+06,2.15344e+06,2.15345e+06,2.14484e+06
5,2153670,2.15369e+06,2.15366e+06,2.15367e+06,2.14506e+06
4,2153890,2.15391e+06,2.15388e+06,2.1539e+06,2.14528e+06
3,2154160,2.15413e+06,2.15411e+06,2.15412e+06,2.1455e+06
2,2154340,2.15435e+06,2.15433e+06,2.15434e+06,2.14572e+06
1,2154640,2.15457e+06,2.15455e+06,2.15457e+06,2.14594e+06
10,2154830,2.15479e+06,2.15477e+06,2.15479e+06,2.14617e+06
8,2154980,2.15501e+06,2.15499e+06,2.15501e+06,2.14639e+06
9,2155240,2.15523e+06,2.15521e+06,2.15523e+06,2.14661e+06
7,2155390,2.15545e+06,2.15543e+06,2.15546e+06,2.14683e+06
5,2155640,2.15567e+06,2.15565e+06,2.15568e+06,2.14705e+06
6,2155920,2.15589e+06,2.15587e+06,2.1559e+06,2.14727e+06
3,2156030,2.15611e+06,2.15609e+06,2.15613e+06,2.14749e+06
4,2156310,2.15633e+06,2.15631e+06,2.15635e+06,2.14771e+06
1,2156540,2.15655e+06,2.15653e+06,2.15657e+06,2.14794e+06
2,2156760,2.15677e+06,2.15675e+06,2.1568e+06,2.14816e+06
10,2157120,2.157e+06,2.15698e+06,2.15702e+06,2.14838e+06
9,2157530,2.15748e+06,2.15744e+06,2.15746e+06,2.14882e+06
8,2157740,2.1577e+06,2.15766e+06,2.15768e+06,2.14904e+06
5,2157880,2.15792e+06,2.15788e+06,2.1579e+06,2.14926e+06
7,2158100,2.15814e+06,2.1581e+06,2.15812e+06,2.14948e+06
3,2158380,2.15836e+06,2.15833e+06,2.15834e+06,2.14971e+06
6,2158600,2.15858e+06,2.15855e+06,2.15857e+06,2.14993e+06
1,2158820,2.1588e+06,2.15877e+06,2.15879e+06,2.15015e+06
4,2159020,2.15902e+06,2.15899e+06,2.15901e+06,2.15037e+06
2,2159100,2.15923e+06,2.15921e+06,2.15923e+06,2.15059e+06
10,2159450,2.15945e+06,2.15943e+06,2.15945e+06,2.15081e+06
9,2159690,2.15967e+06,2.15965e+06,2.15967e+06,2.15103e+06
5,2159910,2.15989e+06,2.15988e+06,2.1599e+06,2.15125e+06
8,2160100,2.16011e+06,2.1601e+06,2.16012e+06,2.15148e+06
3,2160330,2.16033e+06,2.16032e+06,2.16034e+06,2.1517e+06
7,2160550,2.16055e+06,2.16054e+06,2.16056e+06,2.15192e+06
1,2160750,2.16077e+06,2.16076e+06,2.16078e+06,2.15214e+06
6,2160980,2.16099e+06,2.16098e+06,2.16101e+06,2.15236e+06
2,2161240,2.16121e+06,2.1612e+06,2.16123e+06,2.15258e+06
4,2161390,2.16143e+06,2.16143e+06,2.16145e+06,2.1528e+06
10,2161710,2.16165e+06,2.16165e+06,2.16167e+06,2.15302e+06
5,2162100,2.16212e+06,2.16208e+06,2.16208e+06,2.15347e+06
9,2162360,2.16234e+06,2.16231e+06,2.1623e+06,2.15369e+06
3,2162570,2.16255e+06,2.16253e+06,2.16253e+06,2.15391e+06
8,2162790,2.16277e+06,2.16275e+06,2.16275e+06,2.15413e+06
1,2162980,2.16299e+06,2.16297e+06,2.16297e+06,2.15435e+06
7,2163170,2.16321e+06,2.16319e+06,2.16319e+06,2.15457e+06
2,2163380,2.16343e+06,2.16341e+06,2.16341e+06,2.1548e+06
6,2163630,2.16364e+06,2.16363e+06,2.16363e+06,2.15502e+06
4,2163840,2.16386e+06,2.16385e+06,2.16385e+06,2.15524e+06
10,2164050,2.16408e+06,2.16408e+06,2.16407e+06,2.15546e+06
5,2164330,2.1643e+06,2.1643e+06,2.16429e+06,2.15568e+06
3,2164540,2.16451e+06,2.16452e+06,2.16452e+06,2.1559e+06
9,2164730,2.16473e+06,2.16474e+06,2.16474e+06,2.15612e+06
1,2164880,2.16495e+06,2.16496e+06,2.16496e+06,2.15634e+06
8,2165150,2.16517e+06,2.16518e+06,2.16518e+06,2.15657e+06
2,2165410,2.16539e+06,2.1654e+06,2.1654e+06,2.15679e+06
7,2165580,2.1656e+06,2.16562e+06,2.16562e+06,2.15701e+06
4,2165790,2.16582e+06,2.16585e+06,2.16584e+06,2.15723e+06
6,2166070,2.16604e+06,2.16607e+06,2.16606e+06,2.15745e+06
10,2166320,2.16626e+06,2.16629e+06,2.16628e+06,2.15767e+06
3,2166770,2.16674e+06,2.16672e+06,2.16671e+06,2.15811e+06
5,2166920,2.16696e+06,2.16694e+06,2.16694e+06,2.15834e+06
1,2167250,2.16718e+06,2.16716e+06,2.16716e+06,2.15856e+06
9,2167430,2.1674e+06,2.16738e+06,2.16738e+06,2.15878e+06
2,2167610,2.16761e+06,2.1676e+06,2.1676e+06,2.159e+06
8,2167840,2.16783e+06,2.16782e+06,2.16782e+06,2.15922e+06
4,2168000,2.16805e+06,2.16805e+06,2.16804e+06,2.15944e+06
7,2168240,2.16827e+06,2.16827e+06,2.16826e+06,2.15966e+06
6,2168510,2.16848e+06,2.16849e+06,2.16848e+06,2.15988e+06
10,2168690,2.1687e+06,2.16871e+06,2.1687e+06,2.16011e+06
3,2168890,2.16892e+06,2.16893e+06,2.16892e+06,2.16033e+06
1,2169160,2.16914e+06,2.16915e+06,2.16914e+06,2.16055e+06
5,2169370,2.16936e+06,2.16937e+06,2.16936e+06,2.16077e+06
2,2169600,2.16957e+06,2.16959e+06,2.16959e+06,2.16099e+06
9,2169770,2.16979e+06,2.16981e+06,2.16981e+06,2.16121e+06
4,2169970,2.17001e+06,2.17003e+06,2.17003e+06,2.16143e+06
8,2170180,2.17023e+06,2.17025e+06,2.17025e+06,2.16165e+06
6,2170400,2.17044e+06,2.17047e+06,2.17047e+06,2.16188e+06
7,2170670,2.17066e+06,2.1707e+06,2.17069e+06,2.1621e+06
10,2170980,2.17088e+06,2.17092e+06,2.17091e+06,2.16232e+06
1,2171430,2.17137e+06,2.17134e+06,2.17133e+06,2.16276e+06
3,2171620,2.17158e+06,2.17156e+06,2.17155e+06,2.16298e+06
2,2171830,2.1718e+06,2.17178e+06,2.17177e+06,2.1632e+06
5,2172000,2.17202e+06,2.172e+06,2.17199e+06,2.16342e+06
4,2172250,2.17223e+06,2.17222e+06,2.17221e+06,2.16365e+06
9,2172400,2.17245e+06,2.17245e+06,2.17243e+06,2.16387e+06
6,2172630,2.17267e+06,2.17267e+06,2.17265e+06,2.16409e+06
8,2172830,2.17288e+06,2.17289e+06,2.17288e+06,2.16431e+06
7,2173080,2.1731e+06,2.17311e+06,2.1731e+06,2.16453e+06
10,2173320,2.17332e+06,2.17333e+06,2.17332e+06,2.16475e+06
1,2173530,2.17353e+06,2.17355e+06,2.17354e+06,2.16497e+06
2,2173820,2.17375e+06,2.17377e+06,2.17376e+06,2.1652e+06
3,2173950,2.17397e+06,2.17399e+06,2.17398e+06,2.16542e+06
4,2174190,2.17419e+06,2.17421e+06,2.1742e+06,2.16564e+06
5,2174420,2.1744e+06,2.17443e+06,2.17442e+06,2.16586e+06
6,2174610,2.17462e+06,2.17465e+06,2.17464e+06,2.16608e+06
9,2174800,2.17484e+06,2.17487e+06,2.17486e+06,2.1663e+06
7,2174990,2.17505e+06,2.17509e+06,2.17508e+06,2.16652e+06
8,2175240,2.17527e+06,2.17531e+06,2.1753e+06,2.16674e+06
10,2175600,2.17549e+06,2.17553e+06,2.17552e+06,2.16697e+06
2,2175950,2.17598e+06,2.17596e+06,2.17595e+06,2.16741e+06
1,2176220,2.17619e+06,2.17618e+06,2.17617e+06,2.16763e+06
3,2176420,2.17641e+06,2.1764e+06,2.17639e+06,2.16785e+06
5,2176620,2.17663e+06,2.17662e+06,2.17661e+06,2.16807e+06
4,2176900,2.17685e+06,2.17684e+06,2.17683e+06,2.16829e+06
9,2177110,2.17707e+06,2.17706e+06,2.17705e+06,2.16851e+06
6,2177290,2.17728e+06,2.17728e+06,2.17727e+06,2.16874e+06
8,2177440,2.1775e+06,2.1775e+06,2.17749e+06,2.16896e+06
7,2177710,2.17772e+06,2.17772e+06,2.17772e+06,2.16918e+06
10,2177880,2.17794e+06,2.17794e+06,2.17794e+06,2.1694e+06
2,2178180,2.17816e+06,2.17816e+06,2.17816e+06,2.16962e+06
3,2178370,2.17837e+06,2.17838e+06,2.17838e+06,2.16984e+06
1,2178590,2.17859e+06,2.1786e+06,2.1786e+06,2.17006e+06
4,2178810,2.17881e+06,2.17882e+06,2.17882e+06,2.17028e+06
5,2179020,2.17903e+06,2.17904e+06,2.17904e+06,2.17051e+06
6,2179250,2.17925e+06,2.17926e+06,2.17926e+06,2.17073e+06
9,2179460,2.17946e+06,2.17948e+06,2.17949e+06,2.17095e+06
7,2179650,2.17968e+06,2.1797e+06,2.17971e+06,2.17117e+06
8,2179880,2.1799e+06,2.17992e+06,2.17993e+06,2.17139e+06
10,2180210,2.18012e+06,2.18014e+06,2.18015e+06,2.17161e+06
3,2180630,2.18061e+06,2.18059e+06,2.18059e+06,2.17205e+06
2,2180860,2.18083e+06,2.18081e+06,2.18081e+06,2.17228e+06
4,2181050,2.18105e+06,2.18103e+06,2.18103e+06,2.1725e+06
1,2181300,2.18127e+06,2.18125e+06,2.18125e+06,2.17272e+06
6,2181490,2.18148e+06,2.18147e+06,2.18147e+06,2.17294e+06
5,2181730,2.1817e+06,2.18169e+06,2.18169e+06,2.17316e+06
7,2181890,2.18192e+06,2.18191e+06,2.18191e+06,2.17338e+06
9,2182160,2.18214e+06,2.18213e+06,2.18213e+06,2.1736e+06
8,2182370,2.18236e+06,2.18235e+06,2.18235e+06,2.17382e+06
10,2182490,2.18257e+06,2.18257e+06,2.18258e+06,2.17405e+06
3,2182790,2.18279e+06,2.18279e+06,2.1828e+06,2.17427e+06
4,2182990,2.18301e+06,2.18301e+06,2.18302e+06,2.17449e+06
2,2183270,2.18323e+06,2.18323e+06,2.18324e+06,2.17471e+06
6,2183460,2.18345e+06,2.18345e+06,2.18346e+06,2.17493e+06
1,2183680,2.18366e+06,2.18367e+06,2.18368e+06,2.17515e+06
7,2183830,2.18388e+06,2.18389e+06,2.1839e+06,2.17537e+06
5,2184120,2.1841e+06,2.18411e+06,2.18412e+06,2.1756e+06
8,2184270,2.18432e+06,2.18433e+06,2.18434e+06,2.17582e+06
9,2184510,2.18454e+06,2.18455e+06,2.18456e+06,2.17604e+06
10,2184830,2.18475e+06,2.18477e+06,2.18478e+06,2.17626e+06
4,2185210,2.18523e+06,2.1852e+06,2.1852e+06,2.1767e+06
3,2185450,2.18545e+06,2.18542e+06,2.18542e+06,2.17692e+06
6,2185690,2.18567e+06,2.18564e+06,2.18564e+06,2.17714e+06
2,2185940,2.18588e+06,2.18586e+06,2.18586e+06,2.17737e+06
7,2186070,2.1861e+06,2.18608e+06,2.18608e+06,2.17759e+06
1,2186260,2.18632e+06,2.1863e+06,2.1863e+06,2.17781e+06
8,2186460,2.18653e+06,2.18652e+06,2.18652e+06,2.17803e+06
5,2186770,2.18675e+06,2.18674e+06,2.18674e+06,2.17825e+06
9,2186950,2.18697e+06,2.18696e+06,2.18696e+06,2.17847e+06
10,2187210,2.18718e+06,2.18718e+06,2.18718e+06,2.17869e+06
4,2187410,2.1874e+06,2.1874e+06,2.1874e+06,2.17891e+06
6,2187640,2.18762e+06,2.18762e+06,2.18762e+06,2.17914e+06
3,2187830,2.18783e+06,2.18784e+06,2.18784e+06,2.17936e+06
7,2188060,2.18805e+06,2.18806e+06,2.18806e+06,2.17958e+06
2,2188310,2.18827e+06,2.18828e+06,2.18828e+06,2.1798e+06
8,2188460,2.18849e+06,2.1885e+06,2.1885e+06,2.18002e+06
1,2188560,2.1887e+06,2.18872e+06,2.18872e+06,2.18024e+06
9,2188930,2.18892e+06,2.18894e+06,2.18894e+06,2.18046e+06
5,2189140,2.18914e+06,2.18916e+06,2.18916e+06,2.18068e+06
10,2189440,2.18935e+06,2.18938e+06,2.18938e+06,2.18091e+06
6,2189880,2.18984e+06,2.18982e+06,2.1898e+06,2.18135e+06
4,2190100,2.19006e+06,2.19004e+06,2.19003e+06,2.18157e+06
7,2190330,2.19027e+06,2.19026e+06,2.19025e+06,2.18179e+06
3,2190520,2.19049e+06,2.19048e+06,2.19047e+06,2.18201e+06
8,2190650,2.19071e+06,2.19069e+06,2.19069e+06,2.18223e+06
2,2190920,2.19092e+06,2.19091e+06,2.19091e+06,2.18245e+06
1,2191150,2.19114e+06,2.19113e+06,2.19113e+06,2.18268e+06
9,2191160,2.19136e+06,2.19135e+06,2.19135e+06,2.1829e+06
5,2191470,2.19157e+06,2.19157e+06,2.19157e+06,2.18312e+06
10,2191840,2.19179e+06,2.19179e+06,2.19179e+06,2.18334e+06
6,2192020,2.19201e+06,2.19201e+06,2.19201e+06,2.18356e+06
7,2192290,2.19222e+06,2.19223e+06,2.19223e+06,2.18378e+06
4,2192490,2.19244e+06,2.19245e+06,2.19245e+06,2.184e+06
8,2192710,2.19266e+06,2.19267e+06,2.19267e+06,2.18422e+06
3,2192890,2.19287e+06,2.19289e+06,2.19289e+06,2.18445e+06
9,2193090,2.19309e+06,2.19311e+06,2.19311e+06,2.18467e+06
2,2193370,2.19331e+06,2.19333e+06,2.19333e+06,2.18489e+06
5,2193500,2.19352e+06,2.19355e+06,2.19355e+06,2.18511e+06
1,2193640,2.19374e+06,2.19377e+06,2.19377e+06,2.18533e+06
10,2193980,2.19396e+06,2.19399e+06,2.194e+06,2.18555e+06
7,2194490,2.19445e+06,2.19443e+06,2.19442e+06,2.186e+06
6,2194730,2.19467e+06,2.19465e+06,2.19464e+06,2.18622e+06
8,2194910,2.19489e+06,2.19487e+06,2.19486e+06,2.18644e+06
4,2195080,2.1951e+06,2.19509e+06,2.19508e+06,2.18666e+06
9,2195330,2.19532e+06,2.19531e+06,2.1953e+06,2.18688e+06
3,2195500,2.19554e+06,2.19553e+06,2.19553e+06,2.1871e+06
5,2195670,2.19576e+06,2.19575e+06,2.19575e+06,2.18732e+06
2,2196000,2.19597e+06,2.19597e+06,2.19597e+06,2.18754e+06
1,2196200,2.19619e+06,2.19619e+06,2.19619e+06,2.18777e+06
10,2196330,2.19641e+06,2.19641e+06,2.19641e+06,2.18799e+06
7,2196620,2.19663e+06,2.19663e+06,2.19663e+06,2.18821e+06
8,2196890,2.19684e+06,2.19685e+06,2.19685e+06,2.18843e+06
6,2197110,2.19706e+06,2.19707e+06,2.19707e+06,2.18865e+06
9,2197290,2.19728e+06,2.19729e+06,2.19729e+06,2.18887e+06
4,2197460,2.1975e+06,2.19751e+06,2.19751e+06,2.18909e+06
5,2197740,2.19771e+06,2.19772e+06,2.19773e+06,2.18931e+06
3,2197910,2.19793e+06,2.19794e+06,2.19796e+06,2.18954e+06
1,2198090,2.19815e+06,2.19816e+06,2.19818e+06,2.18976e+06
2,2198360,2.19837e+06,2.19838e+06,2.1984e+06,2.18998e+06
10,2198680,2.19859e+06,2.1986e+06,2.19862e+06,2.1902e+06
8,2199060,2.19907e+06,2.19905e+06,2.19905e+06,2.19064e+06
7,2199260,2.19929e+06,2.19927e+06,2.19927e+06,2.19086e+06
9,2199490,2.19951e+06,2.19949e+06,2.19949e+06,2.19108e+06
6,2199750,2.19973e+06,2.19971e+06,2.19971e+06,2.19131e+06
5,2199940,2.19995e+06,2.19993e+06,2.19993e+06,2.19153e+06
4,2200190,2.20016e+06,2.20015e+06,2.20015e+06,2.19175e+06
1,2200430,2.20038e+06,2.20037e+06,2.20037e+06,2.19197e+06
3,2200590,2.2006e+06,2.20059e+06,2.20059e+06,2.19219e+06
2,2200760,2.20082e+06,2.20081e+06,2.20081e+06,2.19241e+06
10,2201010,2.20104e+06,2.20103e+06,2.20104e+06,2.19263e+06
8,2201240,2.20126e+06,2.20125e+06,2.20126e+06,2.19285e+06
9,2201490,2.20147e+06,2.20147e+06,2.20148e+06,2.19308e+06
7,2201700,2.20169e+06,2.20169e+06,2.2017e+06,2.1933e+06
5,2201930,2.20191e+06,2.20191e+06,2.20192e+06,2.19352e+06
6,2202130,2.20213e+06,2.20213e+06,2.20214e+06,2.19374e+06
1,2202370,2.20235e+06,2.20235e+06,2.20236e+06,2.19396e+06
4,2202590,2.20257e+06,2.20257e+06,2.20258e+06,2.19418e+06
2,2202770,2.20279e+06,2.20279e+06,2.2028e+06,2.1944e+06
3,2202940,2.203e+06,2.20301e+06,2.20302e+06,2.19462e+06
10,2203280,2.20322e+06,2.20323e+06,2.20325e+06,2.19485e+06
9,2203740,2.2037e+06,2.20367e+06,2.20367e+06,2.19529e+06
8,2203960,2.20392e+06,2.20389e+06,2.20389e+06,2.19551e+06
5,2204130,2.20414e+06,2.20411e+06,2.20411e+06,2.19573e+06
7,2204360,2.20435e+06,2.20433e+06,2.20433e+06,2.19595e+06
1,2204510,2.20457e+06,2.20455e+06,2.20455e+06,2.19617e+06
6,2204770,2.20479e+06,2.20477e+06,2.20478e+06,2.1964e+06
2,2205030,2.20501e+06,2.20499e+06,2.205e+06,2.19662e+06
4,2205210,2.20522e+06,2.20521e+06,2.20522e+06,2.19684e+06
3,2205430,2.20544e+06,2.20543e+06,2.20544e+06,2.19706e+06
10,2205610,2.20566e+06,2.20565e+06,2.20566e+06,2.19728e+06
9,2205900,2.20588e+06,2.20587e+06,2.20588e+06,2.1975e+06
5,2206130,2.20609e+06,2.20609e+06,2.2061e+06,2.19772e+06
8,2206340,2.20631e+06,2.20631e+06,2.20632e+06,2.19794e+06
1,2206420,2.20653e+06,2.20653e+06,2.20654e+06,2.19817e+06
7,2206710,2.20675e+06,2.20675e+06,2.20676e+06,2.19839e+06
2,2206990,2.20696e+06,2.20697e+06,2.20698e+06,2.19861e+06
6,2207170,2.20718e+06,2.20719e+06,2.2072e+06,2.19883e+06
3,2207370,2.2074e+06,2.20741e+06,2.20742e+06,2.19905e+06
4,2207640,2.20762e+06,2.20763e+06,2.20764e+06,2.19927e+06
10,2207910,2.20783e+06,2.20785e+06,2.20786e+06,2.19949e+06
5,2208310,2.20831e+06,2.20828e+06,2.20828e+06,2.19994e+06
9,2208530,2.20852e+06,2.2085e+06,2.2085e+06,2.20016e+06
1,2208670,2.20874e+06,2.20872e+06,2.20872e+06,2.20038e+06
8,2208940,2.20896e+06,2.20894e+06,2.20894e+06,2.2006e+06
2,2209180,2.20918e+06,2.20916e+06,2.20916e+06,2.20082e+06
7,2209350,2.20939e+06,2.20938e+06,2.20938e+06,2.20104e+06
3,2209640,2.20961e+06,2.2096e+06,2.2096e+06,2.20126e+06
6,2209840,2.20983e+06,2.20982e+06,2.20982e+06,2.20148e+06
4,2210040,2.21004e+06,2.21004e+06,2.21004e+06,2.20171e+06
10,2210310,2.21026e+06,2.21026e+06,2.21026e+06,2.20193e+06
5,2210540,2.21048e+06,2.21048e+06,2.21048e+06,2.20215e+06
1,2210670,2.2107e+06,2.2107e+06,2.2107e+06,2.20237e+06
9,2210890,2.21091e+06,2.21092e+06,2.21092e+06,2.20259e+06
2,2211090,2.21113e+06,2.21114e+06,2.21114e+06,2.20281e+06
8,2211310,2.21135e+06,2.21136e+06,2.21136e+06,2.20303e+06
3,2211510,2.21156e+06,2.21158e+06,2.21158e+06,2.20325e+06
7,2211770,2.21178e+06,2.2118e+06,2.2118e+06,2.20348e+06
4,2211980,2.212e+06,2.21202e+06,2.21202e+06,2.2037e+06
6,2212220,2.21221e+06,2.21224e+06,2.21224e+06,2.20392e+06
10,2212530,2.21243e+06,2.21246e+06,2.21246e+06,2.20414e+06
1,2212950,2.21291e+06,2.21289e+06,2.21288e+06,2.20458e+06
5,2213120,2.21313e+06,2.21311e+06,2.2131e+06,2.2048e+06
9,2213350,2.21335e+06,2.21333e+06,2.21332e+06,2.20502e+06
8,2213560,2.21356e+06,2.21355e+06,2.21354e+06,2.20525e+06
2,2213760,2.21378e+06,2.21377e+06,2.21376e+06,2.20547e+06
7,2213940,2.214e+06,2.21399e+06,2.21398e+06,2.20569e+06
3,2214220,2.21421e+06,2.21421e+06,2.2142e+06,2.20591e+06
6,2214430,2.21443e+06,2.21443e+06,2.21442e+06,2.20613e+06
4,2214620,2.21465e+06,2.21465e+06,2.21464e+06,2.20635e+06
10,2214840,2.21487e+06,2.21487e+06,2.21486e+06,2.20657e+06
1,2215090,2.21508e+06,2.21509e+06,2.21508e+06,2.2068e+06
9,2215320,2.2153e+06,2.21531e+06,2.2153e+06,2.20702e+06
5,2215540,2.21552e+06,2.21553e+06,2.21552e+06,2.20724e+06
2,2215780,2.21573e+06,2.21574e+06,2.21574e+06,2.20746e+06
8,2215950,2.21595e+06,2.21596e+06,2.21596e+06,2.20768e+06
3,2216150,2.21617e+06,2.21618e+06,2.21618e+06,2.2079e+06
7,2216360,2.21639e+06,2.2164e+06,2.2164e+06,2.20812e+06
4,2216580,2.2166e+06,2.21662e+06,2.21662e+06,2.20834e+06
6,2216820,2.21682e+06,2.21684e+06,2.21684e+06,2.20857e+06
10,2217080,2.21704e+06,2.21706e+06,2.21707e+06,2.20879e+06
9,2217580,2.21752e+06,2.2175e+06,2.21749e+06,2.20923e+06
1,2217690,2.21774e+06,2.21772e+06,2.21771e+06,2.20945e+06
5,2217930,2.21795e+06,2.21794e+06,2.21793e+06,2.20967e+06
8,2218190,2.21817e+06,2.21816e+06,2.21815e+06,2.20989e+06
2,2218380,2.21839e+06,2.21838e+06,2.21837e+06,2.21011e+06
7,2218570,2.21861e+06,2.2186e+06,2.21859e+06,2.21034e+06
3,2218820,2.21882e+06,2.21881e+06,2.21881e+06,2.21056e+06
6,2219020,2.21904e+06,2.21903e+06,2.21903e+06,2.21078e+06
4,2219290,2.21926e+06,2.21925e+06,2.21925e+06,2.211e+06
10,2219420,2.21947e+06,2.21947e+06,2.21947e+06,2.21122e+06
9,2219700,2.21969e+06,2.21969e+06,2.21969e+06,2.21144e+06
5,2219960,2.21991e+06,2.21991e+06,2.21991e+06,2.21166e+06
1,2220210,2.22013e+06,2.22013e+06,2.22013e+06,2.21188e+06
2,2220400,2.22034e+06,2.22035e+06,2.22035e+06,2.21211e+06
8,2220530,2.22056e+06,2.22057e+06,2.22058e+06,2.21233e+06
3,2220740,2.22078e+06,2.22079e+06,2.2208e+06,2.21255e+06
7,2220960,2.22099e+06,2.22101e+06,2.22102e+06,2.21277e+06
4,2221180,2.22121e+06,2.22123e+06,2.22124e+06,2.21299e+06
6,2221390,2.22143e+06,2.22145e+06,2.22146e+06,2.21321e+06
10,2221690,2.22164e+06,2.22167e+06,2.22168e+06,2.21343e+06
5,2222140,2.22213e+06,2.22211e+06,2.22211e+06,2.21388e+06
9,2222410,2.22235e+06,2.22233e+06,2.22234e+06,2.2141e+06
2,2222550,2.22257e+06,2.22255e+06,2.22256e+06,2.21432e+06
1,2222790,2.22279e+06,2.22277e+06,2.22278e+06,2.21454e+06
3,2223040,2.22301e+06,2.22299e+06,2.223e+06,2.21476e+06
8,2223200,2.22322e+06,2.22321e+06,2.22322e+06,2.21498e+06
4,2223410,2.22344e+06,2.22343e+06,2.22344e+06,2.2152e+06
7,2223660,2.22366e+06,2.22365e+06,2.22366e+06,2.21542e+06
6,2223900,2.22388e+06,2.22387e+06,2.22388e+06,2.21565e+06
10,2224010,2.22409e+06,2.22409e+06,2.2241e+06,2.21587e+06
5,2224350,2.22431e+06,2.22431e+06,2.22432e+06,2.21609e+06
2,2224510,2.22453e+06,2.22453e+06,2.22454e+06,2.21631e+06
9,2224770,2.22475e+06,2.22475e+06,2.22476e+06,2.21653e+06
3,2224980,2.22497e+06,2.22497e+06,2.22498e+06,2.21675e+06
1,2225230,2.22518e+06,2.22519e+06,2.2252e+06,2.21697e+06
4,2225380,2.2254e+06,2.22541e+06,2.22542e+06,2.2172e+06
8,2225580,2.22562e+06,2.22563e+06,2.22564e+06,2.21742e+06
6,2225810,2.22584e+06,2.22585e+06,2.22586e+06,2.21764e+06
7,2226060,2.22606e+06,2.22606e+06,2.22608e+06,2.21786e+06
10,2226330,2.22627e+06,2.22628e+06,2.2263e+06,2.21808e+06
2,2226720,2.22674e+06,2.22671e+06,2.22671e+06,2.21852e+06
5,2226950,2.22696e+06,2.22693e+06,2.22693e+06,2.21874e+06
3,2227210,2.22718e+06,2.22715e+06,2.22715e+06,2.21897e+06
9,2227470,2.22739e+06,2.22737e+06,2.22737e+06,2.21919e+06
4,2227560,2.22761e+06,2.22759e+06,2.22758e+06,2.21941e+06
1,2227760,2.22782e+06,2.22781e+06,2.2278e+06,2.21963e+06
6,2228070,2.22804e+06,2.22803e+06,2.22802e+06,2.21985e+06
8,2228240,2.22826e+06,2.22825e+06,2.22824e+06,2.22007e+06
7,2228480,2.22847e+06,2.22847e+06,2.22846e+06,2.22029e+06
10,2228700,2.22869e+06,2.22869e+06,2.22868e+06,2.22051e+06
2,2228870,2.2289e+06,2.22891e+06,2.2289e+06,2.22074e+06
3,2229110,2.22912e+06,2.22913e+06,2.22912e+06,2.22096e+06
5,2229290,2.22933e+06,2.22935e+06,2.22934e+06,2.22118e+06
4,2229540,2.22955e+06,2.22956e+06,2.22956e+06,2.2214e+06
9,2229740,2.22977e+06,2.22978e+06,2.22978e+06,2.22162e+06
6,2229990,2.22998e+06,2.23e+06,2.23e+06,2.22184e+06
1,2230140,2.2302e+06,2.23022e+06,2.23022e+06,2.22206e+06
7,2230400,2.23041e+06,2.23044e+06,2.23044e+06,2.22228e+06
8,2230640,2.23063e+06,2.23066e+06,2.23066e+06,2.22251e+06
10,2230950,2.23085e+06,2.23088e+06,2.23088e+06,2.22273e+06
3,2231400,2.23133e+06,2.23131e+06,2.2313e+06,2.22317e+06
2,2231600,2.23155e+06,2.23153e+06,2.23152e+06,2.22339e+06
4,2231770,2.23176e+06,2.23175e+06,2.23174e+06,2.22361e+06
5,2231960,2.23198e+06,2.23197e+06,2.23196e+06,2.22383e+06
6,2232230,2.2322e+06,2.23219e+06,2.23218e+06,2.22405e+06
9,2232430,2.23241e+06,2.23241e+06,2.2324e+06,2.22428e+06
7,2232590,2.23263e+06,2.23262e+06,2.23262e+06,2.2245e+06
1,2232730,2.23284e+06,2.23284e+06,2.23284e+06,2.22472e+06
8,2232990,2.23306e+06,2.23306e+06,2.23306e+06,2.22494e+06
10,2233260,2.23328e+06,2.23328e+06,2.23328e+06,2.22516e+06
3,2233500,2.23349e+06,2.2335e+06,2.2335e+06,2.22538e+06
4,2233750,2.23371e+06,2.23372e+06,2.23372e+06,2.2256e+06
2,2233870,2.23393e+06,2.23394e+06,2.23394e+06,2.22582e+06
6,2234160,2.23414e+06,2.23416e+06,2.23415e+06,2.22605e+06
5,2234440,2.23436e+06,2.23438e+06,2.23437e+06,2.22627e+06
7,2234590,2.23457e+06,2.23459e+06,2.23459e+06,2.22649e+06
9,2234780,2.23479e+06,2.23481e+06,2.23481e+06,2.22671e+06
8,2235020,2.23501e+06,2.23503e+06,2.23503e+06,2.22693e+06
1,2235190,2.23522e+06,2.23525e+06,2.23525e+06,2.22715e+06
10,2235470,2.23544e+06,2.23547e+06,2.23547e+06,2.22737e+06
4,2235890,2.23592e+06,2.2359e+06,2.23589e+06,2.22782e+06
3,2236150,2.23614e+06,2.23612e+06,2.23611e+06,2.22804e+06
6,2236340,2.23636e+06,2.23634e+06,2.23633e+06,2.22826e+06
2,2236610,2.23657e+06,2.23656e+06,2.23655e+06,2.22848e+06
7,2236810,2.23679e+06,2.23678e+06,2.23677e+06,2.2287e+06
5,2237050,2.237e+06,2.237e+06,2.23699e+06,2.22892e+06
8,2237250,2.23722e+06,2.23722e+06,2.23721e+06,2.22914e+06
9,2237500,2.23744e+06,2.23743e+06,2.23743e+06,2.22937e+06
1,2237570,2.23765e+06,2.23765e+06,2.23765e+06,2.22959e+06
10,2237840,2.23787e+06,2.23787e+06,2.23787e+06,2.22981e+06
4,2238050,2.23809e+06,2.23809e+06,2.23809e+06,2.23003e+06
6,2238330,2.2383e+06,2.23831e+06,2.23831e+06,2.23025e+06
3,2238540,2.23852e+06,2.23853e+06,2.23853e+06,2.23047e+06
7,2238740,2.23873e+06,2.23875e+06,2.23875e+06,2.23069e+06
2,2238910,2.23895e+06,2.23897e+06,2.23897e+06,2.23091e+06
8,2239160,2.23917e+06,2.23918e+06,2.23919e+06,2.23114e+06
5,2239350,2.23938e+06,2.2394e+06,2.2394e+06,2.23136e+06
1,2239570,2.2396e+06,2.23962e+06,2.23962e+06,2.23158e+06
9,2239780,2.23981e+06,2.23984e+06,2.23984e+06,2.2318e+06
10,2240130,2.24003e+06,2.24006e+06,2.24006e+06,2.23202e+06
6,2240530,2.24051e+06,2.24049e+06,2.24047e+06,2.23246e+06
4,2240750,2.24073e+06,2.24071e+06,2.24069e+06,2.23268e+06
7,2240940,2.24095e+06,2.24093e+06,2.24091e+06,2.23291e+06
3,2241190,2.24116e+06,2.24115e+06,2.24114e+06,2.23313e+06
8,2241330,2.24138e+06,2.24137e+06,2.24136e+06,2.23335e+06
2,2241650,2.24159e+06,2.24159e+06,2.24158e+06,2.23357e+06
1,2241830,2.24181e+06,2.2418e+06,2.2418e+06,2.23379e+06
5,2241990,2.24203e+06,2.24202e+06,2.24202e+06,2.23401e+06
9,2242240,2.24224e+06,2.24224e+06,2.24224e+06,2.23423e+06
10,2242400,2.24246e+06,2.24246e+06,2.24246e+06,2.23445e+06
6,2242680,2.24268e+06,2.24268e+06,2.24268e+06,2.23468e+06
7,2242910,2.24289e+06,2.2429e+06,2.2429e+06,2.2349e+06
4,2243090,2.24311e+06,2.24312e+06,2.24312e+06,2.23512e+06
8,2243340,2.24332e+06,2.24333e+06,2.24334e+06,2.23534e+06
3,2243530,2.24354e+06,2.24355e+06,2.24356e+06,2.23556e+06
1,2243720,2.24376e+06,2.24377e+06,2.24378e+06,2.23578e+06
2,2243980,2.24397e+06,2.24399e+06,2.244e+06,2.236e+06
9,2244190,2.24419e+06,2.24421e+06,2.24422e+06,2.23622e+06
5,2244390,2.2444e+06,2.24443e+06,2.24444e+06,2.23645e+06
10,2244670,2.24462e+06,2.24465e+06,2.24466e+06,2.23667e+06
7,2245170,2.24512e+06,2.2451e+06,2.2451e+06,2.23711e+06
6,2245360,2.24534e+06,2.24532e+06,2.24532e+06,2.23733e+06
8,2245540,2.24556e+06,2.24554e+06,2.24554e+06,2.23755e+06
4,2245730,2.24577e+06,2.24576e+06,2.24576e+06,2.23777e+06
1,2246040,2.24599e+06,2.24598e+06,2.24598e+06,2.238e+06
3,2246250,2.24621e+06,2.2462e+06,2.2462e+06,2.23822e+06
9,2246460,2.24643e+06,2.24642e+06,2.24643e+06,2.23844e+06
2,2246590,2.24665e+06,2.24664e+06,2.24665e+06,2.23866e+06
5,2246780,2.24687e+06,2.24686e+06,2.24687e+06,2.23888e+06
10,2247060,2.24709e+06,2.24707e+06,2.24709e+06,2.2391e+06
7,2247330,2.24731e+06,2.24729e+06,2.24731e+06,2.23932e+06
8,2247550,2.24752e+06,2.24751e+06,2.24753e+06,2.23954e+06
6,2247770,2.24774e+06,2.24773e+06,2.24775e+06,2.23977e+06
1,2248020,2.24796e+06,2.24795e+06,2.24797e+06,2.23999e+06
4,2248160,2.24818e+06,2.24817e+06,2.2482e+06,2.24021e+06
9,2248390,2.2484e+06,2.24839e+06,2.24842e+06,2.24043e+06
3,2248560,2.24862e+06,2.24861e+06,2.24864e+06,2.24065e+06
5,2248820,2.24884e+06,2.24883e+06,2.24886e+06,2.24087e+06
2,2249050,2.24906e+06,2.24905e+06,2.24908e+06,2.24109e+06
10,2249370,2.24928e+06,2.24927e+06,2.2493e+06,2.24131e+06
8,2249700,2.24975e+06,2.24972e+06,2.24973e+06,2.24176e+06
7,2249930,2.24997e+06,2.24994e+06,2.24995e+06,2.24198e+06
1,2250270,2.25019e+06,2.25016e+06,2.25017e+06,2.2422e+06
6,2250470,2.25041e+06,2.25038e+06,2.25039e+06,2.24242e+06
9,2250670,2.25063e+06,2.2506e+06,2.25061e+06,2.24264e+06
4,2250810,2.25084e+06,2.25082e+06,2.25083e+06,2.24286e+06
5,2251040,2.25106e+06,2.25104e+06,2.25105e+06,2.24308e+06
3,2251280,2.25128e+06,2.25126e+06,2.25127e+06,2.24331e+06
2,2251460,2.2515e+06,2.25148e+06,2.25149e+06,2.24353e+06
10,2251710,2.25172e+06,2.2517e+06,2.25171e+06,2.24375e+06
8,2251930,2.25194e+06,2.25192e+06,2.25194e+06,2.24397e+06
1,2252100,2.25215e+06,2.25214e+06,2.25216e+06,2.24419e+06
7,2252350,2.25237e+06,2.25236e+06,2.25238e+06,2.24441e+06
9,2252590,2.25259e+06,2.25258e+06,2.2526e+06,2.24463e+06
6,2252810,2.25281e+06,2.2528e+06,2.25282e+06,2.24485e+06
5,2253080,2.25303e+06,2.25302e+06,2.25304e+06,2.24508e+06
4,2253260,2.25325e+06,2.25324e+06,2.25326e+06,2.2453e+06
2,2253440,2.25346e+06,2.25346e+06,2.25348e+06,2.24552e+06
3,2253630,2.25368e+06,2.25368e+06,2.2537e+06,2.24574e+06
10,2253970,2.2539e+06,2.2539e+06,2.25392e+06,2.24596e+06
1,2254310,2.25436e+06,2.25433e+06,2.25433e+06,2.2464e+06
8,2254550,2.25457e+06,2.25455e+06,2.25455e+06,2.24663e+06
7,2254780,2.25479e+06,2.25477e+06,2.25477e+06,2.24685e+06
6,2255000,2.25501e+06,2.25499e+06,2.25498e+06,2.24707e+06
9,2255230,2.25522e+06,2.25521e+06,2.2552e+06,2.24729e+06
4,2255370,2.25544e+06,2.25543e+06,2.25542e+06,2.24751e+06
5,2255650,2.25566e+06,2.25565e+06,2.25564e+06,2.24773e+06
3,2255860,2.25587e+06,2.25586e+06,2.25586e+06,2.24795e+06
2,2256130,2.25609e+06,2.25608e+06,2.25608e+06,2.24817e+06
10,2256300,2.25631e+06,2.2563e+06,2.2563e+06,2.2484e+06
1,2256490,2.25652e+06,2.25652e+06,2.25652e+06,2.24862e+06
8,2256710,2.25674e+06,2.25674e+06,2.25674e+06,2.24884e+06
7,2256930,2.25696e+06,2.25696e+06,2.25696e+06,2.24906e+06
9,2257180,2.25718e+06,2.25718e+06,2.25717e+06,2.24928e+06
6,2257380,2.25739e+06,2.2574e+06,2.25739e+06,2.2495e+06
5,2257630,2.25761e+06,2.25762e+06,2.25761e+06,2.24972e+06
4,2257830,2.25783e+06,2.25784e+06,2.25783e+06,2.24994e+06
2,2258020,2.25804e+06,2.25806e+06,2.25805e+06,2.25017e+06
3,2258200,2.25826e+06,2.25828e+06,2.25827e+06,2.25039e+06
10,2258610,2.25848e+06,2.2585e+06,2.25849e+06,2.25061e+06
8,2258890,2.25893e+06,2.25892e+06,2.2589e+06,2.25105e+06
1,2259070,2.25915e+06,2.25914e+06,2.25912e+06,2.25127e+06
7,2259370,2.25937e+06,2.25936e+06,2.25934e+06,2.25149e+06
6,2259590,2.25958e+06,2.25958e+06,2.25956e+06,2.25171e+06
9,2259790,2.2598e+06,2.2598e+06,2.25978e+06,2.25194e+06
4,2259970,2.26002e+06,2.26002e+06,2.26e+06,2.25216e+06
5,2260240,2.26024e+06,2.26024e+06,2.26022e+06,2.25238e+06
3,2260450,2.26045e+06,2.26045e+06,2.26044e+06,2.2526e+06
2,2260700,2.26067e+06,2.26067e+06,2.26066e+06,2.25282e+06
10,2260880,2.26089e+06,2.26089e+06,2.26088e+06,2.25304e+06
8,2261140,2.2611e+06,2.26111e+06,2.2611e+06,2.25326e+06
7,2261240,2.26132e+06,2.26133e+06,2.26132e+06,2.25348e+06
1,2261480,2.26154e+06,2.26155e+06,2.26154e+06,2.25371e+06
9,2261770,2.26176e+06,2.26177e+06,2.26176e+06,2.25393e+06
6,2261990,2.26197e+06,2.26199e+06,2.26198e+06,2.25415e+06
5,2262190,2.26219e+06,2.26221e+06,2.2622e+06,2.25437e+06
4,2262440,2.26241e+06,2.26243e+06,2.26242e+06,2.25459e+06
2,2262650,2.26262e+06,2.26264e+06,2.26264e+06,2.25481e+06
3,2262790,2.26284e+06,2.26286e+06,2.26285e+06,2.25503e+06
10,2263130,2.26306e+06,2.26308e+06,2.26307e+06,2.25525e+06
7,2263530,2.26353e+06,2.26352e+06,2.2635e+06,2.2557e+06
8,2263750,2.26375e+06,2.26374e+06,2.26372e+06,2.25592e+06
9,2263980,2.26396e+06,2.26396e+06,2.26394e+06,2.25614e+06
1,2264090,2.26418e+06,2.26418e+06,2.26416e+06,2.25636e+06
5,2264390,2.2644e+06,2.26439e+06,2.26438e+06,2.25658e+06
6,2264640,2.26462e+06,2.26461e+06,2.2646e+06,2.2568e+06
2,2264850,2.26484e+06,2.26483e+06,2.26482e+06,2.25703e+06
4,2265020,2.26505e+06,2.26505e+06,2.26505e+06,2.25725e+06
3,2265270,2.26527e+06,2.26527e+06,2.26527e+06,2.25747e+06
10,2265520,2.26549e+06,2.26549e+06,2.26549e+06,2.25769e+06
7,2265700,2.26571e+06,2.26571e+06,2.26571e+06,2.25791e+06
9,2265930,2.26593e+06,2.26593e+06,2.26593e+06,2.25813e+06
8,2266170,2.26614e+06,2.26615e+06,2.26615e+06,2.25835e+06
5,2266370,2.26636e+06,2.26636e+06,2.26637e+06,2.25857e+06
1,2266530,2.26658e+06,2.26658e+06,2.26659e+06,2.2588e+06
2,2266760,2.2668e+06,2.2668e+06,2.26681e+06,2.25902e+06
6,2266970,2.26702e+06,2.26702e+06,2.26703e+06,2.25924e+06
3,2267250,2.26723e+06,2.26724e+06,2.26725e+06,2.25946e+06
4,2267450,2.26745e+06,2.26746e+06,2.26747e+06,2.25968e+06
10,2267760,2.26767e+06,2.26768e+06,2.26769e+06,2.2599e+06
9,2268210,2.26815e+06,2.26813e+06,2.26813e+06,2.26034e+06
7,2268400,2.26837e+06,2.26835e+06,2.26835e+06,2.26057e+06
5,2268580,2.26858e+06,2.26856e+06,2.26857e+06,2.26079e+06
8,2268830,2.2688e+06,2.26878e+06,2.26879e+06,2.26101e+06
2,2269030,2.26902e+06,2.269e+06,2.26901e+06,2.26123e+06
1,2269170,2.26924e+06,2.26922e+06,2.26923e+06,2.26145e+06
3,2269430,2.26945e+06,2.26944e+06,2.26945e+06,2.26167e+06
6,2269630,2.26967e+06,2.26966e+06,2.26967e+06,2.26189e+06
4,2269900,2.26989e+06,2.26988e+06,2.26989e+06,2.26211e+06
10,2270080,2.27011e+06,2.2701e+06,2.27011e+06,2.26234e+06
9,2270390,2.27032e+06,2.27032e+06,2.27033e+06,2.26256e+06
5,2270570,2.27054e+06,2.27054e+06,2.27055e+06,2.26278e+06
7,2270800,2.27076e+06,2.27076e+06,2.27077e+06,2.263e+06
2,2270980,2.27098e+06,2.27098e+06,2.27099e+06,2.26322e+06
8,2271190,2.27119e+06,2.2712e+06,2.27121e+06,2.26344e+06
3,2271410,2.27141e+06,2.27141e+06,2.27143e+06,2.26366e+06
1,2271590,2.27163e+06,2.27163e+06,2.27165e+06,2.26388e+06
4,2271780,2.27185e+06,2.27185e+06,2.27187e+06,2.26411e+06
6,2272070,2.27207e+06,2.27207e+06,2.27209e+06,2.26433e+06
10,2272330,2.27228e+06,2.27229e+06,2.27231e+06,2.26455e+06
5,2272730,2.27275e+06,2.27272e+06,2.27272e+06,2.26499e+06
9,2273020,2.27297e+06,2.27294e+06,2.27294e+06,2.26521e+06
2,2273170,2.27318e+06,2.27316e+06,2.27316e+06,2.26543e+06
7,2273420,2.2734e+06,2.27338e+06,2.27338e+06,2.26565e+06
3,2273670,2.27361e+06,2.2736e+06,2.2736e+06,2.26588e+06
8,2273820,2.27383e+06,2.27382e+06,2.27382e+06,2.2661e+06
4,2274030,2.27405e+06,2.27404e+06,2.27403e+06,2.26632e+06
1,2274240,2.27426e+06,2.27426e+06,2.27425e+06,2.26654e+06
6,2274450,2.27448e+06,2.27447e+06,2.27447e+06,2.26676e+06
10,2274680,2.27469e+06,2.27469e+06,2.27469e+06,2.26698e+06
5,2274910,2.27491e+06,2.27491e+06,2.27491e+06,2.2672e+06
2,2275130,2.27512e+06,2.27513e+06,2.27513e+06,2.26743e+06
9,2275380,2.27534e+06,2.27535e+06,2.27535e+06,2.26765e+06
3,2275540,2.27555e+06,2.27557e+06,2.27557e+06,2.26787e+06
7,2275770,2.27577e+06,2.27579e+06,2.27578e+06,2.26809e+06
4,2275950,2.27599e+06,2.27601e+06,2.276e+06,2.26831e+06
8,2276180,2.2762e+06,2.27623e+06,2.27622e+06,2.26853e+06
6,2276420,2.27642e+06,2.27644e+06,2.27644e+06,2.26875e+06
1,2276560,2.27663e+06,2.27666e+06,2.27666e+06,2.26897e+06
10,2276930,2.27685e+06,2.27688e+06,2.27688e+06,2.2692e+06
2,2277340,2.27733e+06,2.27731e+06,2.27728e+06,2.26964e+06
5,2277550,2.27754e+06,2.27752e+06,2.2775e+06,2.26986e+06
3,2277830,2.27776e+06,2.27774e+06,2.27772e+06,2.27008e+06
9,2278060,2.27797e+06,2.27796e+06,2.27794e+06,2.2703e+06
4,2278190,2.27819e+06,2.27818e+06,2.27816e+06,2.27052e+06
7,2278400,2.2784e+06,2.2784e+06,2.27838e+06,2.27074e+06
6,2278610,2.27862e+06,2.27862e+06,2.2786e+06,2.27097e+06
8,2278830,2.27883e+06,2.27883e+06,2.27882e+06,2.27119e+06
1,2278930,2.27905e+06,2.27905e+06,2.27904e+06,2.27141e+06
10,2279240,2.27926e+06,2.27927e+06,2.27926e+06,2.27163e+06
2,2279490,2.27948e+06,2.27949e+06,2.27948e+06,2.27185e+06
3,2279710,2.27969e+06,2.27971e+06,2.2797e+06,2.27207e+06
5,2279880,2.27991e+06,2.27993e+06,2.27992e+06,2.27229e+06
4,2280120,2.28012e+06,2.28014e+06,2.28014e+06,2.27251e+06
9,2280380,2.28033e+06,2.28036e+06,2.28036e+06,2.27274e+06
6,2280550,2.28055e+06,2.28058e+06,2.28058e+06,2.27296e+06
7,2280750,2.28076e+06,2.2808e+06,2.2808e+06,2.27318e+06
1,2280950,2.28098e+06,2.28102e+06,2.28102e+06,2.2734e+06
8,2281140,2.28119e+06,2.28124e+06,2.28124e+06,2.27362e+06
10,2281480,2.28141e+06,2.28145e+06,2.28146e+06,2.27384e+06
3,2281990,2.28192e+06,2.2819e+06,2.28191e+06,2.27428e+06
2,2282200,2.28213e+06,2.28212e+06,2.28213e+06,2.27451e+06
4,2282380,2.28235e+06,2.28234e+06,2.28235e+06,2.27473e+06
5,2282550,2.28257e+06,2.28256e+06,2.28257e+06,2.27495e+06
6,2282840,2.28279e+06,2.28278e+06,2.28279e+06,2.27517e+06
9,2283030,2.283e+06,2.283e+06,2.283e+06,2.27539e+06
1,2283240,2.28322e+06,2.28322e+06,2.28322e+06,2.27561e+06
7,2283430,2.28344e+06,2.28343e+06,2.28344e+06,2.27583e+06
8,2283630,2.28366e+06,2.28365e+06,2.28366e+06,2.27605e+06
10,2283740,2.28387e+06,2.28387e+06,2.28388e+06,2.27628e+06
3,2284090,2.28409e+06,2.28409e+06,2.2841e+06,2.2765e+06
4,2284320,2.28431e+06,2.28431e+06,2.28432e+06,2.27672e+06
2,2284570,2.28453e+06,2.28453e+06,2.28454e+06,2.27694e+06
6,2284730,2.28474e+06,2.28475e+06,2.28476e+06,2.27716e+06
5,2285000,2.28496e+06,2.28496e+06,2.28498e+06,2.27738e+06
1,2285270,2.28518e+06,2.28518e+06,2.2852e+06,2.2776e+06
9,2285400,2.2854e+06,2.2854e+06,2.28542e+06,2.27783e+06
8,2285620,2.28561e+06,2.28562e+06,2.28564e+06,2.27805e+06
7,2285860,2.28583e+06,2.28584e+06,2.28586e+06,2.27827e+06
10,2285960,2.28605e+06,2.28606e+06,2.28608e+06,2.27849e+06
4,2286450,2.28651e+06,2.28649e+06,2.28648e+06,2.27893e+06
3,2286760,2.28673e+06,2.28671e+06,2.2867e+06,2.27915e+06
6,2286930,2.28694e+06,2.28692e+06,2.28692e+06,2.27937e+06
2,2287160,2.28716e+06,2.28714e+06,2.28713e+06,2.2796e+06
1,2287440,2.28737e+06,2.28736e+06,2.28735e+06,2.27982e+06
5,2287610,2.28759e+06,2.28758e+06,2.28757e+06,2.28004e+06
8,2287740,2.28781e+06,2.2878e+06,2.28779e+06,2.28026e+06
9,2288050,2.28802e+06,2.28802e+06,2.28801e+06,2.28048e+06
7,2288220,2.28824e+06,2.28823e+06,2.28823e+06,2.2807e+06
10,2288360,2.28845e+06,2.28845e+06,2.28845e+06,2.28092e+06
4,2288600,2.28867e+06,2.28867e+06,2.28867e+06,2.28114e+06
6,2288830,2.28889e+06,2.28889e+06,2.28889e+06,2.28137e+06
3,2289070,2.2891e+06,2.28911e+06,2.2891e+06,2.28159e+06
1,2289380,2.28932e+06,2.28933e+06,2.28932e+06,2.28181e+06
2,2289570,2.28954e+06,2.28955e+06,2.28954e+06,2.28203e+06
8,2289730,2.28975e+06,2.28976e+06,2.28976e+06,2.28225e+06
5,2289970,2.28997e+06,2.28998e+06,2.28998e+06,2.28247e+06
7,2290180,2.29018e+06,2.2902e+06,2.2902e+06,2.28269e+06
9,2290390,2.2904e+06,2.29042e+06,2.29042e+06,2.28291e+06
10,2290700,2.29062e+06,2.29064e+06,2.29064e+06,2.28314e+06
6,2291100,2.29109e+06,2.29108e+06,2.29107e+06,2.28358e+06
4,2291310,2.29131e+06,2.29129e+06,2.29129e+06,2.2838e+06
1,2291580,2.29153e+06,2.29151e+06,2.29151e+06,2.28402e+06
3,2291760,2.29174e+06,2.29173e+06,2.29173e+06,2.28424e+06
8,2291940,2.29196e+06,2.29195e+06,2.29195e+06,2.28446e+06
2,2292120,2.29218e+06,2.29217e+06,2.29216e+06,2.28468e+06
7,2292350,2.29239e+06,2.29239e+06,2.29238e+06,2.28491e+06
5,2292600,2.29261e+06,2.2926e+06,2.2926e+06,2.28513e+06
9,2292800,2.29283e+06,2.29282e+06,2.29282e+06,2.28535e+06
10,2293060,2.29304e+06,2.29304e+06,2.29304e+06,2.28557e+06
6,2293300,2.29326e+06,2.29326e+06,2.29326e+06,2.28579e+06
1,2293560,2.29348e+06,2.29348e+06,2.29348e+06,2.28601e+06
4,2293700,2.29369e+06,2.2937e+06,2.2937e+06,2.28623e+06
8,2293890,2.29391e+06,2.29391e+06,2.29392e+06,2.28645e+06
3,2294110,2.29413e+06,2.29413e+06,2.29414e+06,2.28668e+06
7,2294310,2.29434e+06,2.29435e+06,2.29436e+06,2.2869e+06
2,2294540,2.29456e+06,2.29457e+06,2.29458e+06,2.28712e+06
9,2294780,2.29478e+06,2.29479e+06,2.2948e+06,2.28734e+06
5,2294960,2.29499e+06,2.29501e+06,2.29502e+06,2.28756e+06
10,2295280,2.29521e+06,2.29523e+06,2.29524e+06,2.28778e+06
1,2295740,2.29569e+06,2.29566e+06,2.29565e+06,2.28823e+06
6,2295960,2.2959e+06,2.29588e+06,2.29587e+06,2.28845e+06
8,2296150,2.29612e+06,2.2961e+06,2.29609e+06,2.28867e+06
4,2296300,2.29634e+06,2.29632e+06,2.29631e+06,2.28889e+06
7,2296570,2.29655e+06,2.29654e+06,2.29653e+06,2.28911e+06
3,2296770,2.29677e+06,2.29676e+06,2.29675e+06,2.28933e+06
9,2297020,2.29699e+06,2.29698e+06,2.29697e+06,2.28955e+06
5,2297120,2.2972e+06,2.29719e+06,2.29719e+06,2.28977e+06
2,2297180,2.29742e+06,2.29741e+06,2.29741e+06,2.29e+06
10,2297620,2.29764e+06,2.29763e+06,2.29763e+06,2.29022e+06
1,2297890,2.29785e+06,2.29785e+06,2.29785e+06,2.29044e+06
8,2298140,2.29807e+06,2.29807e+06,2.29807e+06,2.29066e+06
6,2298310,2.29828e+06,2.29829e+06,2.29829e+06,2.29088e+06
7,2298520,2.2985e+06,2.2985e+06,2.29851e+06,2.2911e+06
4,2298730,2.29872e+06,2.29872e+06,2.29873e+06,2.29132e+06
9,2298980,2.29893e+06,2.29894e+06,2.29895e+06,2.29154e+06
3,2299160,2.29915e+06,2.29916e+06,2.29917e+06,2.29177e+06
5,2299310,2.29937e+06,2.29938e+06,2.29939e+06,2.29199e+06
2,2299590,2.29958e+06,2.2996e+06,2.29961e+06,2.29221e+06
10,2299810,2.2998e+06,2.29982e+06,2.29983e+06,2.29243e+06
8,2300280,2.30028e+06,2.30027e+06,2.30027e+06,2.29287e+06
1,2300520,2.3005e+06,2.30048e+06,2.30049e+06,2.29309e+06
6,2300760,2.30072e+06,2.3007e+06,2.30071e+06,2.29331e+06
4,2300880,2.30093e+06,2.30092e+06,2.30093e+06,2.29354e+06
7,2301100,2.30115e+06,2.30114e+06,2.30115e+06,2.29376e+06
3,2301430,2.30137e+06,2.30136e+06,2.30137e+06,2.29398e+06
9,2301650,2.30159e+06,2.30158e+06,2.30159e+06,2.2942e+06
2,2301740,2.30181e+06,2.3018e+06,2.30181e+06,2.29442e+06
5,2301960,2.30203e+06,2.30202e+06,2.30203e+06,2.29464e+06
10,2302200,2.30225e+06,2.30224e+06,2.30225e+06,2.29486e+06
8,2302490,2.30247e+06,2.30245e+06,2.30247e+06,2.29508e+06
6,2302700,2.30269e+06,2.30267e+06,2.30269e+06,2.29531e+06
1,2302920,2.3029e+06,2.30289e+06,2.30291e+06,2.29553e+06
7,2303060,2.30312e+06,2.30311e+06,2.30313e+06,2.29575e+06
4,2303270,2.30334e+06,2.30333e+06,2.30335e+06,2.29597e+06
9,2303560,2.30356e+06,2.30355e+06,2.30357e+06,2.29619e+06
3,2303800,2.30378e+06,2.30377e+06,2.30379e+06,2.29641e+06
5,2304030,2.304e+06,2.30399e+06,2.30401e+06,2.29663e+06
2,2304260,2.30422e+06,2.30421e+06,2.30423e+06,2.29685e+06
10,2304510,2.30444e+06,2.30442e+06,2.30445e+06,2.29708e+06
6,2304860,2.30489e+06,2.30487e+06,2.30486e+06,2.29752e+06
8,2305150,2.30511e+06,2.30509e+06,2.30508e+06,2.29774e+06
7,2305330,2.30533e+06,2.30531e+06,2.3053e+06,2.29796e+06
1,2305490,2.30555e+06,2.30552e+06,2.30552e+06,2.29818e+06
9,2305790,2.30576e+06,2.30574e+06,2.30574e+06,2.2984e+06
4,2305920,2.30598e+06,2.30596e+06,2.30596e+06,2.29863e+06
5,2306150,2.3062e+06,2.30618e+06,2.30618e+06,2.29885e+06
3,2306400,2.30641e+06,2.3064e+06,2.3064e+06,2.29907e+06
2,2306580,2.30663e+06,2.30662e+06,2.30662e+06,2.29929e+06
10,2306880,2.30685e+06,2.30684e+06,2.30684e+06,2.29951e+06
6,2307110,2.30707e+06,2.30706e+06,2.30706e+06,2.29973e+06
7,2307310,2.30728e+06,2.30728e+06,2.30728e+06,2.29995e+06
8,2307570,2.3075e+06,2.30749e+06,2.3075e+06,2.30017e+06
9,2307730,2.30772e+06,2.30771e+06,2.30772e+06,2.3004e+06
1,2307850,2.30793e+06,2.30793e+06,2.30795e+06,2.30062e+06
5,2308160,2.30815e+06,2.30815e+06,2.30817e+06,2.30084e+06
4,2308340,2.30837e+06,2.30837e+06,2.30839e+06,2.30106e+06
2,2308570,2.30859e+06,2.30859e+06,2.30861e+06,2.30128e+06
3,2308760,2.3088e+06,2.30881e+06,2.30883e+06,2.3015e+06
10,2309090,2.30902e+06,2.30903e+06,2.30905e+06,2.30172e+06
7,2309560,2.30951e+06,2.30949e+06,2.30949e+06,2.30217e+06
6,2309790,2.30973e+06,2.30971e+06,2.30971e+06,2.30239e+06
9,2309920,2.30995e+06,2.30993e+06,2.30993e+06,2.30261e+06
8,2310190,2.31017e+06,2.31015e+06,2.31015e+06,2.30283e+06
5,2310380,2.31038e+06,2.31037e+06,2.31037e+06,2.30305e+06
1,2310640,2.3106e+06,2.31059e+06,2.3106e+06,2.30327e+06
2,2310820,2.31082e+06,2.3108e+06,2.31082e+06,2.30349e+06
4,2311030,2.31104e+06,2.31102e+06,2.31104e+06,2.30371e+06
3,2311240,2.31126e+06,2.31124e+06,2.31126e+06,2.30394e+06
10,2311420,2.31148e+06,2.31146e+06,2.31148e+06,2.30416e+06
7,2311670,2.3117e+06,2.31168e+06,2.3117e+06,2.30438e+06
9,2311900,2.31192e+06,2.3119e+06,2.31192e+06,2.3046e+06
6,2312120,2.31213e+06,2.31212e+06,2.31215e+06,2.30482e+06
5,2312410,2.31235e+06,2.31234e+06,2.31237e+06,2.30504e+06
8,2312580,2.31257e+06,2.31256e+06,2.31259e+06,2.30526e+06
2,2312800,2.31279e+06,2.31278e+06,2.31281e+06,2.30548e+06
1,2312980,2.31301e+06,2.313e+06,2.31303e+06,2.30571e+06
3,2313210,2.31323e+06,2.31322e+06,2.31325e+06,2.30593e+06
4,2313440,2.31345e+06,2.31344e+06,2.31347e+06,2.30615e+06
10,2313740,2.31367e+06,2.31366e+06,2.31369e+06,2.30637e+06
9,2314170,2.31414e+06,2.31411e+06,2.31413e+06,2.30681e+06
7,2314380,2.31436e+06,2.31433e+06,2.31435e+06,2.30703e+06
5,2314530,2.31458e+06,2.31455e+06,2.31457e+06,2.30725e+06
6,2314840,2.3148e+06,2.31477e+06,2.31478e+06,2.30748e+06
2,2315040,2.31501e+06,2.31499e+06,2.315e+06,2.3077e+06
8,2315220,2.31523e+06,2.31521e+06,2.31522e+06,2.30792e+06
3,2315500,2.31545e+06,2.31543e+06,2.31544e+06,2.30814e+06
1,2315660,2.31567e+06,2.31565e+06,2.31566e+06,2.30836e+06
4,2315880,2.31588e+06,2.31587e+06,2.31588e+06,2.30858e+06
10,2316050,2.3161e+06,2.31609e+06,2.3161e+06,2.3088e+06
9,2316340,2.31632e+06,2.31631e+06,2.31632e+06,2.30903e+06
5,2316540,2.31654e+06,2.31653e+06,2.31654e+06,2.30925e+06
7,2316750,2.31675e+06,2.31675e+06,2.31676e+06,2.30947e+06
2,2316970,2.31697e+06,2.31697e+06,2.31698e+06,2.30969e+06
6,2317180,2.31719e+06,2.31719e+06,2.3172e+06,2.30991e+06
3,2317430,2.31741e+06,2.31741e+06,2.31742e+06,2.31013e+06
8,2317610,2.31763e+06,2.31763e+06,2.31764e+06,2.31035e+06
4,2317830,2.31784e+06,2.31785e+06,2.31786e+06,2.31057e+06
1,2317980,2.31806e+06,2.31807e+06,2.31808e+06,2.3108e+06
10,2318350,2.31828e+06,2.31829e+06,2.3183e+06,2.31102e+06
5,2318700,2.31875e+06,2.31871e+06,2.31871e+06,2.31146e+06
9,2319040,2.31897e+06,2.31893e+06,2.31893e+06,2.31168e+06
2,2319190,2.31918e+06,2.31915e+06,2.31915e+06,2.3119e+06
7,2319400,2.31939e+06,2.31937e+06,2.31937e+06,2.31212e+06
3,2319670,2.31961e+06,2.31959e+06,2.31958e+06,2.31234e+06
6,2319880,2.31982e+06,2.31981e+06,2.3198e+06,2.31257e+06
4,2320100,2.32003e+06,2.32003e+06,2.32002e+06,2.31279e+06
1,2320150,2.32025e+06,2.32025e+06,2.32024e+06,2.31301e+06
8,2320250,2.32046e+06,2.32046e+06,2.32046e+06,2.31323e+06
10,2320680,2.32068e+06,2.32068e+06,2.32067e+06,2.31345e+06
5,2320940,2.32089e+06,2.3209e+06,2.32089e+06,2.31367e+06
2,2321130,2.3211e+06,2.32112e+06,2.32111e+06,2.31389e+06
9,2321370,2.32132e+06,2.32134e+06,2.32133e+06,2.31411e+06
3,2321620,2.32153e+06,2.32156e+06,2.32155e+06,2.31434e+06
7,2321770,2.32174e+06,2.32178e+06,2.32176e+06,2.31456e+06
4,2322040,2.32196e+06,2.322e+06,2.32198e+06,2.31478e+06
1,2322070,2.32217e+06,2.32222e+06,2.3222e+06,2.315e+06
6,2322220,2.32239e+06,2.32244e+06,2.32242e+06,2.31522e+06
8,2322560,2.3226e+06,2.32266e+06,2.32264e+06,2.31544e+06
10,2322880,2.32281e+06,2.32288e+06,2.32286e+06,2.31566e+06
2,2323320,2.32331e+06,2.32329e+06,2.32326e+06,2.31611e+06
5,2323570,2.32352e+06,2.3235e+06,2.32348e+06,2.31633e+06
3,2323820,2.32373e+06,2.32372e+06,2.3237e+06,2.31655e+06
9,2324030,2.32395e+06,2.32394e+06,2.32392e+06,2.31677e+06
4,2324230,2.32416e+06,2.32416e+06,2.32414e+06,2.31699e+06
1,2324270,2.32437e+06,2.32438e+06,2.32436e+06,2.31721e+06
7,2324440,2.32459e+06,2.3246e+06,2.32457e+06,2.31743e+06
6,2324780,2.3248e+06,2.32481e+06,2.32479e+06,2.31765e+06
8,2325020,2.32502e+06,2.32503e+06,2.32501e+06,2.31788e+06
10,2325130,2.32523e+06,2.32525e+06,2.32523e+06,2.3181e+06
2,2325530,2.32544e+06,2.32547e+06,2.32545e+06,2.31832e+06
3,2325710,2.32566e+06,2.32569e+06,2.32567e+06,2.31854e+06
5,2325870,2.32587e+06,2.3259e+06,2.32589e+06,2.31876e+06
4,2326180,2.32608e+06,2.32612e+06,2.32611e+06,2.31898e+06
1,2326330,2.3263e+06,2.32634e+06,2.32632e+06,2.3192e+06
9,2326330,2.32651e+06,2.32656e+06,2.32654e+06,2.31943e+06
7,2326710,2.32672e+06,2.32678e+06,2.32676e+06,2.31965e+06
8,2326980,2.32694e+06,2.327e+06,2.32698e+06,2.31987e+06
6,2327190,2.32715e+06,2.32721e+06,2.3272e+06,2.32009e+06
10,2327360,2.32737e+06,2.32743e+06,2.32742e+06,2.32031e+06
3,2327930,2.32787e+06,2.32786e+06,2.32785e+06,2.32075e+06
2,2328200,2.32808e+06,2.32808e+06,2.32807e+06,2.32097e+06
4,2328370,2.3283e+06,2.3283e+06,2.32829e+06,2.3212e+06
1,2328500,2.32852e+06,2.32852e+06,2.32851e+06,2.32142e+06
5,2328590,2.32873e+06,2.32874e+06,2.32873e+06,2.32164e+06
9,2328840,2.32895e+06,2.32895e+06,2.32895e+06,2.32186e+06
8,2329110,2.32917e+06,2.32917e+06,2.32916e+06,2.32208e+06
7,2329420,2.32938e+06,2.32939e+06,2.32938e+06,2.3223e+06
6,2329660,2.3296e+06,2.32961e+06,2.3296e+06,2.32252e+06
10,2329700,2.32982e+06,2.32983e+06,2.32982e+06,2.32274e+06
3,2330130,2.33004e+06,2.33004e+06,2.33004e+06,2.32297e+06
4,2330310,2.33025e+06,2.33026e+06,2.33026e+06,2.32319e+06
1,2330510,2.33047e+06,2.33048e+06,2.33048e+06,2.32341e+06
2,2330590,2.33069e+06,2.3307e+06,2.3307e+06,2.32363e+06
5,2330970,2.3309e+06,2.33092e+06,2.33092e+06,2.32385e+06
8,2331110,2.33112e+06,2.33113e+06,2.33114e+06,2.32407e+06
9,2331300,2.33134e+06,2.33135e+06,2.33135e+06,2.32429e+06
6,2331590,2.33155e+06,2.33157e+06,2.33157e+06,2.32451e+06
7,2331790,2.33177e+06,2.33179e+06,2.33179e+06,2.32474e+06
10,2332000,2.33199e+06,2.33201e+06,2.33201e+06,2.32496e+06
4,2332410,2.33245e+06,2.33244e+06,2.33241e+06,2.3254e+06
3,2332690,2.33267e+06,2.33266e+06,2.33263e+06,2.32562e+06
1,2332870,2.33288e+06,2.33287e+06,2.33285e+06,2.32584e+06
2,2333050,2.3331e+06,2.33309e+06,2.33307e+06,2.32606e+06
8,2333290,2.33332e+06,2.33331e+06,2.33329e+06,2.32628e+06
5,2333540,2.33354e+06,2.33353e+06,2.33351e+06,2.32651e+06
6,2333700,2.33375e+06,2.33375e+06,2.33373e+06,2.32673e+06
9,2334000,2.33397e+06,2.33396e+06,2.33395e+06,2.32695e+06
7,2334210,2.33419e+06,2.33418e+06,2.33417e+06,2.32717e+06
10,2334420,2.3344e+06,2.3344e+06,2.33439e+06,2.32739e+06
4,2334600,2.33462e+06,2.33462e+06,2.33461e+06,2.32761e+06
1,2334790,2.33484e+06,2.33484e+06,2.33483e+06,2.32783e+06
3,2334990,2.33505e+06,2.33505e+06,2.33506e+06,2.32805e+06
8,2335240,2.33527e+06,2.33527e+06,2.33528e+06,2.32828e+06
2,2335470,2.33549e+06,2.33549e+06,2.3355e+06,2.3285e+06
6,2335730,2.3357e+06,2.33571e+06,2.33572e+06,2.32872e+06
5,2335920,2.33592e+06,2.33593e+06,2.33594e+06,2.32894e+06
7,2336140,2.33614e+06,2.33614e+06,2.33616e+06,2.32916e+06
9,2336370,2.33635e+06,2.33636e+06,2.33638e+06,2.32938e+06
10,2336660,2.33657e+06,2.33658e+06,2.3366e+06,2.3296e+06
1,2337080,2.33707e+06,2.33705e+06,2.33705e+06,2.33005e+06
4,2337300,2.33729e+06,2.33726e+06,2.33727e+06,2.33027e+06
3,2337540,2.33751e+06,2.33748e+06,2.33749e+06,2.33049e+06
2,2337820,2.33772e+06,2.3377e+06,2.33771e+06,2.33071e+06
8,2337930,2.33794e+06,2.33792e+06,2.33793e+06,2.33093e+06
5,2338150,2.33816e+06,2.33814e+06,2.33815e+06,2.33115e+06
6,2338410,2.33838e+06,2.33836e+06,2.33837e+06,2.33137e+06
9,2338610,2.3386e+06,2.33858e+06,2.3386e+06,2.3316e+06
7,2338750,2.33882e+06,2.3388e+06,2.33882e+06,2.33182e+06
10,2339010,2.33904e+06,2.33902e+06,2.33904e+06,2.33204e+06
1,2339210,2.33925e+06,2.33923e+06,2.33926e+06,2.33226e+06
3,2339500,2.33947e+06,2.33945e+06,2.33948e+06,2.33248e+06
4,2339670,2.33969e+06,2.33967e+06,2.3397e+06,2.3327e+06
8,2339920,2.33991e+06,2.33989e+06,2.33993e+06,2.33292e+06
2,2340150,2.34013e+06,2.34011e+06,2.34015e+06,2.33314e+06
6,2340340,2.34035e+06,2.34033e+06,2.34037e+06,2.33337e+06
5,2340580,2.34057e+06,2.34055e+06,2.34059e+06,2.33359e+06
7,2340780,2.34078e+06,2.34077e+06,2.34081e+06,2.33381e+06
9,2340960,2.341e+06,2.34098e+06,2.34103e+06,2.33403e+06
10,2341290,2.34122e+06,2.3412e+06,2.34125e+06,2.33425e+06
3,2341730,2.3417e+06,2.34167e+06,2.34168e+06,2.33469e+06
1,2341940,2.34192e+06,2.34189e+06,2.3419e+06,2.33491e+06
4,2342090,2.34214e+06,2.34211e+06,2.34212e+06,2.33514e+06
2,2342330,2.34236e+06,2.34233e+06,2.34234e+06,2.33536e+06
8,2342560,2.34258e+06,2.34255e+06,2.34256e+06,2.33558e+06
5,2342810,2.34279e+06,2.34277e+06,2.34278e+06,2.3358e+06
6,2343050,2.34301e+06,2.34299e+06,2.343e+06,2.33602e+06
9,2343260,2.34323e+06,2.3432e+06,2.34322e+06,2.33624e+06
7,2343450,2.34345e+06,2.34342e+06,2.34344e+06,2.33646e+06
10,2343650,2.34367e+06,2.34364e+06,2.34367e+06,2.33668e+06
3,2343860,2.34389e+06,2.34386e+06,2.34389e+06,2.33691e+06
4,2344120,2.3441e+06,2.34408e+06,2.34411e+06,2.33713e+06
1,2344320,2.34432e+06,2.3443e+06,2.34433e+06,2.33735e+06
8,2344520,2.34454e+06,2.34452e+06,2.34455e+06,2.33757e+06
2,2344740,2.34476e+06,2.34474e+06,2.34477e+06,2.33779e+06
6,2344960,2.34498e+06,2.34496e+06,2.34499e+06,2.33801e+06
5,2345170,2.3452e+06,2.34518e+06,2.34521e+06,2.33823e+06
7,2345410,2.34541e+06,2.3454e+06,2.34543e+06,2.33846e+06
9,2345620,2.34563e+06,2.34562e+06,2.34565e+06,2.33868e+06
10,2345930,2.34585e+06,2.34584e+06,2.34587e+06,2.3389e+06
4,2346330,2.34633e+06,2.34629e+06,2.34629e+06,2.33934e+06
3,2346560,2.34654e+06,2.34651e+06,2.34651e+06,2.33956e+06
8,2346810,2.34676e+06,2.34673e+06,2.34674e+06,2.33978e+06
1,2346940,2.34698e+06,2.34695e+06,2.34696e+06,2.34e+06
6,2347120,2.3472e+06,2.34717e+06,2.34718e+06,2.34023e+06
2,2347430,2.34741e+06,2.34739e+06,2.3474e+06,2.34045e+06
7,2347610,2.34763e+06,2.34761e+06,2.34762e+06,2.34067e+06
5,2347820,2.34785e+06,2.34783e+06,2.34784e+06,2.34089e+06
9,2348080,2.34807e+06,2.34805e+06,2.34806e+06,2.34111e+06
10,2348280,2.34828e+06,2.34827e+06,2.34828e+06,2.34133e+06
4,2348470,2.3485e+06,2.34849e+06,2.3485e+06,2.34155e+06
8,2348770,2.34872e+06,2.34871e+06,2.34872e+06,2.34177e+06
3,2348990,2.34893e+06,2.34893e+06,2.34894e+06,2.342e+06
6,2349160,2.34915e+06,2.34915e+06,2.34916e+06,2.34222e+06
1,2349320,2.34937e+06,2.34937e+06,2.34938e+06,2.34244e+06
7,2349590,2.34959e+06,2.34959e+06,2.3496e+06,2.34266e+06
2,2349820,2.3498e+06,2.34981e+06,2.34982e+06,2.34288e+06
9,2350020,2.35002e+06,2.35003e+06,2.35004e+06,2.3431e+06
5,2350190,2.35024e+06,2.35025e+06,2.35026e+06,2.34332e+06
10,2350480,2.35046e+06,2.35047e+06,2.35048e+06,2.34354e+06
8,2350950,2.35094e+06,2.35091e+06,2.35091e+06,2.34399e+06
4,2351110,2.35115e+06,2.35113e+06,2.35113e+06,2.34421e+06
6,2351400,2.35137e+06,2.35135e+06,2.35135e+06,2.34443e+06
3,2351650,2.35159e+06,2.35157e+06,2.35157e+06,2.34465e+06
7,2351840,2.35181e+06,2.35179e+06,2.35179e+06,2.34487e+06
1,2351960,2.35203e+06,2.35201e+06,2.35201e+06,2.34509e+06
9,2352250,2.35224e+06,2.35223e+06,2.35223e+06,2.34531e+06
2,2352490,2.35246e+06,2.35245e+06,2.35245e+06,2.34554e+06
5,2352600,2.35268e+06,2.35267e+06,2.35267e+06,2.34576e+06
10,2352850,2.3529e+06,2.35289e+06,2.35289e+06,2.34598e+06
8,2353130,2.35311e+06,2.35311e+06,2.35312e+06,2.3462e+06
6,2353330,2.35333e+06,2.35333e+06,2.35334e+06,2.34642e+06
4,2353540,2.35355e+06,2.35355e+06,2.35356e+06,2.34664e+06
7,2353780,2.35377e+06,2.35377e+06,2.35378e+06,2.34686e+06
3,2354010,2.35399e+06,2.35399e+06,2.354e+06,2.34708e+06
9,2354200,2.3542e+06,2.35421e+06,2.35422e+06,2.34731e+06
1,2354340,2.35442e+06,2.35443e+06,2.35444e+06,2.34753e+06
5,2354620,2.35464e+06,2.35465e+06,2.35466e+06,2.34775e+06
2,2354930,2.35486e+06,2.35487e+06,2.35488e+06,2.34797e+06
10,2355120,2.35508e+06,2.35509e+06,2.3551e+06,2.34819e+06
6,2355570,2.35555e+06,2.35552e+06,2.35552e+06,2.34863e+06
8,2355790,2.35576e+06,2.35574e+06,2.35574e+06,2.34886e+06
7,2355980,2.35598e+06,2.35596e+06,2.35596e+06,2.34908e+06
4,2356160,2.3562e+06,2.35618e+06,2.35618e+06,2.3493e+06
9,2356430,2.35642e+06,2.3564e+06,2.3564e+06,2.34952e+06
3,2356650,2.35663e+06,2.35662e+06,2.35662e+06,2.34974e+06
5,2356800,2.35685e+06,2.35684e+06,2.35684e+06,2.34996e+06
1,2357040,2.35707e+06,2.35706e+06,2.35706e+06,2.35018e+06
2,2357240,2.35728e+06,2.35728e+06,2.35728e+06,2.3504e+06
10,2357470,2.3575e+06,2.3575e+06,2.3575e+06,2.35063e+06
6,2357710,2.35772e+06,2.35772e+06,2.35772e+06,2.35085e+06
7,2357930,2.35793e+06,2.35794e+06,2.35794e+06,2.35107e+06
8,2358190,2.35815e+06,2.35816e+06,2.35816e+06,2.35129e+06
9,2358380,2.35837e+06,2.35838e+06,2.35838e+06,2.35151e+06
4,2358540,2.35859e+06,2.3586e+06,2.3586e+06,2.35173e+06
5,2358820,2.3588e+06,2.35882e+06,2.35882e+06,2.35195e+06
3,2359010,2.35902e+06,2.35904e+06,2.35904e+06,2.35217e+06
2,2359270,2.35924e+06,2.35926e+06,2.35926e+06,2.3524e+06
1,2359470,2.35945e+06,2.35948e+06,2.35948e+06,2.35262e+06
10,2359680,2.35967e+06,2.3597e+06,2.3597e+06,2.35284e+06
7,2360160,2.36015e+06,2.36013e+06,2.36013e+06,2.35328e+06
6,2360410,2.36037e+06,2.36035e+06,2.36035e+06,2.3535e+06
9,2360570,2.36059e+06,2.36057e+06,2.36057e+06,2.35372e+06
8,2360820,2.3608e+06,2.36079e+06,2.36079e+06,2.35394e+06
5,2361010,2.36102e+06,2.36101e+06,2.36101e+06,2.35417e+06
4,2361260,2.36124e+06,2.36123e+06,2.36123e+06,2.35439e+06
2,2361490,2.36146e+06,2.36145e+06,2.36145e+06,2.35461e+06
3,2361650,2.36167e+06,2.36167e+06,2.36167e+06,2.35483e+06
1,2361920,2.36189e+06,2.36189e+06,2.36189e+06,2.35505e+06
10,2362080,2.36211e+06,2.36211e+06,2.36211e+06,2.35527e+06
7,2362280,2.36233e+06,2.36233e+06,2.36233e+06,2.35549e+06
9,2362550,2.36254e+06,2.36255e+06,2.36255e+06,2.35571e+06
6,2362720,2.36276e+06,2.36277e+06,2.36277e+06,2.35594e+06
5,2362970,2.36298e+06,2.36299e+06,2.36299e+06,2.35616e+06
8,2363180,2.36319e+06,2.36321e+06,2.36321e+06,2.35638e+06
2,2363440,2.36341e+06,2.36343e+06,2.36343e+06,2.3566e+06
4,2363620,2.36363e+06,2.36365e+06,2.36365e+06,2.35682e+06
1,2363810,2.36385e+06,2.36387e+06,2.36387e+06,2.35704e+06
3,2364020,2.36406e+06,2.36409e+06,2.36409e+06,2.35726e+06
10,2364400,2.36428e+06,2.3643e+06,2.36431e+06,2.35748e+06
9,2364820,2.36476e+06,2.36473e+06,2.36472e+06,2.35793e+06
7,2365030,2.36497e+06,2.36495e+06,2.36494e+06,2.35815e+06
5,2365150,2.36519e+06,2.36517e+06,2.36516e+06,2.35837e+06
6,2365470,2.36541e+06,2.36539e+06,2.36538e+06,2.35859e+06
2,2365650,2.36562e+06,2.36561e+06,2.3656e+06,2.35881e+06
8,2365840,2.36584e+06,2.36583e+06,2.36582e+06,2.35903e+06
1,2365900,2.36606e+06,2.36605e+06,2.36604e+06,2.35926e+06
4,2366180,2.36627e+06,2.36627e+06,2.36626e+06,2.35948e+06
3,2366430,2.36649e+06,2.36649e+06,2.36648e+06,2.3597e+06
10,2366680,2.3667e+06,2.36671e+06,2.3667e+06,2.35992e+06
9,2366990,2.36692e+06,2.36693e+06,2.36692e+06,2.36014e+06
5,2367150,2.36714e+06,2.36715e+06,2.36714e+06,2.36036e+06
7,2367390,2.36735e+06,2.36737e+06,2.36736e+06,2.36058e+06
2,2367650,2.36757e+06,2.36758e+06,2.36758e+06,2.3608e+06
6,2367820,2.36778e+06,2.3678e+06,2.3678e+06,2.36103e+06
1,2367970,2.368e+06,2.36802e+06,2.36802e+06,2.36125e+06
8,2368150,2.36822e+06,2.36824e+06,2.36824e+06,2.36147e+06
3,2368390,2.36843e+06,2.36846e+06,2.36846e+06,2.36169e+06
4,2368630,2.36865e+06,2.36868e+06,2.36868e+06,2.36191e+06
10,2368940,2.36887e+06,2.3689e+06,2.3689e+06,2.36213e+06
5,2369360,2.36935e+06,2.36933e+06,2.36932e+06,2.36257e+06
9,2369610,2.36957e+06,2.36955e+06,2.36954e+06,2.3628e+06
2,2369770,2.36979e+06,2.36977e+06,2.36976e+06,2.36302e+06
7,2370030,2.37e+06,2.36999e+06,2.36998e+06,2.36324e+06
1,2370240,2.37022e+06,2.37021e+06,2.3702e+06,2.36346e+06
6,2370480,2.37043e+06,2.37043e+06,2.37042e+06,2.36368e+06
3,2370700,2.37065e+06,2.37065e+06,2.37064e+06,2.3639e+06
8,2370820,2.37087e+06,2.37087e+06,2.37086e+06,2.36412e+06
4,2370990,2.37108e+06,2.37108e+06,2.37108e+06,2.36434e+06
10,2371290,2.3713e+06,2.3713e+06,2.3713e+06,2.36457e+06
5,2371550,2.37152e+06,2.37152e+06,2.37152e+06,2.36479e+06
2,2371760,2.37173e+06,2.37174e+06,2.37174e+06,2.36501e+06
9,2371950,2.37195e+06,2.37196e+06,2.37196e+06,2.36523e+06
1,2372170,2.37216e+06,2.37218e+06,2.37218e+06,2.36545e+06
7,2372380,2.37238e+06,2.3724e+06,2.3724e+06,2.36567e+06
3,2372590,2.3726e+06,2.37262e+06,2.37262e+06,2.36589e+06
6,2372830,2.37281e+06,2.37284e+06,2.37284e+06,2.36611e+06
4,2372940,2.37303e+06,2.37305e+06,2.37306e+06,2.36634e+06
8,2373190,2.37324e+06,2.37327e+06,2.37328e+06,2.36656e+06
10,2373560,2.37346e+06,2.37349e+06,2.3735e+06,2.36678e+06
2,2373950,2.37394e+06,2.37393e+06,2.37391e+06,2.36722e+06
5,2374130,2.37416e+06,2.37415e+06,2.37413e+06,2.36744e+06
1,2374410,2.37438e+06,2.37436e+06,2.37435e+06,2.36766e+06
9,2374630,2.37459e+06,2.37458e+06,2.37457e+06,2.36788e+06
3,2374800,2.37481e+06,2.3748e+06,2.37479e+06,2.36811e+06
7,2375070,2.37503e+06,2.37502e+06,2.37501e+06,2.36833e+06
4,2375160,2.37524e+06,2.37524e+06,2.37523e+06,2.36855e+06
6,2375410,2.37546e+06,2.37546e+06,2.37545e+06,2.36877e+06
8,2375670,2.37568e+06,2.37568e+06,2.37567e+06,2.36899e+06
10,2375890,2.3759e+06,2.3759e+06,2.37589e+06,2.36921e+06
2,2376140,2.37611e+06,2.37611e+06,2.37611e+06,2.36943e+06
1,2376320,2.37633e+06,2.37633e+06,2.37633e+06,2.36966e+06
5,2376560,2.37655e+06,2.37655e+06,2.37655e+06,2.36988e+06
3,2376770,2.37676e+06,2.37677e+06,2.37677e+06,2.3701e+06
9,2376980,2.37698e+06,2.37699e+06,2.37699e+06,2.37032e+06
4,2377130,2.3772e+06,2.37721e+06,2.37721e+06,2.37054e+06
7,2377430,2.37741e+06,2.37743e+06,2.37744e+06,2.37076e+06
8,2377640,2.37763e+06,2.37765e+06,2.37766e+06,2.37098e+06
6,2377830,2.37785e+06,2.37787e+06,2.37788e+06,2.3712e+06
10,2378140,2.37807e+06,2.37808e+06,2.3781e+06,2.37143e+06
1,2378590,2.37856e+06,2.37854e+06,2.37853e+06,2.37187e+06
2,2378780,2.37877e+06,2.37876e+06,2.37875e+06,2.37209e+06
3,2379010,2.37899e+06,2.37898e+06,2.37897e+06,2.37231e+06
5,2379250,2.37921e+06,2.37919e+06,2.37919e+06,2.37253e+06
4,2379470,2.37943e+06,2.37941e+06,2.37941e+06,2.37275e+06
9,2379600,2.37965e+06,2.37963e+06,2.37964e+06,2.37297e+06
8,2379830,2.37987e+06,2.37985e+06,2.37986e+06,2.3732e+06
7,2380090,2.38008e+06,2.38007e+06,2.38008e+06,2.37342e+06
6,2380320,2.3803e+06,2.38029e+06,2.3803e+06,2.37364e+06
10,2380510,2.38052e+06,2.38051e+06,2.38052e+06,2.37386e+06
1,2380750,2.38074e+06,2.38073e+06,2.38074e+06,2.37408e+06
3,2380970,2.38096e+06,2.38095e+06,2.38096e+06,2.3743e+06
2,2381190,2.38117e+06,2.38117e+06,2.38119e+06,2.37452e+06
4,2381330,2.38139e+06,2.38139e+06,2.38141e+06,2.37474e+06
5,2381580,2.38161e+06,2.38161e+06,2.38163e+06,2.37497e+06
8,2381780,2.38183e+06,2.38182e+06,2.38185e+06,2.37519e+06
9,2382020,2.38205e+06,2.38204e+06,2.38207e+06,2.37541e+06
6,2382260,2.38227e+06,2.38226e+06,2.38229e+06,2.37563e+06
7,2382510,2.38248e+06,2.38248e+06,2.38251e+06,2.37585e+06
10,2382800,2.3827e+06,2.3827e+06,2.38274e+06,2.37607e+06
3,2383250,2.38319e+06,2.38316e+06,2.38317e+06,2.37651e+06
1,2383470,2.38341e+06,2.38338e+06,2.38339e+06,2.37674e+06
2,2383640,2.38363e+06,2.3836e+06,2.38362e+06,2.37696e+06
5,2383850,2.38385e+06,2.38382e+06,2.38384e+06,2.37718e+06
4,2384070,2.38407e+06,2.38404e+06,2.38406e+06,2.3774e+06
9,2384270,2.38429e+06,2.38426e+06,2.38428e+06,2.37762e+06
8,2384470,2.3845e+06,2.38448e+06,2.3845e+06,2.37784e+06
7,2384700,2.38472e+06,2.3847e+06,2.38472e+06,2.37806e+06
6,2384970,2.38494e+06,2.38492e+06,2.38494e+06,2.37828e+06
10,2385120,2.38516e+06,2.38514e+06,2.38516e+06,2.37851e+06
3,2385390,2.38538e+06,2.38536e+06,2.38538e+06,2.37873e+06
2,2385580,2.3856e+06,2.38558e+06,2.3856e+06,2.37895e+06
1,2385850,2.38582e+06,2.3858e+06,2.38582e+06,2.37917e+06
4,2386020,2.38603e+06,2.38602e+06,2.38604e+06,2.37939e+06
5,2386260,2.38625e+06,2.38624e+06,2.38627e+06,2.37961e+06
8,2386430,2.38647e+06,2.38646e+06,2.38649e+06,2.37983e+06
9,2386650,2.38669e+06,2.38668e+06,2.38671e+06,2.38006e+06
6,2386900,2.38691e+06,2.3869e+06,2.38693e+06,2.38028e+06
7,2387120,2.38713e+06,2.38712e+06,2.38715e+06,2.3805e+06
10,2387430,2.38734e+06,2.38734e+06,2.38737e+06,2.38072e+06
2,2387770,2.38781e+06,2.38778e+06,2.38778e+06,2.38116e+06
3,2388000,2.38803e+06,2.388e+06,2.388e+06,2.38138e+06
4,2388250,2.38825e+06,2.38822e+06,2.38822e+06,2.3816e+06
1,2388460,2.38846e+06,2.38844e+06,2.38844e+06,2.38183e+06
8,2388680,2.38868e+06,2.38866e+06,2.38866e+06,2.38205e+06
5,2388900,2.3889e+06,2.38888e+06,2.38888e+06,2.38227e+06
6,2389070,2.38912e+06,2.3891e+06,2.3891e+06,2.38249e+06
9,2389370,2.38934e+06,2.38932e+06,2.38932e+06,2.38271e+06
7,2389570,2.38955e+06,2.38954e+06,2.38954e+06,2.38293e+06
10,2389780,2.38977e+06,2.38976e+06,2.38976e+06,2.38315e+06
2,2389980,2.38999e+06,2.38998e+06,2.38998e+06,2.38337e+06
4,2390170,2.39021e+06,2.3902e+06,2.3902e+06,2.3836e+06
3,2390450,2.39042e+06,2.39042e+06,2.39043e+06,2.38382e+06
8,2390610,2.39064e+06,2.39064e+06,2.39065e+06,2.38404e+06
1,2390760,2.39086e+06,2.39086e+06,2.39087e+06,2.38426e+06
6,2391060,2.39108e+06,2.39108e+06,2.39109e+06,2.38448e+06
5,2391290,2.3913e+06,2.3913e+06,2.39131e+06,2.3847e+06
7,2391540,2.39151e+06,2.39152e+06,2.39153e+06,2.38492e+06
9,2391720,2.39173e+06,2.39174e+06,2.39175e+06,2.38514e+06
10,2392060,2.39195e+06,2.39196e+06,2.39197e+06,2.38537e+06
4,2392480,2.39243e+06,2.3924e+06,2.39238e+06,2.38581e+06
2,2392640,2.39264e+06,2.39262e+06,2.39261e+06,2.38603e+06
8,2392870,2.39286e+06,2.39284e+06,2.39283e+06,2.38625e+06
3,2393120,2.39308e+06,2.39306e+06,2.39305e+06,2.38647e+06
6,2393330,2.3933e+06,2.39328e+06,2.39327e+06,2.38669e+06
1,2393370,2.39351e+06,2.3935e+06,2.39349e+06,2.38691e+06
7,2393700,2.39373e+06,2.39372e+06,2.39371e+06,2.38714e+06
5,2393890,2.39395e+06,2.39394e+06,2.39394e+06,2.38736e+06
9,2394170,2.39416e+06,2.39416e+06,2.39416e+06,2.38758e+06
10,2394390,2.39438e+06,2.39438e+06,2.39438e+06,2.3878e+06
4,2394610,2.3946e+06,2.3946e+06,2.3946e+06,2.38802e+06
8,2394850,2.39482e+06,2.39482e+06,2.39482e+06,2.38824e+06
2,2395050,2.39503e+06,2.39504e+06,2.39504e+06,2.38846e+06
6,2395250,2.39525e+06,2.39526e+06,2.39526e+06,2.38868e+06
3,2395510,2.39547e+06,2.39548e+06,2.39549e+06,2.38891e+06
7,2395690,2.39568e+06,2.3957e+06,2.39571e+06,2.38913e+06
1,2395770,2.3959e+06,2.39592e+06,2.39593e+06,2.38935e+06
9,2396140,2.39612e+06,2.39614e+06,2.39615e+06,2.38957e+06
5,2396360,2.39634e+06,2.39636e+06,2.39637e+06,2.38979e+06
10,2396590,2.39655e+06,2.39658e+06,2.39659e+06,2.39001e+06
8,2397050,2.39705e+06,2.39703e+06,2.39704e+06,2.39046e+06
4,2397250,2.39727e+06,2.39726e+06,2.39726e+06,2.39068e+06
6,2397490,2.39749e+06,2.39748e+06,2.39748e+06,2.3909e+06
2,2397800,2.39771e+06,2.3977e+06,2.3977e+06,2.39112e+06
7,2397980,2.39793e+06,2.39792e+06,2.39792e+06,2.39134e+06
3,2398190,2.39815e+06,2.39814e+06,2.39815e+06,2.39156e+06
9,2398400,2.39837e+06,2.39836e+06,2.39837e+06,2.39178e+06
1,2398480,2.39859e+06,2.39858e+06,2.39859e+06,2.392e+06
5,2398720,2.39881e+06,2.3988e+06,2.39881e+06,2.39223e+06
10,2398960,2.39903e+06,2.39902e+06,2.39903e+06,2.39245e+06
8,2399250,2.39925e+06,2.39924e+06,2.39925e+06,2.39267e+06
6,2399430,2.39947e+06,2.39946e+06,2.39948e+06,2.39289e+06
4,2399660,2.39969e+06,2.39968e+06,2.3997e+06,2.39311e+06
7,2399940,2.39991e+06,2.3999e+06,2.39992e+06,2.39333e+06
2,2400220,2.40013e+06,2.40012e+06,2.40014e+06,2.39355e+06
9,2400400,2.40035e+06,2.40034e+06,2.40036e+06,2.39377e+06
3,2400570,2.40057e+06,2.40056e+06,2.40058e+06,2.394e+06
5,2400800,2.40079e+06,2.40078e+06,2.40081e+06,2.39422e+06
1,2401040,2.40101e+06,2.401e+06,2.40103e+06,2.39444e+06
10,2401230,2.40123e+06,2.40122e+06,2.40125e+06,2.39466e+06
6,2401650,2.4017e+06,2.40167e+06,2.40167e+06,2.3951e+06
8,2401900,2.40191e+06,2.40189e+06,2.40189e+06,2.39532e+06
7,2402130,2.40213e+06,2.40211e+06,2.40211e+06,2.39554e+06
4,2402320,2.40235e+06,2.40233e+06,2.40233e+06,2.39577e+06
9,2402600,2.40257e+06,2.40255e+06,2.40255e+06,2.39599e+06
2,2402820,2.40279e+06,2.40277e+06,2.40277e+06,2.39621e+06
5,2403010,2.40301e+06,2.40299e+06,2.40299e+06,2.39643e+06
3,2403240,2.40323e+06,2.40321e+06,2.40322e+06,2.39665e+06
1,2403500,2.40345e+06,2.40343e+06,2.40344e+06,2.39687e+06
10,2403600,2.40366e+06,2.40365e+06,2.40366e+06,2.39709e+06
6,2403860,2.40388e+06,2.40387e+06,2.40388e+06,2.39731e+06
7,2404070,2.4041e+06,2.40409e+06,2.4041e+06,2.39754e+06
8,2404290,2.40432e+06,2.40431e+06,2.40432e+06,2.39776e+06
9,2404530,2.40454e+06,2.40453e+06,2.40454e+06,2.39798e+06
4,2404670,2.40476e+06,2.40476e+06,2.40476e+06,2.3982e+06
5,2404980,2.40498e+06,2.40498e+06,2.40498e+06,2.39842e+06
2,2405190,2.4052e+06,2.4052e+06,2.40521e+06,2.39864e+06
1,2405450,2.40541e+06,2.40542e+06,2.40543e+06,2.39886e+06
3,2405650,2.40563e+06,2.40564e+06,2.40565e+06,2.39908e+06
10,2405910,2.40585e+06,2.40586e+06,2.40587e+06,2.39931e+06
7,2406320,2.40632e+06,2.4063e+06,2.40629e+06,2.39975e+06
6,2406560,2.40654e+06,2.40652e+06,2.40652e+06,2.39997e+06
9,2406730,2.40676e+06,2.40674e+06,2.40674e+06,2.40019e+06
8,2406960,2.40698e+06,2.40696e+06,2.40696e+06,2.40041e+06
5,2407160,2.4072e+06,2.40718e+06,2.40718e+06,2.40063e+06
4,2407450,2.40742e+06,2.4074e+06,2.4074e+06,2.40086e+06
1,2407660,2.40763e+06,2.40762e+06,2.40762e+06,2.40108e+06
2,2407890,2.40785e+06,2.40784e+06,2.40784e+06,2.4013e+06
3,2408060,2.40807e+06,2.40806e+06,2.40806e+06,2.40152e+06
10,2408300,2.40829e+06,2.40828e+06,2.40828e+06,2.40174e+06
7,2408480,2.40851e+06,2.4085e+06,2.40851e+06,2.40196e+06
9,2408750,2.40872e+06,2.40872e+06,2.40873e+06,2.40218e+06
6,2408940,2.40894e+06,2.40895e+06,2.40895e+06,2.4024e+06
5,2409170,2.40916e+06,2.40917e+06,2.40917e+06,2.40263e+06
8,2409350,2.40938e+06,2.40939e+06,2.40939e+06,2.40285e+06
1,2409540,2.4096e+06,2.40961e+06,2.40961e+06,2.40307e+06
4,2409760,2.40981e+06,2.40983e+06,2.40983e+06,2.40329e+06
3,2409990,2.41003e+06,2.41005e+06,2.41005e+06,2.40351e+06
2,2410250,2.41025e+06,2.41027e+06,2.41028e+06,2.40373e+06
10,2410590,2.41047e+06,2.41049e+06,2.4105e+06,2.40395e+06
9,2411030,2.41095e+06,2.41093e+06,2.41093e+06,2.4044e+06
7,2411210,2.41117e+06,2.41115e+06,2.41115e+06,2.40462e+06
5,2411370,2.41139e+06,2.41137e+06,2.41137e+06,2.40484e+06
6,2411670,2.4116e+06,2.41159e+06,2.41159e+06,2.40506e+06
1,2411820,2.41182e+06,2.41181e+06,2.41181e+06,2.40528e+06
8,2412020,2.41204e+06,2.41203e+06,2.41203e+06,2.4055e+06
3,2412190,2.41226e+06,2.41225e+06,2.41225e+06,2.40572e+06
4,2412440,2.41248e+06,2.41247e+06,2.41247e+06,2.40594e+06
2,2412590,2.41269e+06,2.41269e+06,2.41269e+06,2.40617e+06
10,2412890,2.41291e+06,2.41291e+06,2.41291e+06,2.40639e+06
9,2413170,2.41313e+06,2.41313e+06,2.41313e+06,2.40661e+06
5,2413360,2.41335e+06,2.41335e+06,2.41335e+06,2.40683e+06
7,2413620,2.41357e+06,2.41357e+06,2.41357e+06,2.40705e+06
1,2413780,2.41379e+06,2.41379e+06,2.41379e+06,2.40727e+06
6,2414010,2.414e+06,2.41401e+06,2.41402e+06,2.40749e+06
3,2414200,2.41422e+06,2.41423e+06,2.41424e+06,2.40771e+06
8,2414410,2.41444e+06,2.41446e+06,2.41446e+06,2.40794e+06
2,2414660,2.41466e+06,2.41468e+06,2.41468e+06,2.40816e+06
4,2414880,2.41488e+06,2.4149e+06,2.4149e+06,2.40838e+06
10,2415150,2.41509e+06,2.41512e+06,2.41512e+06,2.4086e+06
5,2415550,2.41557e+06,2.41554e+06,2.41553e+06,2.40904e+06
9,2415810,2.41579e+06,2.41576e+06,2.41575e+06,2.40926e+06
1,2415960,2.416e+06,2.41598e+06,2.41597e+06,2.40948e+06
7,2416240,2.41622e+06,2.4162e+06,2.41619e+06,2.40971e+06
3,2416520,2.41643e+06,2.41642e+06,2.41641e+06,2.40993e+06
6,2416730,2.41665e+06,2.41664e+06,2.41663e+06,2.41015e+06
2,2416870,2.41686e+06,2.41686e+06,2.41685e+06,2.41037e+06
8,2417050,2.41708e+06,2.41708e+06,2.41707e+06,2.41059e+06
4,2417240,2.41729e+06,2.4173e+06,2.41729e+06,2.41081e+06
10,2417480,2.41751e+06,2.41752e+06,2.41751e+06,2.41103e+06
5,2417760,2.41772e+06,2.41774e+06,2.41773e+06,2.41126e+06
1,2417970,2.41794e+06,2.41796e+06,2.41795e+06,2.41148e+06
9,2418070,2.41815e+06,2.41818e+06,2.41817e+06,2.4117e+06
3,2418360,2.41837e+06,2.4184e+06,2.41839e+06,2.41192e+06
7,2418610,2.41859e+06,2.41862e+06,2.41861e+06,2.41214e+06
2,2418790,2.4188e+06,2.41884e+06,2.41883e+06,2.41236e+06
6,2418990,2.41902e+06,2.41906e+06,2.41905e+06,2.41258e+06
4,2419200,2.41923e+06,2.41928e+06,2.41927e+06,2.4128e+06
8,2419400,2.41945e+06,2.4195e+06,2.41949e+06,2.41303e+06
10,2419740,2.41966e+06,2.41972e+06,2.41971e+06,2.41325e+06
1,2420240,2.42016e+06,2.42015e+06,2.42014e+06,2.41369e+06
5,2420390,2.42038e+06,2.42037e+06,2.42036e+06,2.41391e+06
9,2420640,2.4206e+06,2.42059e+06,2.42058e+06,2.41413e+06
7,2420810,2.42081e+06,2.4208e+06,2.4208e+06,2.41435e+06
3,2421070,2.42103e+06,2.42102e+06,2.42102e+06,2.41457e+06
6,2421290,2.42125e+06,2.42124e+06,2.42124e+06,2.4148e+06
2,2421500,2.42146e+06,2.42146e+06,2.42146e+06,2.41502e+06
8,2421620,2.42168e+06,2.42168e+06,2.42168e+06,2.41524e+06
4,2421820,2.4219e+06,2.4219e+06,2.4219e+06,2.41546e+06
10,2422070,2.42211e+06,2.42212e+06,2.42212e+06,2.41568e+06
1,2422340,2.42233e+06,2.42234e+06,2.42234e+06,2.4159e+06
9,2422590,2.42254e+06,2.42256e+06,2.42256e+06,2.41612e+06
5,2422770,2.42276e+06,2.42278e+06,2.42278e+06,2.41634e+06
3,2422980,2.42298e+06,2.423e+06,2.423e+06,2.41657e+06
7,2423200,2.42319e+06,2.42322e+06,2.42322e+06,2.41679e+06
2,2423450,2.42341e+06,2.42344e+06,2.42344e+06,2.41701e+06
6,2423620,2.42363e+06,2.42366e+06,2.42366e+06,2.41723e+06
4,2423800,2.42384e+06,2.42388e+06,2.42388e+06,2.41745e+06
8,2424000,2.42406e+06,2.4241e+06,2.4241e+06,2.41767e+06
10,2424330,2.42427e+06,2.42432e+06,2.42432e+06,2.41789e+06
9,2424850,2.42477e+06,2.42475e+06,2.42473e+06,2.41834e+06
1,2424940,2.42498e+06,2.42496e+06,2.42495e+06,2.41856e+06
5,2425160,2.4252e+06,2.42518e+06,2.42517e+06,2.41878e+06
7,2425460,2.42541e+06,2.4254e+06,2.42539e+06,2.419e+06
3,2425680,2.42563e+06,2.42562e+06,2.42561e+06,2.41922e+06
6,2425840,2.42585e+06,2.42584e+06,2.42583e+06,2.41944e+06
2,2426090,2.42606e+06,2.42606e+06,2.42605e+06,2.41966e+06
8,2426240,2.42628e+06,2.42628e+06,2.42627e+06,2.41988e+06
4,2426420,2.4265e+06,2.4265e+06,2.42649e+06,2.42011e+06
10,2426680,2.42671e+06,2.42672e+06,2.42671e+06,2.42033e+06
9,2426960,2.42693e+06,2.42694e+06,2.42693e+06,2.42055e+06
5,2427140,2.42715e+06,2.42716e+06,2.42715e+06,2.42077e+06
1,2427390,2.42736e+06,2.42738e+06,2.42737e+06,2.42099e+06
3,2427610,2.42758e+06,2.42759e+06,2.42759e+06,2.42121e+06
7,2427800,2.42779e+06,2.42781e+06,2.42781e+06,2.42143e+06
2,2428060,2.42801e+06,2.42803e+06,2.42803e+06,2.42166e+06
6,2428200,2.42823e+06,2.42825e+06,2.42825e+06,2.42188e+06
4,2428400,2.42844e+06,2.42847e+06,2.42847e+06,2.4221e+06
8,2428620,2.42866e+06,2.42869e+06,2.42869e+06,2.42232e+06
10,2428920,2.42888e+06,2.42891e+06,2.42891e+06,2.42254e+06
5,2429290,2.42936e+06,2.42935e+06,2.42934e+06,2.42298e+06
9,2429590,2.42958e+06,2.42957e+06,2.42956e+06,2.4232e+06
3,2429830,2.4298e+06,2.42979e+06,2.42978e+06,2.42343e+06
1,2430030,2.43001e+06,2.43e+06,2.43e+06,2.42365e+06
2,2430260,2.43023e+06,2.43022e+06,2.43022e+06,2.42387e+06
7,2430530,2.43045e+06,2.43044e+06,2.43044e+06,2.42409e+06
4,2430590,2.43067e+06,2.43066e+06,2.43066e+06,2.42431e+06
6,2430850,2.43089e+06,2.43088e+06,2.43088e+06,2.42453e+06
8,2431050,2.4311e+06,2.4311e+06,2.4311e+06,2.42475e+06
10,2431280,2.43132e+06,2.43132e+06,2.43132e+06,2.42497e+06
5,2431500,2.43154e+06,2.43154e+06,2.43154e+06,2.4252e+06
3,2431770,2.43176e+06,2.43176e+06,2.43176e+06,2.42542e+06
9,2432000,2.43198e+06,2.43198e+06,2.43198e+06,2.42564e+06
2,2432170,2.43219e+06,2.4322e+06,2.4322e+06,2.42586e+06
1,2432460,2.43241e+06,2.43241e+06,2.43242e+06,2.42608e+06
4,2432580,2.43263e+06,2.43263e+06,2.43264e+06,2.4263e+06
7,2432900,2.43285e+06,2.43285e+06,2.43286e+06,2.42652e+06
8,2433060,2.43307e+06,2.43307e+06,2.43308e+06,2.42674e+06
6,2433270,2.43328e+06,2.43329e+06,2.4333e+06,2.42697e+06
10,2433560,2.4335e+06,2.43351e+06,2.43352e+06,2.42719e+06
3,2434010,2.43396e+06,2.43394e+06,2.43393e+06,2.42763e+06
5,2434170,2.43418e+06,2.43416e+06,2.43415e+06,2.42785e+06
2,2434360,2.4344e+06,2.43438e+06,2.43437e+06,2.42807e+06
9,2434650,2.43461e+06,2.4346e+06,2.43459e+06,2.42829e+06
4,2434780,2.43483e+06,2.43482e+06,2.43481e+06,2.42851e+06
1,2435000,2.43505e+06,2.43504e+06,2.43503e+06,2.42874e+06
8,2435210,2.43527e+06,2.43526e+06,2.43525e+06,2.42896e+06
7,2435460,2.43548e+06,2.43547e+06,2.43547e+06,2.42918e+06
6,2435730,2.4357e+06,2.43569e+06,2.43569e+06,2.4294e+06
10,2435920,2.43592e+06,2.43591e+06,2.43591e+06,2.42962e+06
3,2436090,2.43613e+06,2.43613e+06,2.43613e+06,2.42984e+06
2,2436360,2.43635e+06,2.43635e+06,2.43635e+06,2.43006e+06
5,2436590,2.43657e+06,2.43657e+06,2.43657e+06,2.43029e+06
4,2436720,2.43678e+06,2.43679e+06,2.43679e+06,2.43051e+06
9,2437000,2.437e+06,2.43701e+06,2.43701e+06,2.43073e+06
8,2437200,2.43722e+06,2.43723e+06,2.43723e+06,2.43095e+06
1,2437360,2.43743e+06,2.43745e+06,2.43745e+06,2.43117e+06
6,2437640,2.43765e+06,2.43766e+06,2.43766e+06,2.43139e+06
7,2437880,2.43787e+06,2.43788e+06,2.43788e+06,2.43161e+06
10,2438220,2.43808e+06,2.4381e+06,2.4381e+06,2.43183e+06
2,2438550,2.43855e+06,2.43854e+06,2.43853e+06,2.43228e+06
3,2438750,2.43877e+06,2.43876e+06,2.43875e+06,2.4325e+06
4,2438970,2.43899e+06,2.43898e+06,2.43897e+06,2.43272e+06
5,2439200,2.43921e+06,2.4392e+06,2.43919e+06,2.43294e+06
8,2439430,2.43943e+06,2.43942e+06,2.43941e+06,2.43316e+06
9,2439680,2.43964e+06,2.43963e+06,2.43963e+06,2.43338e+06
6,2439830,2.43986e+06,2.43985e+06,2.43985e+06,2.4336e+06
1,2440080,2.44008e+06,2.44007e+06,2.44007e+06,2.43383e+06
7,2440280,2.4403e+06,2.44029e+06,2.44029e+06,2.43405e+06
10,2440540,2.44051e+06,2.44051e+06,2.44051e+06,2.43427e+06
2,2440720,2.44073e+06,2.44073e+06,2.44073e+06,2.43449e+06
4,2440890,2.44095e+06,2.44095e+06,2.44095e+06,2.43471e+06
3,2441120,2.44117e+06,2.44117e+06,2.44117e+06,2.43493e+06
8,2441330,2.44139e+06,2.44139e+06,2.44139e+06,2.43515e+06
5,2441630,2.4416e+06,2.44161e+06,2.44161e+06,2.43537e+06
6,2441830,2.44182e+06,2.44182e+06,2.44183e+06,2.4356e+06
9,2442060,2.44204e+06,2.44204e+06,2.44205e+06,2.43582e+06
7,2442250,2.44226e+06,2.44226e+06,2.44227e+06,2.43604e+06
1,2442480,2.44248e+06,2.44248e+06,2.44249e+06,2.43626e+06
10,2442780,2.44269e+06,2.4427e+06,2.44271e+06,2.43648e+06
4,2443150,2.44316e+06,2.44314e+06,2.44314e+06,2.43692e+06
2,2443380,2.44338e+06,2.44336e+06,2.44336e+06,2.43714e+06
8,2443580,2.4436e+06,2.44358e+06,2.44358e+06,2.43737e+06
3,2443840,2.44381e+06,2.4438e+06,2.4438e+06,2.43759e+06
6,2444010,2.44403e+06,2.44402e+06,2.44402e+06,2.43781e+06
5,2444240,2.44425e+06,2.44424e+06,2.44424e+06,2.43803e+06
7,2444500,2.44447e+06,2.44446e+06,2.44446e+06,2.43825e+06
9,2444720,2.44468e+06,2.44467e+06,2.44468e+06,2.43847e+06
1,2444860,2.4449e+06,2.44489e+06,2.4449e+06,2.43869e+06
10,2445090,2.44512e+06,2.44511e+06,2.44512e+06,2.43891e+06
4,2445320,2.44534e+06,2.44533e+06,2.44534e+06,2.43914e+06
8,2445550,2.44555e+06,2.44555e+06,2.44556e+06,2.43936e+06
2,2445790,2.44577e+06,2.44577e+06,2.44578e+06,2.43958e+06
6,2445980,2.44599e+06,2.44599e+06,2.446e+06,2.4398e+06
3,2446170,2.44621e+06,2.44621e+06,2.44622e+06,2.44002e+06
7,2446400,2.44642e+06,2.44643e+06,2.44644e+06,2.44024e+06
5,2446650,2.44664e+06,2.44665e+06,2.44666e+06,2.44046e+06
1,2446860,2.44686e+06,2.44687e+06,2.44688e+06,2.44069e+06
9,2447050,2.44708e+06,2.44708e+06,2.4471e+06,2.44091e+06
10,2447380,2.44729e+06,2.4473e+06,2.44732e+06,2.44113e+06
8,2447740,2.44777e+06,2.44774e+06,2.44774e+06,2.44157e+06
4,2447950,2.44798e+06,2.44796e+06,2.44796e+06,2.44179e+06
6,2448200,2.4482e+06,2.44818e+06,2.44818e+06,2.44201e+06
2,2448470,2.44842e+06,2.4484e+06,2.4484e+06,2.44223e+06
7,2448660,2.44864e+06,2.44862e+06,2.44862e+06,2.44246e+06
3,2448870,2.44885e+06,2.44884e+06,2.44884e+06,2.44268e+06
1,2449070,2.44907e+06,2.44906e+06,2.44906e+06,2.4429e+06
5,2449270,2.44929e+06,2.44928e+06,2.44928e+06,2.44312e+06
9,2449500,2.4495e+06,2.4495e+06,2.4495e+06,2.44334e+06
10,2449690,2.44972e+06,2.44972e+06,2.44972e+06,2.44356e+06
8,2449960,2.44994e+06,2.44994e+06,2.44994e+06,2.44378e+06
6,2450140,2.45016e+06,2.45015e+06,2.45016e+06,2.444e+06
4,2450360,2.45037e+06,2.45037e+06,2.45038e+06,2.44423e+06
7,2450620,2.45059e+06,2.45059e+06,2.4506e+06,2.44445e+06
2,2450850,2.45081e+06,2.45081e+06,2.45082e+06,2.44467e+06
1,2450960,2.45103e+06,2.45103e+06,2.45104e+06,2.44489e+06
3,2451190,2.45124e+06,2.45125e+06,2.45126e+06,2.44511e+06
9,2451460,2.45146e+06,2.45147e+06,2.45148e+06,2.44533e+06
5,2451690,2.45168e+06,2.45169e+06,2.4517e+06,2.44555e+06
10,2451940,2.45189e+06,2.45191e+06,2.45192e+06,2.44577e+06
6,2452380,2.45238e+06,2.45236e+06,2.45235e+06,2.44622e+06
8,2452610,2.45259e+06,2.45258e+06,2.45257e+06,2.44644e+06
7,2452830,2.45281e+06,2.45279e+06,2.45279e+06,2.44666e+06
4,2453040,2.45303e+06,2.45301e+06,2.45301e+06,2.44688e+06
1,2453240,2.45325e+06,2.45323e+06,2.45324e+06,2.4471e+06
2,2453530,2.45347e+06,2.45345e+06,2.45346e+06,2.44732e+06
9,2453710,2.45368e+06,2.45367e+06,2.45368e+06,2.44754e+06
3,2453870,2.4539e+06,2.45389e+06,2.4539e+06,2.44777e+06
5,2454090,2.45412e+06,2.45411e+06,2.45412e+06,2.44799e+06
10,2454300,2.45434e+06,2.45433e+06,2.45434e+06,2.44821e+06
6,2454570,2.45456e+06,2.45455e+06,2.45456e+06,2.44843e+06
7,2454760,2.45477e+06,2.45477e+06,2.45478e+06,2.44865e+06
8,2455020,2.45499e+06,2.45499e+06,2.455e+06,2.44887e+06
1,2455200,2.45521e+06,2.45521e+06,2.45522e+06,2.44909e+06
4,2455390,2.45543e+06,2.45543e+06,2.45544e+06,2.44931e+06
9,2455660,2.45565e+06,2.45565e+06,2.45566e+06,2.44954e+06
2,2455860,2.45587e+06,2.45587e+06,2.45589e+06,2.44976e+06
5,2456090,2.45608e+06,2.45609e+06,2.45611e+06,2.44998e+06
3,2456260,2.4563e+06,2.4563e+06,2.45633e+06,2.4502e+06
10,2456590,2.45652e+06,2.45652e+06,2.45655e+06,2.45042e+06
7,2457080,2.457e+06,2.45697e+06,2.45698e+06,2.45086e+06
6,2457300,2.45721e+06,2.45719e+06,2.4572e+06,2.45109e+06
1,2457420,2.45743e+06,2.45741e+06,2.45742e+06,2.45131e+06
8,2457610,2.45765e+06,2.45763e+06,2.45764e+06,2.45153e+06
9,2457900,2.45787e+06,2.45785e+06,2.45786e+06,2.45175e+06
4,2458020,2.45809e+06,2.45807e+06,2.45808e+06,2.45197e+06
5,2458250,2.45831e+06,2.45829e+06,2.4583e+06,2.45219e+06
2,2458510,2.45852e+06,2.45851e+06,2.45852e+06,2.45241e+06
3,2458700,2.45874e+06,2.45873e+06,2.45874e+06,2.45263e+06
10,2458920,2.45896e+06,2.45895e+06,2.45896e+06,2.45286e+06
7,2459210,2.45918e+06,2.45917e+06,2.45918e+06,2.45308e+06
1,2459360,2.4594e+06,2.45939e+06,2.4594e+06,2.4533e+06
6,2459630,2.45961e+06,2.45961e+06,2.45962e+06,2.45352e+06
9,2459850,2.45983e+06,2.45983e+06,2.45984e+06,2.45374e+06
8,2460050,2.46005e+06,2.46005e+06,2.46006e+06,2.45396e+06
5,2460240,2.46027e+06,2.46027e+06,2.46028e+06,2.45418e+06
4,2460450,2.46049e+06,2.46049e+06,2.4605e+06,2.4544e+06
3,2460710,2.4607e+06,2.46071e+06,2.46072e+06,2.45463e+06
2,2460970,2.46092e+06,2.46093e+06,2.46094e+06,2.45485e+06
10,2461200,2.46114e+06,2.46115e+06,2.46116e+06,2.45507e+06
1,2461630,2.4616e+06,2.46158e+06,2.46158e+06,2.45551e+06
7,2461840,2.46182e+06,2.4618e+06,2.4618e+06,2.45573e+06
6,2462050,2.46204e+06,2.46202e+06,2.46202e+06,2.45595e+06
8,2462260,2.46225e+06,2.46224e+06,2.46224e+06,2.45617e+06
9,2462490,2.46247e+06,2.46246e+06,2.46246e+06,2.4564e+06
4,2462600,2.46269e+06,2.46268e+06,2.46267e+06,2.45662e+06
5,2462850,2.46291e+06,2.4629e+06,2.46289e+06,2.45684e+06
2,2463080,2.46312e+06,2.46312e+06,2.46311e+06,2.45706e+06
3,2463280,2.46334e+06,2.46333e+06,2.46333e+06,2.45728e+06
10,2463550,2.46356e+06,2.46355e+06,2.46355e+06,2.4575e+06
1,2463800,2.46377e+06,2.46377e+06,2.46377e+06,2.45772e+06
6,2463970,2.46399e+06,2.46399e+06,2.46399e+06,2.45794e+06
7,2464220,2.46421e+06,2.46421e+06,2.46421e+06,2.45817e+06
9,2464470,2.46442e+06,2.46443e+06,2.46443e+06,2.45839e+06
8,2464690,2.46464e+06,2.46465e+06,2.46465e+06,2.45861e+06
5,2464840,2.46486e+06,2.46487e+06,2.46487e+06,2.45883e+06
4,2465010,2.46507e+06,2.46509e+06,2.46508e+06,2.45905e+06
3,2465250,2.46529e+06,2.46531e+06,2.4653e+06,2.45927e+06
2,2465530,2.46551e+06,2.46553e+06,2.46552e+06,2.45949e+06
10,2465800,2.46573e+06,2.46575e+06,2.46574e+06,2.45971e+06
6,2466140,2.46618e+06,2.46617e+06,2.46615e+06,2.46016e+06
1,2466370,2.46639e+06,2.46639e+06,2.46637e+06,2.46038e+06
7,2466620,2.46661e+06,2.46661e+06,2.46659e+06,2.4606e+06
8,2466830,2.46683e+06,2.46683e+06,2.46681e+06,2.46082e+06
9,2467070,2.46705e+06,2.46705e+06,2.46703e+06,2.46104e+06
4,2467190,2.46727e+06,2.46727e+06,2.46725e+06,2.46126e+06
5,2467470,2.46748e+06,2.46748e+06,2.46747e+06,2.46149e+06
2,2467650,2.4677e+06,2.4677e+06,2.46769e+06,2.46171e+06
3,2467900,2.46792e+06,2.46792e+06,2.46791e+06,2.46193e+06
10,2468110,2.46814e+06,2.46814e+06,2.46813e+06,2.46215e+06
6,2468330,2.46835e+06,2.46836e+06,2.46835e+06,2.46237e+06
7,2468600,2.46857e+06,2.46858e+06,2.46857e+06,2.46259e+06
1,2468770,2.46879e+06,2.4688e+06,2.46879e+06,2.46281e+06
9,2468970,2.46901e+06,2.46902e+06,2.469e+06,2.46303e+06
8,2469230,2.46922e+06,2.46924e+06,2.46922e+06,2.46326e+06
5,2469410,2.46944e+06,2.46946e+06,2.46944e+06,2.46348e+06
4,2469620,2.46966e+06,2.46967e+06,2.46966e+06,2.4637e+06
3,2469880,2.46988e+06,2.46989e+06,2.46988e+06,2.46392e+06
2,2470190,2.4701e+06,2.47011e+06,2.4701e+06,2.46414e+06
10,2470390,2.47031e+06,2.47033e+06,2.47032e+06,2.46436e+06
7,2470820,2.47078e+06,2.47077e+06,2.47075e+06,2.4648e+06
6,2471060,2.471e+06,2.47098e+06,2.47097e+06,2.46503e+06
9,2471230,2.47122e+06,2.4712e+06,2.47119e+06,2.46525e+06
1,2471370,2.47143e+06,2.47142e+06,2.47141e+06,2.46547e+06
5,2471620,2.47165e+06,2.47164e+06,2.47163e+06,2.46569e+06
8,2471850,2.47187e+06,2.47186e+06,2.47185e+06,2.46591e+06
3,2472110,2.47208e+06,2.47208e+06,2.47207e+06,2.46613e+06
4,2472300,2.4723e+06,2.4723e+06,2.47229e+06,2.46635e+06
2,2472500,2.47252e+06,2.47252e+06,2.47251e+06,2.46657e+06
10,2472680,2.47273e+06,2.47273e+06,2.47273e+06,2.4668e+06
7,2472950,2.47295e+06,2.47295e+06,2.47295e+06,2.46702e+06
9,2473240,2.47317e+06,2.47317e+06,2.47317e+06,2.46724e+06
6,2473430,2.47338e+06,2.47339e+06,2.47339e+06,2.46746e+06
5,2473630,2.4736e+06,2.47361e+06,2.47361e+06,2.46768e+06
1,2473810,2.47382e+06,2.47383e+06,2.47384e+06,2.4679e+06
3,2473980,2.47403e+06,2.47405e+06,2.47406e+06,2.46812e+06
8,2474200,2.47425e+06,2.47427e+06,2.47428e+06,2.46834e+06
2,2474440,2.47447e+06,2.47448e+06,2.4745e+06,2.46857e+06
4,2474670,2.47468e+06,2.4747e+06,2.47472e+06,2.46879e+06
10,2474950,2.4749e+06,2.47492e+06,2.47494e+06,2.46901e+06
9,2475480,2.47539e+06,2.47538e+06,2.47538e+06,2.46945e+06
7,2475680,2.47561e+06,2.47559e+06,2.4756e+06,2.46967e+06
5,2475850,2.47583e+06,2.47581e+06,2.47582e+06,2.46989e+06
6,2476110,2.47605e+06,2.47603e+06,2.47604e+06,2.47011e+06
3,2476330,2.47627e+06,2.47625e+06,2.47626e+06,2.47034e+06
1,2476450,2.47648e+06,2.47647e+06,2.47648e+06,2.47056e+06
2,2476690,2.4767e+06,2.47669e+06,2.4767e+06,2.47078e+06
8,2476850,2.47692e+06,2.47691e+06,2.47692e+06,2.471e+06
4,2477010,2.47714e+06,2.47713e+06,2.47714e+06,2.47122e+06
10,2477250,2.47736e+06,2.47735e+06,2.47736e+06,2.47144e+06
9,2477590,2.47757e+06,2.47757e+06,2.47758e+06,2.47166e+06
5,2477810,2.47779e+06,2.47779e+06,2.4778e+06,2.47189e+06
7,2478050,2.47801e+06,2.47801e+06,2.47802e+06,2.47211e+06
3,2478280,2.47823e+06,2.47822e+06,2.47824e+06,2.47233e+06
6,2478500,2.47845e+06,2.47844e+06,2.47846e+06,2.47255e+06
2,2478770,2.47866e+06,2.47866e+06,2.47868e+06,2.47277e+06
1,2478920,2.47888e+06,2.47888e+06,2.4789e+06,2.47299e+06
4,2479000,2.4791e+06,2.4791e+06,2.47912e+06,2.47321e+06
8,2479240,2.47932e+06,2.47932e+06,2.47934e+06,2.47343e+06
10,2479580,2.47954e+06,2.47954e+06,2.47956e+06,2.47366e+06
5,2479960,2.48e+06,2.47997e+06,2.47997e+06,2.4741e+06
9,2480200,2.48022e+06,2.48019e+06,2.48019e+06,2.47432e+06
3,2480460,2.48043e+06,2.48041e+06,2.48041e+06,2.47454e+06
7,2480680,2.48065e+06,2.48063e+06,2.48063e+06,2.47476e+06
2,2480870,2.48087e+06,2.48085e+06,2.48085e+06,2.47498e+06
6,2481160,2.48108e+06,2.48107e+06,2.48107e+06,2.4752e+06
4,2481320,2.4813e+06,2.48129e+06,2.48129e+06,2.47543e+06
1,2481530,2.48151e+06,2.48151e+06,2.48151e+06,2.47565e+06
8,2481660,2.48173e+06,2.48173e+06,2.48173e+06,2.47587e+06
10,2481930,2.48195e+06,2.48195e+06,2.48194e+06,2.47609e+06
5,2482130,2.48216e+06,2.48216e+06,2.48216e+06,2.47631e+06
3,2482340,2.48238e+06,2.48238e+06,2.48238e+06,2.47653e+06
9,2482600,2.4826e+06,2.4826e+06,2.4826e+06,2.47675e+06
2,2482830,2.48281e+06,2.48282e+06,2.48282e+06,2.47697e+06
7,2482990,2.48303e+06,2.48304e+06,2.48304e+06,2.4772e+06
4,2483230,2.48324e+06,2.48326e+06,2.48326e+06,2.47742e+06
6,2483470,2.48346e+06,2.48348e+06,2.48348e+06,2.47764e+06
8,2483700,2.48368e+06,2.4837e+06,2.4837e+06,2.47786e+06
1,2483820,2.48389e+06,2.48392e+06,2.48391e+06,2.47808e+06
10,2484190,2.48411e+06,2.48414e+06,2.48413e+06,2.4783e+06
3,2484610,2.48458e+06,2.48456e+06,2.48455e+06,2.47874e+06
5,2484780,2.48479e+06,2.48478e+06,2.48477e+06,2.47897e+06
2,2484950,2.48501e+06,2.485e+06,2.48499e+06,2.47919e+06
9,2485230,2.48523e+06,2.48522e+06,2.48521e+06,2.47941e+06
4,2485420,2.48544e+06,2.48544e+06,2.48543e+06,2.47963e+06
7,2485650,2.48566e+06,2.48566e+06,2.48565e+06,2.47985e+06
8,2485890,2.48588e+06,2.48588e+06,2.48587e+06,2.48007e+06
6,2486140,2.4861e+06,2.4861e+06,2.48609e+06,2.48029e+06
1,2486280,2.48631e+06,2.48631e+06,2.48631e+06,2.48051e+06
10,2486530,2.48653e+06,2.48653e+06,2.48653e+06,2.48074e+06
3,2486770,2.48675e+06,2.48675e+06,2.48675e+06,2.48096e+06
2,2486990,2.48696e+06,2.48697e+06,2.48696e+06,2.48118e+06
5,2487150,2.48718e+06,2.48719e+06,2.48718e+06,2.4814e+06
4,2487340,2.4874e+06,2.48741e+06,2.4874e+06,2.48162e+06
9,2487590,2.48761e+06,2.48763e+06,2.48762e+06,2.48184e+06
8,2487850,2.48783e+06,2.48785e+06,2.48784e+06,2.48206e+06
7,2488060,2.48805e+06,2.48806e+06,2.48806e+06,2.48229e+06
1,2488220,2.48826e+06,2.48828e+06,2.48828e+06,2.48251e+06
6,2488460,2.48848e+06,2.4885e+06,2.4885e+06,2.48273e+06
10,2488800,2.4887e+06,2.48872e+06,2.48872e+06,2.48295e+06
2,2489210,2.48917e+06,2.48916e+06,2.48914e+06,2.48339e+06
3,2489420,2.48939e+06,2.48938e+06,2.48936e+06,2.48361e+06
4,2489670,2.48961e+06,2.4896e+06,2.48958e+06,2.48383e+06
5,2489800,2.48983e+06,2.48982e+06,2.4898e+06,2.48406e+06
8,2490010,2.49004e+06,2.49004e+06,2.49002e+06,2.48428e+06
9,2490270,2.49026e+06,2.49026e+06,2.49025e+06,2.4845e+06
1,2490370,2.49048e+06,2.49047e+06,2.49047e+06,2.48472e+06
7,2490710,2.4907e+06,2.49069e+06,2.49069e+06,2.48494e+06
6,2490960,2.49092e+06,2.49091e+06,2.49091e+06,2.48516e+06
10,2491120,2.49113e+06,2.49113e+06,2.49113e+06,2.48538e+06
2,2491380,2.49135e+06,2.49135e+06,2.49135e+06,2.4856e+06
4,2491530,2.49157e+06,2.49157e+06,2.49158e+06,2.48583e+06
3,2491780,2.49179e+06,2.49179e+06,2.4918e+06,2.48605e+06
8,2491960,2.49201e+06,2.49201e+06,2.49202e+06,2.48627e+06
5,2492210,2.49222e+06,2.49222e+06,2.49224e+06,2.48649e+06
1,2492360,2.49244e+06,2.49244e+06,2.49246e+06,2.48671e+06
9,2492620,2.49266e+06,2.49266e+06,2.49268e+06,2.48693e+06
6,2492920,2.49288e+06,2.49288e+06,2.49291e+06,2.48715e+06
7,2493130,2.4931e+06,2.4931e+06,2.49313e+06,2.48737e+06
10,2493440,2.49332e+06,2.49332e+06,2.49335e+06,2.4876e+06
4,2493830,2.4938e+06,2.49379e+06,2.49379e+06,2.48804e+06
2,2494020,2.49402e+06,2.49401e+06,2.49401e+06,2.48826e+06
8,2494260,2.49424e+06,2.49423e+06,2.49424e+06,2.48848e+06
3,2494450,2.49446e+06,2.49445e+06,2.49446e+06,2.4887e+06
1,2494710,2.49469e+06,2.49467e+06,2.49468e+06,2.48892e+06
5,2494840,2.49491e+06,2.49489e+06,2.4949e+06,2.48914e+06
6,2495110,2.49513e+06,2.49511e+06,2.49513e+06,2.48937e+06
9,2495380,2.49535e+06,2.49533e+06,2.49535e+06,2.48959e+06
7,2495600,2.49557e+06,2.49555e+06,2.49557e+06,2.48981e+06
10,2495800,2.49579e+06,2.49577e+06,2.4958e+06,2.49003e+06
4,2495980,2.49602e+06,2.49599e+06,2.49602e+06,2.49025e+06
8,2496240,2.49624e+06,2.49621e+06,2.49624e+06,2.49047e+06
2,2496460,2.49646e+06,2.49643e+06,2.49646e+06,2.49069e+06
1,2496700,2.49668e+06,2.49665e+06,2.49669e+06,2.49091e+06
3,2496880,2.4969e+06,2.49687e+06,2.49691e+06,2.49114e+06
6,2497120,2.49712e+06,2.49709e+06,2.49713e+06,2.49136e+06
5,2497300,2.49735e+06,2.49731e+06,2.49735e+06,2.49158e+06
7,2497530,2.49757e+06,2.49753e+06,2.49758e+06,2.4918e+06
9,2497810,2.49779e+06,2.49775e+06,2.4978e+06,2.49202e+06
10,2498120,2.49801e+06,2.49797e+06,2.49802e+06,2.49224e+06
8,2498480,2.49848e+06,2.49844e+06,2.49846e+06,2.49269e+06
4,2498710,2.4987e+06,2.49866e+06,2.49868e+06,2.49291e+06
1,2498940,2.49892e+06,2.49888e+06,2.4989e+06,2.49313e+06
2,2499170,2.49914e+06,2.4991e+06,2.49912e+06,2.49335e+06
6,2499390,2.49936e+06,2.49932e+06,2.49934e+06,2.49357e+06
3,2499590,2.49958e+06,2.49954e+06,2.49957e+06,2.49379e+06
7,2499800,2.4998e+06,2.49976e+06,2.49979e+06,2.49401e+06
5,2499970,2.50001e+06,2.49998e+06,2.50001e+06,2.49423e+06
9,2500230,2.50023e+06,2.50021e+06,2.50023e+06,2.49446e+06
10,2500480,2.50045e+06,2.50043e+06,2.50045e+06,2.49468e+06
8,2500730,2.50067e+06,2.50065e+06,2.50067e+06,2.4949e+06
1,2500810,2.50089e+06,2.50087e+06,2.5009e+06,2.49512e+06
4,2501080,2.50111e+06,2.50109e+06,2.50112e+06,2.49534e+06
6,2501330,2.50133e+06,2.50131e+06,2.50134e+06,2.49556e+06
2,2501530,2.50155e+06,2.50153e+06,2.50156e+06,2.49578e+06
7,2501720,2.50177e+06,2.50175e+06,2.50178e+06,2.496e+06
3,2501940,2.50199e+06,2.50197e+06,2.502e+06,2.49623e+06
9,2502210,2.50221e+06,2.50219e+06,2.50223e+06,2.49645e+06
5,2502440,2.50243e+06,2.50241e+06,2.50245e+06,2.49667e+06
10,2502710,2.50265e+06,2.50263e+06,2.50267e+06,2.49689e+06
1,2503110,2.50311e+06,2.50308e+06,2.50309e+06,2.49733e+06
8,2503340,2.50333e+06,2.5033e+06,2.50331e+06,2.49755e+06
4,2503560,2.50355e+06,2.50352e+06,2.50353e+06,2.49777e+06
2,2503770,2.50377e+06,2.50374e+06,2.50375e+06,2.498e+06
6,2504000,2.50399e+06,2.50397e+06,2.50397e+06,2.49822e+06
3,2504240,2.50421e+06,2.50419e+06,2.50419e+06,2.49844e+06
7,2504410,2.50442e+06,2.50441e+06,2.50441e+06,2.49866e+06
5,2504610,2.50464e+06,2.50463e+06,2.50464e+06,2.49888e+06
9,2504880,2.50486e+06,2.50485e+06,2.50486e+06,2.4991e+06
10,2505060,2.50508e+06,2.50507e+06,2.50508e+06,2.49932e+06
1,2505270,2.5053e+06,2.50529e+06,2.5053e+06,2.49954e+06
4,2505530,2.50552e+06,2.50551e+06,2.50552e+06,2.49977e+06
8,2505710,2.50573e+06,2.50573e+06,2.50574e+06,2.49999e+06
6,2505930,2.50595e+06,2.50595e+06,2.50596e+06,2.50021e+06
2,2506170,2.50617e+06,2.50617e+06,2.50618e+06,2.50043e+06
7,2506370,2.50639e+06,2.50639e+06,2.5064e+06,2.50065e+06
3,2506580,2.50661e+06,2.50662e+06,2.50662e+06,2.50087e+06
9,2506830,2.50683e+06,2.50684e+06,2.50684e+06,2.50109e+06
5,2507030,2.50705e+06,2.50706e+06,2.50707e+06,2.50131e+06
10,2507350,2.50726e+06,2.50728e+06,2.50729e+06,2.50154e+06
4,2507740,2.50774e+06,2.50772e+06,2.50772e+06,2.50198e+06
1,2507990,2.50796e+06,2.50794e+06,2.50794e+06,2.5022e+06
8,2508190,2.50817e+06,2.50816e+06,2.50816e+06,2.50242e+06
2,2508370,2.50839e+06,2.50838e+06,2.50838e+06,2.50264e+06
6,2508610,2.50861e+06,2.5086e+06,2.5086e+06,2.50286e+06
3,2508840,2.50883e+06,2.50882e+06,2.50882e+06,2.50309e+06
7,2509050,2.50905e+06,2.50904e+06,2.50904e+06,2.50331e+06
5,2509230,2.50927e+06,2.50926e+06,2.50926e+06,2.50353e+06
9,2509460,2.50948e+06,2.50948e+06,2.50948e+06,2.50375e+06
10,2509690,2.5097e+06,2.5097e+06,2.5097e+06,2.50397e+06
4,2509890,2.50992e+06,2.50992e+06,2.50992e+06,2.50419e+06
8,2510160,2.51014e+06,2.51014e+06,2.51014e+06,2.50441e+06
1,2510390,2.51036e+06,2.51036e+06,2.51036e+06,2.50463e+06
6,2510590,2.51058e+06,2.51059e+06,2.51058e+06,2.50486e+06
2,2510800,2.51079e+06,2.51081e+06,2.5108e+06,2.50508e+06
7,2510990,2.51101e+06,2.51103e+06,2.51102e+06,2.5053e+06
3,2511240,2.51123e+06,2.51125e+06,2.51125e+06,2.50552e+06
9,2511430,2.51145e+06,2.51147e+06,2.51147e+06,2.50574e+06
5,2511620,2.51167e+06,2.51169e+06,2.51169e+06,2.50596e+06
10,2511950,2.51189e+06,2.51191e+06,2.51191e+06,2.50618e+06
8,2512310,2.51234e+06,2.51234e+06,2.51233e+06,2.50663e+06
4,2512510,2.51256e+06,2.51256e+06,2.51255e+06,2.50685e+06
6,2512760,2.51278e+06,2.51278e+06,2.51277e+06,2.50707e+06
1,2513010,2.513e+06,2.513e+06,2.51299e+06,2.50729e+06
7,2513230,2.51322e+06,2.51322e+06,2.51321e+06,2.50751e+06
2,2513490,2.51344e+06,2.51344e+06,2.51343e+06,2.50773e+06
9,2513690,2.51366e+06,2.51366e+06,2.51365e+06,2.50795e+06
3,2513860,2.51388e+06,2.51388e+06,2.51387e+06,2.50817e+06
5,2514090,2.5141e+06,2.5141e+06,2.51409e+06,2.5084e+06
10,2514280,2.51431e+06,2.51432e+06,2.51431e+06,2.50862e+06
8,2514510,2.51453e+06,2.51454e+06,2.51453e+06,2.50884e+06
6,2514700,2.51475e+06,2.51476e+06,2.51475e+06,2.50906e+06
4,2514930,2.51497e+06,2.51498e+06,2.51497e+06,2.50928e+06
7,2515180,2.51519e+06,2.5152e+06,2.51519e+06,2.5095e+06
1,2515400,2.51541e+06,2.51542e+06,2.51541e+06,2.50972e+06
9,2515630,2.51563e+06,2.51564e+06,2.51563e+06,2.50994e+06
2,2515860,2.51585e+06,2.51586e+06,2.51585e+06,2.51017e+06
5,2516090,2.51606e+06,2.51608e+06,2.51607e+06,2.51039e+06
3,2516280,2.51628e+06,2.5163e+06,2.51629e+06,2.51061e+06
10,2516560,2.5165e+06,2.51652e+06,2.51651e+06,2.51083e+06
6,2516980,2.51696e+06,2.51695e+06,2.51693e+06,2.51127e+06
8,2517200,2.51718e+06,2.51717e+06,2.51715e+06,2.51149e+06
7,2517380,2.51739e+06,2.51739e+06,2.51737e+06,2.51171e+06
4,2517590,2.51761e+06,2.51761e+06,2.51759e+06,2.51194e+06
9,2517870,2.51783e+06,2.51783e+06,2.51781e+06,2.51216e+06
1,2517980,2.51805e+06,2.51805e+06,2.51803e+06,2.51238e+06
5,2518250,2.51827e+06,2.51827e+06,2.51825e+06,2.5126e+06
2,2518460,2.51848e+06,2.51849e+06,2.51847e+06,2.51282e+06
3,2518650,2.5187e+06,2.51871e+06,2.51869e+06,2.51304e+06
10,2518890,2.51892e+06,2.51893e+06,2.51891e+06,2.51326e+06
6,2519130,2.51914e+06,2.51915e+06,2.51914e+06,2.51349e+06
7,2519350,2.51936e+06,2.51937e+06,2.51936e+06,2.51371e+06
8,2519610,2.51957e+06,2.51959e+06,2.51958e+06,2.51393e+06
9,2519810,2.51979e+06,2.51981e+06,2.5198e+06,2.51415e+06
4,2519950,2.52001e+06,2.52003e+06,2.52002e+06,2.51437e+06
5,2520220,2.52023e+06,2.52025e+06,2.52024e+06,2.51459e+06
1,2520450,2.52045e+06,2.52047e+06,2.52046e+06,2.51481e+06
3,2520640,2.52066e+06,2.52069e+06,2.52068e+06,2.51503e+06
2,2520920,2.52088e+06,2.52091e+06,2.5209e+06,2.51526e+06
10,2521170,2.5211e+06,2.52113e+06,2.52112e+06,2.51548e+06
7,2521590,2.52157e+06,2.52156e+06,2.52155e+06,2.51592e+06
6,2521840,2.52179e+06,2.52178e+06,2.52177e+06,2.51614e+06
9,2522000,2.52201e+06,2.522e+06,2.52199e+06,2.51636e+06
8,2522240,2.52223e+06,2.52222e+06,2.52221e+06,2.51658e+06
5,2522410,2.52245e+06,2.52244e+06,2.52243e+06,2.5168e+06
4,2522690,2.52266e+06,2.52266e+06,2.52266e+06,2.51703e+06
3,2522890,2.52288e+06,2.52288e+06,2.52288e+06,2.51725e+06
1,2523120,2.5231e+06,2.5231e+06,2.5231e+06,2.51747e+06
2,2523280,2.52332e+06,2.52332e+06,2.52332e+06,2.51769e+06
10,2523490,2.52354e+06,2.52354e+06,2.52354e+06,2.51791e+06
7,2523720,2.52376e+06,2.52376e+06,2.52376e+06,2.51813e+06
9,2523990,2.52398e+06,2.52398e+06,2.52398e+06,2.51835e+06
6,2524210,2.5242e+06,2.5242e+06,2.5242e+06,2.51857e+06
5,2524420,2.52441e+06,2.52442e+06,2.52442e+06,2.5188e+06
8,2524610,2.52463e+06,2.52464e+06,2.52464e+06,2.51902e+06
3,2524840,2.52485e+06,2.52486e+06,2.52487e+06,2.51924e+06
4,2525070,2.52507e+06,2.52508e+06,2.52509e+06,2.51946e+06
2,2525310,2.52529e+06,2.5253e+06,2.52531e+06,2.51968e+06
1,2525500,2.52551e+06,2.52552e+06,2.52553e+06,2.5199e+06
10,2525780,2.52573e+06,2.52574e+06,2.52575e+06,2.52012e+06
9,2526210,2.5262e+06,2.52618e+06,2.52619e+06,2.52057e+06
7,2526440,2.52642e+06,2.5264e+06,2.52641e+06,2.52079e+06
5,2526610,2.52664e+06,2.52662e+06,2.52663e+06,2.52101e+06
6,2526910,2.52686e+06,2.52684e+06,2.52685e+06,2.52123e+06
3,2527120,2.52707e+06,2.52706e+06,2.52707e+06,2.52145e+06
8,2527260,2.52729e+06,2.52728e+06,2.52729e+06,2.52167e+06
2,2527530,2.52751e+06,2.5275e+06,2.52751e+06,2.52189e+06
4,2527690,2.52773e+06,2.52772e+06,2.52773e+06,2.52212e+06
1,2527960,2.52795e+06,2.52794e+06,2.52795e+06,2.52234e+06
10,2528130,2.52817e+06,2.52816e+06,2.52817e+06,2.52256e+06
9,2528400,2.52838e+06,2.52838e+06,2.52839e+06,2.52278e+06
5,2528590,2.5286e+06,2.5286e+06,2.52861e+06,2.523e+06
7,2528830,2.52882e+06,2.52882e+06,2.52883e+06,2.52322e+06
3,2529070,2.52904e+06,2.52904e+06,2.52905e+06,2.52344e+06
6,2529290,2.52926e+06,2.52926e+06,2.52927e+06,2.52366e+06
2,2529540,2.52948e+06,2.52948e+06,2.52949e+06,2.52389e+06
8,2529650,2.5297e+06,2.5297e+06,2.52971e+06,2.52411e+06
1,2529830,2.52991e+06,2.52992e+06,2.52993e+06,2.52433e+06
4,2530100,2.53013e+06,2.53014e+06,2.53015e+06,2.52455e+06
10,2530400,2.53035e+06,2.53036e+06,2.53037e+06,2.52477e+06
5,2530770,2.5308e+06,2.53079e+06,2.53077e+06,2.52521e+06
9,2531070,2.53102e+06,2.53101e+06,2.53099e+06,2.52543e+06
3,2531220,2.53124e+06,2.53123e+06,2.53121e+06,2.52566e+06
7,2531500,2.53146e+06,2.53144e+06,2.53143e+06,2.52588e+06
2,2531700,2.53167e+06,2.53166e+06,2.53165e+06,2.5261e+06
1,2531910,2.53189e+06,2.53188e+06,2.53187e+06,2.52632e+06
6,2531970,2.53211e+06,2.5321e+06,2.53209e+06,2.52654e+06
8,2532260,2.53232e+06,2.53232e+06,2.53231e+06,2.52676e+06
4,2532450,2.53254e+06,2.53254e+06,2.53253e+06,2.52698e+06
10,2532740,2.53276e+06,2.53276e+06,2.53275e+06,2.5272e+06
5,2532980,2.53297e+06,2.53298e+06,2.53297e+06,2.52743e+06
3,2533240,2.53319e+06,2.5332e+06,2.53319e+06,2.52765e+06
9,2533480,2.53341e+06,2.53342e+06,2.53341e+06,2.52787e+06
2,2533680,2.53362e+06,2.53364e+06,2.53363e+06,2.52809e+06
7,2533830,2.53384e+06,2.53386e+06,2.53385e+06,2.52831e+06
1,2534070,2.53406e+06,2.53408e+06,2.53407e+06,2.52853e+06
6,2534230,2.53427e+06,2.5343e+06,2.53429e+06,2.52875e+06
4,2534460,2.53449e+06,2.53452e+06,2.53451e+06,2.52897e+06
8,2534670,2.53471e+06,2.53474e+06,2.53473e+06,2.5292e+06
10,2534980,2.53492e+06,2.53496e+06,2.53495e+06,2.52942e+06
3,2535480,2.53541e+06,2.5354e+06,2.53539e+06,2.52986e+06
5,2535620,2.53563e+06,2.53562e+06,2.53561e+06,2.53008e+06
2,2535890,2.53585e+06,2.53584e+06,2.53583e+06,2.5303e+06
9,2536130,2.53606e+06,2.53605e+06,2.53605e+06,2.53052e+06
1,2536320,2.53628e+06,2.53627e+06,2.53627e+06,2.53074e+06
7,2536470,2.5365e+06,2.53649e+06,2.53649e+06,2.53097e+06
4,2536680,2.53672e+06,2.53671e+06,2.53671e+06,2.53119e+06
6,2536900,2.53693e+06,2.53693e+06,2.53693e+06,2.53141e+06
8,2537180,2.53715e+06,2.53715e+06,2.53715e+06,2.53163e+06
10,2537280,2.53737e+06,2.53737e+06,2.53737e+06,2.53185e+06
3,2537630,2.53759e+06,2.53759e+06,2.5376e+06,2.53207e+06
2,2537830,2.5378e+06,2.53781e+06,2.53782e+06,2.53229e+06
5,2538070,2.53802e+06,2.53803e+06,2.53804e+06,2.53252e+06
1,2538280,2.53824e+06,2.53825e+06,2.53826e+06,2.53274e+06
9,2538470,2.53846e+06,2.53847e+06,2.53848e+06,2.53296e+06
4,2538670,2.53867e+06,2.53869e+06,2.5387e+06,2.53318e+06
7,2538870,2.53889e+06,2.53891e+06,2.53892e+06,2.5334e+06
8,2539070,2.53911e+06,2.53913e+06,2.53914e+06,2.53362e+06
6,2539270,2.53933e+06,2.53935e+06,2.53936e+06,2.53384e+06
10,2539590,2.53954e+06,2.53957e+06,2.53958e+06,2.53406e+06
2,2539970,2.54002e+06,2.54e+06,2.54001e+06,2.53451e+06
3,2540220,2.54024e+06,2.54022e+06,2.54022e+06,2.53473e+06
1,2540500,2.54046e+06,2.54044e+06,2.54044e+06,2.53495e+06
5,2540730,2.54067e+06,2.54066e+06,2.54066e+06,2.53517e+06
4,2540970,2.54089e+06,2.54088e+06,2.54088e+06,2.53539e+06
9,2541170,2.54111e+06,2.5411e+06,2.5411e+06,2.53561e+06
8,2541350,2.54132e+06,2.54132e+06,2.54132e+06,2.53583e+06
7,2541510,2.54154e+06,2.54154e+06,2.54154e+06,2.53606e+06
6,2541760,2.54176e+06,2.54176e+06,2.54176e+06,2.53628e+06
10,2541930,2.54198e+06,2.54198e+06,2.54198e+06,2.5365e+06
2,2542180,2.54219e+06,2.5422e+06,2.5422e+06,2.53672e+06
1,2542340,2.54241e+06,2.54242e+06,2.54242e+06,2.53694e+06
3,2542570,2.54263e+06,2.54263e+06,2.54264e+06,2.53716e+06
4,2542840,2.54285e+06,2.54285e+06,2.54285e+06,2.53738e+06
5,2543060,2.54306e+06,2.54307e+06,2.54307e+06,2.5376e+06
8,2543250,2.54328e+06,2.54329e+06,2.54329e+06,2.53783e+06
9,2543480,2.5435e+06,2.54351e+06,2.54351e+06,2.53805e+06
6,2543750,2.54372e+06,2.54373e+06,2.54373e+06,2.53827e+06
7,2543930,2.54393e+06,2.54395e+06,2.54395e+06,2.53849e+06
10,2544240,2.54415e+06,2.54417e+06,2.54417e+06,2.53871e+06
1,2544610,2.54461e+06,2.54459e+06,2.54457e+06,2.53915e+06
2,2544830,2.54483e+06,2.54481e+06,2.54479e+06,2.53937e+06
4,2545070,2.54504e+06,2.54503e+06,2.54501e+06,2.5396e+06
3,2545260,2.54526e+06,2.54525e+06,2.54523e+06,2.53982e+06
8,2545400,2.54547e+06,2.54547e+06,2.54545e+06,2.54004e+06
5,2545670,2.54569e+06,2.54569e+06,2.54567e+06,2.54026e+06
6,2545820,2.5459e+06,2.5459e+06,2.54589e+06,2.54048e+06
9,2546170,2.54612e+06,2.54612e+06,2.54611e+06,2.5407e+06
7,2546330,2.54634e+06,2.54634e+06,2.54633e+06,2.54092e+06
10,2546540,2.54655e+06,2.54656e+06,2.54655e+06,2.54114e+06
1,2546800,2.54677e+06,2.54678e+06,2.54677e+06,2.54137e+06
4,2547020,2.54698e+06,2.547e+06,2.54699e+06,2.54159e+06
2,2547190,2.5472e+06,2.54722e+06,2.54721e+06,2.54181e+06
8,2547420,2.54742e+06,2.54744e+06,2.54743e+06,2.54203e+06
3,2547620,2.54763e+06,2.54765e+06,2.54764e+06,2.54225e+06
6,2547820,2.54785e+06,2.54787e+06,2.54786e+06,2.54247e+06
5,2548060,2.54806e+06,2.54809e+06,2.54808e+06,2.54269e+06
7,2548220,2.54828e+06,2.54831e+06,2.5483e+06,2.54292e+06
9,2548490,2.5485e+06,2.54853e+06,2.54852e+06,2.54314e+06
10,2548790,2.54871e+06,2.54875e+06,2.54874e+06,2.54336e+06
4,2549240,2.5492e+06,2.54919e+06,2.54919e+06,2.5438e+06
1,2549470,2.54942e+06,2.54941e+06,2.54941e+06,2.54402e+06
2,2549620,2.54964e+06,2.54963e+06,2.54963e+06,2.54424e+06
3,2549870,2.54985e+06,2.54985e+06,2.54985e+06,2.54446e+06
8,2550080,2.55007e+06,2.55007e+06,2.55007e+06,2.54469e+06
5,2550320,2.55029e+06,2.55029e+06,2.55029e+06,2.54491e+06
6,2550540,2.55051e+06,2.5505e+06,2.55051e+06,2.54513e+06
9,2550740,2.55073e+06,2.55072e+06,2.55073e+06,2.54535e+06
7,2550930,2.55094e+06,2.55094e+06,2.55095e+06,2.54557e+06
10,2551090,2.55116e+06,2.55116e+06,2.55117e+06,2.54579e+06
4,2551350,2.55138e+06,2.55138e+06,2.55139e+06,2.54601e+06
2,2551600,2.5516e+06,2.5516e+06,2.55161e+06,2.54623e+06
1,2551790,2.55182e+06,2.55182e+06,2.55183e+06,2.54646e+06
8,2552030,2.55203e+06,2.55204e+06,2.55205e+06,2.54668e+06
3,2552230,2.55225e+06,2.55226e+06,2.55227e+06,2.5469e+06
6,2552470,2.55247e+06,2.55247e+06,2.55249e+06,2.54712e+06
5,2552740,2.55269e+06,2.55269e+06,2.55271e+06,2.54734e+06
7,2552910,2.55291e+06,2.55291e+06,2.55293e+06,2.54756e+06
9,2553100,2.55313e+06,2.55313e+06,2.55315e+06,2.54778e+06
10,2553410,2.55334e+06,2.55335e+06,2.55337e+06,2.548e+06
2,2553800,2.5538e+06,2.55378e+06,2.55378e+06,2.54845e+06
4,2554020,2.55402e+06,2.554e+06,2.554e+06,2.54867e+06
8,2554280,2.55424e+06,2.55422e+06,2.55422e+06,2.54889e+06
1,2554410,2.55445e+06,2.55444e+06,2.55444e+06,2.54911e+06
6,2554640,2.55467e+06,2.55466e+06,2.55465e+06,2.54933e+06
3,2554870,2.55489e+06,2.55488e+06,2.55487e+06,2.54955e+06
7,2555120,2.5551e+06,2.5551e+06,2.55509e+06,2.54977e+06
5,2555340,2.55532e+06,2.55532e+06,2.55531e+06,2.55e+06
9,2555530,2.55554e+06,2.55553e+06,2.55553e+06,2.55022e+06
10,2555720,2.55575e+06,2.55575e+06,2.55575e+06,2.55044e+06
2,2555980,2.55597e+06,2.55597e+06,2.55597e+06,2.55066e+06
8,2556220,2.55619e+06,2.55619e+06,2.55619e+06,2.55088e+06
4,2556410,2.5564e+06,2.55641e+06,2.55641e+06,2.5511e+06
6,2556580,2.55662e+06,2.55663e+06,2.55663e+06,2.55132e+06
1,2556770,2.55684e+06,2.55685e+06,2.55685e+06,2.55154e+06
7,2557020,2.55706e+06,2.55707e+06,2.55706e+06,2.55177e+06
3,2557260,2.55727e+06,2.55728e+06,2.55728e+06,2.55199e+06
9,2557500,2.55749e+06,2.5575e+06,2.5575e+06,2.55221e+06
5,2557740,2.55771e+06,2.55772e+06,2.55772e+06,2.55243e+06
10,2557980,2.55792e+06,2.55794e+06,2.55794e+06,2.55265e+06
8,2558410,2.55839e+06,2.55837e+06,2.55835e+06,2.55309e+06
2,2558630,2.55861e+06,2.55859e+06,2.55857e+06,2.55332e+06
6,2558780,2.55882e+06,2.55881e+06,2.55879e+06,2.55354e+06
4,2559040,2.55904e+06,2.55903e+06,2.55901e+06,2.55376e+06
7,2559230,2.55926e+06,2.55925e+06,2.55923e+06,2.55398e+06
1,2559430,2.55947e+06,2.55947e+06,2.55945e+06,2.5542e+06
9,2559730,2.55969e+06,2.55968e+06,2.55967e+06,2.55442e+06
3,2559900,2.55991e+06,2.5599e+06,2.5599e+06,2.55464e+06
5,2560130,2.56012e+06,2.56012e+06,2.56012e+06,2.55486e+06
10,2560340,2.56034e+06,2.56034e+06,2.56034e+06,2.55509e+06
8,2560580,2.56056e+06,2.56056e+06,2.56056e+06,2.55531e+06
6,2560760,2.56077e+06,2.56078e+06,2.56078e+06,2.55553e+06
2,2561030,2.56099e+06,2.561e+06,2.561e+06,2.55575e+06
7,2561180,2.56121e+06,2.56121e+06,2.56122e+06,2.55597e+06
4,2561400,2.56142e+06,2.56143e+06,2.56144e+06,2.55619e+06
9,2561670,2.56164e+06,2.56165e+06,2.56166e+06,2.55641e+06
1,2561780,2.56186e+06,2.56187e+06,2.56188e+06,2.55663e+06
5,2562030,2.56207e+06,2.56209e+06,2.5621e+06,2.55686e+06
3,2562280,2.56229e+06,2.56231e+06,2.56232e+06,2.55708e+06
10,2562600,2.56251e+06,2.56253e+06,2.56254e+06,2.5573e+06
6,2563040,2.563e+06,2.56299e+06,2.56298e+06,2.55774e+06
8,2563240,2.56322e+06,2.56321e+06,2.5632e+06,2.55796e+06
7,2563470,2.56344e+06,2.56342e+06,2.56343e+06,2.55818e+06
2,2563700,2.56366e+06,2.56364e+06,2.56365e+06,2.5584e+06
9,2563920,2.56388e+06,2.56386e+06,2.56387e+06,2.55863e+06
4,2564110,2.5641e+06,2.56408e+06,2.56409e+06,2.55885e+06
5,2564240,2.56432e+06,2.5643e+06,2.56431e+06,2.55907e+06
1,2564600,2.56453e+06,2.56452e+06,2.56453e+06,2.55929e+06
3,2564720,2.56475e+06,2.56474e+06,2.56476e+06,2.55951e+06
10,2564920,2.56497e+06,2.56496e+06,2.56498e+06,2.55973e+06
6,2565200,2.56519e+06,2.56518e+06,2.5652e+06,2.55995e+06
7,2565420,2.56541e+06,2.5654e+06,2.56542e+06,2.56017e+06
8,2565650,2.56563e+06,2.56562e+06,2.56564e+06,2.5604e+06
9,2565850,2.56585e+06,2.56584e+06,2.56587e+06,2.56062e+06
2,2566080,2.56607e+06,2.56606e+06,2.56609e+06,2.56084e+06
5,2566280,2.56629e+06,2.56627e+06,2.56631e+06,2.56106e+06
4,2566470,2.56651e+06,2.56649e+06,2.56653e+06,2.56128e+06
3,2566710,2.56673e+06,2.56671e+06,2.56675e+06,2.5615e+06
1,2566960,2.56694e+06,2.56693e+06,2.56697e+06,2.56172e+06
10,2567200,2.56716e+06,2.56715e+06,2.5672e+06,2.56194e+06
7,2567650,2.56764e+06,2.56762e+06,2.56762e+06,2.56239e+06
6,2567900,2.56786e+06,2.56784e+06,2.56784e+06,2.56261e+06
9,2568030,2.56808e+06,2.56806e+06,2.56807e+06,2.56283e+06
8,2568270,2.5683e+06,2.56828e+06,2.56829e+06,2.56305e+06
5,2568550,2.56852e+06,2.5685e+06,2.56851e+06,2.56327e+06
2,2568770,2.56874e+06,2.56872e+06,2.56873e+06,2.56349e+06
3,2568950,2.56896e+06,2.56894e+06,2.56895e+06,2.56372e+06
4,2569150,2.56918e+06,2.56916e+06,2.56917e+06,2.56394e+06
1,2569420,2.5694e+06,2.56938e+06,2.5694e+06,2.56416e+06
10,2569570,2.56962e+06,2.5696e+06,2.56962e+06,2.56438e+06
7,2569800,2.56984e+06,2.56982e+06,2.56984e+06,2.5646e+06
9,2570030,2.57006e+06,2.57004e+06,2.57006e+06,2.56482e+06
6,2570250,2.57028e+06,2.57026e+06,2.57028e+06,2.56504e+06
5,2570520,2.5705e+06,2.57048e+06,2.5705e+06,2.56526e+06
8,2570680,2.57072e+06,2.5707e+06,2.57072e+06,2.56549e+06
3,2570940,2.57094e+06,2.57092e+06,2.57095e+06,2.56571e+06
2,2571190,2.57116e+06,2.57114e+06,2.57117e+06,2.56593e+06
1,2571420,2.57138e+06,2.57136e+06,2.57139e+06,2.56615e+06
4,2571590,2.5716e+06,2.57158e+06,2.57161e+06,2.56637e+06
10,2571870,2.57182e+06,2.5718e+06,2.57183e+06,2.56659e+06
9,2572340,2.57229e+06,2.57225e+06,2.57227e+06,2.56703e+06
7,2572540,2.57251e+06,2.57247e+06,2.57249e+06,2.56726e+06
5,2572760,2.57273e+06,2.57269e+06,2.57271e+06,2.56748e+06
6,2572970,2.57295e+06,2.57291e+06,2.57293e+06,2.5677e+06
3,2573220,2.57316e+06,2.57313e+06,2.57315e+06,2.56792e+06
8,2573350,2.57338e+06,2.57335e+06,2.57337e+06,2.56814e+06
1,2573510,2.5736e+06,2.57358e+06,2.57359e+06,2.56836e+06
2,2573790,2.57382e+06,2.5738e+06,2.57381e+06,2.56858e+06
4,2573950,2.57403e+06,2.57402e+06,2.57403e+06,2.5688e+06
10,2574200,2.57425e+06,2.57424e+06,2.57425e+06,2.56903e+06
9,2574520,2.57447e+06,2.57446e+06,2.57447e+06,2.56925e+06
5,2574740,2.57469e+06,2.57468e+06,2.57469e+06,2.56947e+06
7,2574970,2.57491e+06,2.5749e+06,2.57491e+06,2.56969e+06
3,2575190,2.57512e+06,2.57512e+06,2.57513e+06,2.56991e+06
6,2575380,2.57534e+06,2.57534e+06,2.57535e+06,2.57013e+06
1,2575510,2.57556e+06,2.57556e+06,2.57558e+06,2.57035e+06
8,2575700,2.57578e+06,2.57578e+06,2.5758e+06,2.57057e+06
4,2575920,2.57599e+06,2.576e+06,2.57602e+06,2.5708e+06
2,2576230,2.57621e+06,2.57622e+06,2.57624e+06,2.57102e+06
10,2576460,2.57643e+06,2.57644e+06,2.57646e+06,2.57124e+06
5,2576890,2.5769e+06,2.57687e+06,2.57687e+06,2.57168e+06
9,2577160,2.57712e+06,2.57709e+06,2.57709e+06,2.5719e+06
3,2577400,2.57733e+06,2.57731e+06,2.57731e+06,2.57212e+06
7,2577580,2.57755e+06,2.57753e+06,2.57753e+06,2.57234e+06
1,2577780,2.57777e+06,2.57775e+06,2.57775e+06,2.57257e+06
6,2578040,2.57798e+06,2.57797e+06,2.57797e+06,2.57279e+06
4,2578200,2.5782e+06,2.57819e+06,2.57819e+06,2.57301e+06
8,2578380,2.57842e+06,2.57841e+06,2.57841e+06,2.57323e+06
2,2578480,2.57863e+06,2.57863e+06,2.57863e+06,2.57345e+06
10,2578820,2.57885e+06,2.57885e+06,2.57885e+06,2.57367e+06
5,2579030,2.57906e+06,2.57907e+06,2.57907e+06,2.57389e+06
3,2579270,2.57928e+06,2.57929e+06,2.57929e+06,2.57412e+06
9,2579520,2.5795e+06,2.57951e+06,2.57951e+06,2.57434e+06
1,2579700,2.57971e+06,2.57973e+06,2.57972e+06,2.57456e+06
7,2579910,2.57993e+06,2.57995e+06,2.57994e+06,2.57478e+06
4,2580170,2.58014e+06,2.58017e+06,2.58016e+06,2.575e+06
6,2580400,2.58036e+06,2.58039e+06,2.58038e+06,2.57522e+06
2,2580590,2.58058e+06,2.58061e+06,2.5806e+06,2.57544e+06
8,2580740,2.58079e+06,2.58083e+06,2.58082e+06,2.57566e+06
10,2581060,2.58101e+06,2.58105e+06,2.58104e+06,2.57589e+06
3,2581580,2.5815e+06,2.58148e+06,2.58147e+06,2.57633e+06
5,2581690,2.58171e+06,2.5817e+06,2.58169e+06,2.57655e+06
1,2582010,2.58193e+06,2.58192e+06,2.58191e+06,2.57677e+06
9,2582150,2.58215e+06,2.58214e+06,2.58213e+06,2.57699e+06
4,2582360,2.58236e+06,2.58236e+06,2.58235e+06,2.57721e+06
7,2582570,2.58258e+06,2.58258e+06,2.58257e+06,2.57743e+06
2,2582790,2.58279e+06,2.5828e+06,2.58279e+06,2.57766e+06
6,2583030,2.58301e+06,2.58301e+06,2.58301e+06,2.57788e+06
8,2583290,2.58323e+06,2.58323e+06,2.58323e+06,2.5781e+06
10,2583340,2.58344e+06,2.58345e+06,2.58345e+06,2.57832e+06
3,2583630,2.58366e+06,2.58367e+06,2.58367e+06,2.57854e+06
1,2583910,2.58388e+06,2.58389e+06,2.58388e+06,2.57876e+06
5,2584080,2.58409e+06,2.58411e+06,2.5841e+06,2.57898e+06
4,2584300,2.58431e+06,2.58433e+06,2.58432e+06,2.5792e+06
9,2584510,2.58452e+06,2.58455e+06,2.58454e+06,2.57943e+06
2,2584740,2.58474e+06,2.58477e+06,2.58476e+06,2.57965e+06
7,2584940,2.58496e+06,2.58499e+06,2.58498e+06,2.57987e+06
8,2585180,2.58517e+06,2.58521e+06,2.5852e+06,2.58009e+06
6,2585370,2.58539e+06,2.58543e+06,2.58542e+06,2.58031e+06
10,2585650,2.5856e+06,2.58565e+06,2.58564e+06,2.58053e+06
1,2586100,2.58608e+06,2.58607e+06,2.58605e+06,2.58097e+06
3,2586380,2.5863e+06,2.58628e+06,2.58627e+06,2.5812e+06
4,2586530,2.58651e+06,2.5865e+06,2.58648e+06,2.58142e+06
5,2586770,2.58673e+06,2.58672e+06,2.5867e+06,2.58164e+06
2,2586940,2.58694e+06,2.58694e+06,2.58692e+06,2.58186e+06
9,2587150,2.58716e+06,2.58716e+06,2.58714e+06,2.58208e+06
8,2587300,2.58737e+06,2.58738e+06,2.58736e+06,2.5823e+06
7,2587590,2.58759e+06,2.5876e+06,2.58758e+06,2.58252e+06
6,2587800,2.58781e+06,2.58782e+06,2.5878e+06,2.58274e+06
10,2587940,2.58802e+06,2.58803e+06,2.58802e+06,2.58297e+06
1,2588220,2.58824e+06,2.58825e+06,2.58824e+06,2.58319e+06
4,2588390,2.58845e+06,2.58847e+06,2.58846e+06,2.58341e+06
3,2588640,2.58867e+06,2.58869e+06,2.58868e+06,2.58363e+06
2,2588940,2.58888e+06,2.58891e+06,2.58889e+06,2.58385e+06
5,2589090,2.5891e+06,2.58913e+06,2.58911e+06,2.58407e+06
8,2589260,2.58931e+06,2.58935e+06,2.58933e+06,2.58429e+06
9,2589500,2.58953e+06,2.58957e+06,2.58955e+06,2.58452e+06
6,2589730,2.58974e+06,2.58979e+06,2.58977e+06,2.58474e+06
7,2589990,2.58996e+06,2.59e+06,2.58999e+06,2.58496e+06
10,2590300,2.59018e+06,2.59022e+06,2.59021e+06,2.58518e+06
4,2590640,2.59066e+06,2.59065e+06,2.59062e+06,2.58562e+06
1,2590890,2.59087e+06,2.59087e+06,2.59085e+06,2.58584e+06
3,2591100,2.59109e+06,2.59109e+06,2.59107e+06,2.58606e+06
5,2591310,2.59131e+06,2.59131e+06,2.59129e+06,2.58629e+06
2,2591540,2.59153e+06,2.59153e+06,2.59151e+06,2.58651e+06
9,2591740,2.59174e+06,2.59175e+06,2.59173e+06,2.58673e+06
8,2591830,2.59196e+06,2.59196e+06,2.59195e+06,2.58695e+06
7,2592160,2.59218e+06,2.59218e+06,2.59217e+06,2.58717e+06
6,2592420,2.5924e+06,2.5924e+06,2.59239e+06,2.58739e+06
10,2592640,2.59262e+06,2.59262e+06,2.59261e+06,2.58761e+06
4,2592820,2.59283e+06,2.59284e+06,2.59283e+06,2.58783e+06
3,2593050,2.59305e+06,2.59306e+06,2.59306e+06,2.58806e+06
1,2593300,2.59327e+06,2.59328e+06,2.59328e+06,2.58828e+06
2,2593570,2.59349e+06,2.5935e+06,2.5935e+06,2.5885e+06
5,2593740,2.5937e+06,2.59371e+06,2.59372e+06,2.58872e+06
8,2593890,2.59392e+06,2.59393e+06,2.59394e+06,2.58894e+06
9,2594090,2.59414e+06,2.59415e+06,2.59416e+06,2.58916e+06
6,2594290,2.59436e+06,2.59437e+06,2.59438e+06,2.58938e+06
7,2594570,2.59458e+06,2.59459e+06,2.5946e+06,2.5896e+06
10,2594890,2.59479e+06,2.59481e+06,2.59482e+06,2.58983e+06
3,2595400,2.5953e+06,2.59527e+06,2.59528e+06,2.59027e+06
4,2595560,2.59552e+06,2.59549e+06,2.5955e+06,2.59049e+06
2,2595760,2.59573e+06,2.59571e+06,2.59572e+06,2.59071e+06
1,2596000,2.59595e+06,2.59593e+06,2.59594e+06,2.59093e+06
8,2596120,2.59617e+06,2.59615e+06,2.59616e+06,2.59115e+06
5,2596380,2.59639e+06,2.59637e+06,2.59638e+06,2.59137e+06
6,2596610,2.5966e+06,2.59659e+06,2.5966e+06,2.5916e+06
9,2596870,2.59682e+06,2.5968e+06,2.59682e+06,2.59182e+06
7,2597020,2.59704e+06,2.59702e+06,2.59704e+06,2.59204e+06
10,2597210,2.59726e+06,2.59724e+06,2.59727e+06,2.59226e+06
3,2597540,2.59748e+06,2.59746e+06,2.59749e+06,2.59248e+06
2,2597760,2.59769e+06,2.59768e+06,2.59771e+06,2.5927e+06
4,2597940,2.59791e+06,2.5979e+06,2.59793e+06,2.59292e+06
8,2598110,2.59813e+06,2.59812e+06,2.59815e+06,2.59314e+06
1,2598280,2.59835e+06,2.59834e+06,2.59837e+06,2.59337e+06
6,2598480,2.59857e+06,2.59856e+06,2.59859e+06,2.59359e+06
5,2598790,2.59878e+06,2.59878e+06,2.59881e+06,2.59381e+06
7,2599000,2.599e+06,2.599e+06,2.59903e+06,2.59403e+06
9,2599180,2.59922e+06,2.59922e+06,2.59925e+06,2.59425e+06
10,2599510,2.59944e+06,2.59944e+06,2.59948e+06,2.59447e+06
2,2599940,2.59991e+06,2.59988e+06,2.59989e+06,2.59492e+06
3,2600150,2.60013e+06,2.6001e+06,2.60011e+06,2.59514e+06
8,2600360,2.60035e+06,2.60032e+06,2.60033e+06,2.59536e+06
4,2600550,2.60056e+06,2.60054e+06,2.60055e+06,2.59558e+06
6,2600750,2.60078e+06,2.60076e+06,2.60077e+06,2.5958e+06
1,2600930,2.601e+06,2.60098e+06,2.60099e+06,2.59602e+06
7,2601150,2.60122e+06,2.6012e+06,2.6012e+06,2.59624e+06
5,2601420,2.60143e+06,2.60142e+06,2.60142e+06,2.59646e+06
9,2601660,2.60165e+06,2.60164e+06,2.60164e+06,2.59669e+06
10,2601850,2.60187e+06,2.60186e+06,2.60186e+06,2.59691e+06
2,2602100,2.60209e+06,2.60208e+06,2.60208e+06,2.59713e+06
8,2602330,2.6023e+06,2.6023e+06,2.6023e+06,2.59735e+06
3,2602550,2.60252e+06,2.60252e+06,2.60252e+06,2.59757e+06
6,2602740,2.60274e+06,2.60273e+06,2.60274e+06,2.59779e+06
4,2602970,2.60296e+06,2.60295e+06,2.60296e+06,2.59801e+06
7,2603150,2.60317e+06,2.60317e+06,2.60318e+06,2.59823e+06
1,2603300,2.60339e+06,2.60339e+06,2.6034e+06,2.59846e+06
9,2603620,2.60361e+06,2.60361e+06,2.60362e+06,2.59868e+06
5,2603850,2.60382e+06,2.60383e+06,2.60384e+06,2.5989e+06
10,2604100,2.60404e+06,2.60405e+06,2.60406e+06,2.59912e+06
8,2604490,2.60451e+06,2.60449e+06,2.60447e+06,2.59956e+06
2,2604680,2.60473e+06,2.6047e+06,2.60469e+06,2.59978e+06
6,2604960,2.60495e+06,2.60492e+06,2.60492e+06,2.6e+06
3,2605230,2.60516e+06,2.60514e+06,2.60514e+06,2.60023e+06
7,2605400,2.60538e+06,2.60536e+06,2.60536e+06,2.60045e+06
4,2605600,2.6056e+06,2.60558e+06,2.60558e+06,2.60067e+06
9,2605850,2.60581e+06,2.6058e+06,2.6058e+06,2.60089e+06
1,2605920,2.60603e+06,2.60602e+06,2.60602e+06,2.60111e+06
5,2606170,2.60624e+06,2.60624e+06,2.60624e+06,2.60133e+06
10,2606410,2.60646e+06,2.60646e+06,2.60646e+06,2.60155e+06
8,2606720,2.60668e+06,2.60668e+06,2.60668e+06,2.60177e+06
6,2606890,2.60689e+06,2.6069e+06,2.6069e+06,2.602e+06
2,2607160,2.60711e+06,2.60712e+06,2.60712e+06,2.60222e+06
7,2607360,2.60733e+06,2.60734e+06,2.60734e+06,2.60244e+06
3,2607570,2.60754e+06,2.60755e+06,2.60756e+06,2.60266e+06
9,2607780,2.60776e+06,2.60777e+06,2.60778e+06,2.60288e+06
4,2607920,2.60797e+06,2.60799e+06,2.608e+06,2.6031e+06
5,2608200,2.60819e+06,2.60821e+06,2.60822e+06,2.60332e+06
1,2608340,2.60841e+06,2.60843e+06,2.60844e+06,2.60354e+06
10,2608670,2.60862e+06,2.60865e+06,2.60866e+06,2.60377e+06
6,2609150,2.60912e+06,2.6091e+06,2.60908e+06,2.60421e+06
8,2609360,2.60933e+06,2.60931e+06,2.6093e+06,2.60443e+06
7,2609590,2.60955e+06,2.60953e+06,2.60952e+06,2.60465e+06
2,2609820,2.60977e+06,2.60975e+06,2.60974e+06,2.60487e+06
9,2610000,2.60999e+06,2.60997e+06,2.60997e+06,2.60509e+06
3,2610160,2.6102e+06,2.61019e+06,2.61019e+06,2.60532e+06
5,2610390,2.61042e+06,2.61041e+06,2.61041e+06,2.60554e+06
4,2610640,2.61064e+06,2.61063e+06,2.61063e+06,2.60576e+06
1,2610860,2.61086e+06,2.61085e+06,2.61085e+06,2.60598e+06
10,2611000,2.61107e+06,2.61107e+06,2.61107e+06,2.6062e+06
6,2611280,2.61129e+06,2.61129e+06,2.6113e+06,2.60642e+06
7,2611510,2.61151e+06,2.61151e+06,2.61152e+06,2.60664e+06
8,2611750,2.61173e+06,2.61173e+06,2.61174e+06,2.60686e+06
9,2611940,2.61194e+06,2.61195e+06,2.61196e+06,2.60709e+06
2,2612170,2.61216e+06,2.61217e+06,2.61218e+06,2.60731e+06
5,2612380,2.61238e+06,2.61239e+06,2.61241e+06,2.60753e+06
3,2612590,2.6126e+06,2.61261e+06,2.61263e+06,2.60775e+06
1,2612780,2.61281e+06,2.61282e+06,2.61285e+06,2.60797e+06
4,2613010,2.61303e+06,2.61304e+06,2.61307e+06,2.60819e+06
10,2613330,2.61325e+06,2.61326e+06,2.61329e+06,2.60841e+06
7,2613760,2.61375e+06,2.61373e+06,2.61374e+06,2.60886e+06
6,2614010,2.61397e+06,2.61395e+06,2.61396e+06,2.60908e+06
9,2614160,2.61419e+06,2.61417e+06,2.61418e+06,2.6093e+06
8,2614390,2.61441e+06,2.61439e+06,2.6144e+06,2.60952e+06
5,2614610,2.61463e+06,2.61461e+06,2.61462e+06,2.60974e+06
2,2614860,2.61485e+06,2.61483e+06,2.61485e+06,2.60996e+06
1,2615140,2.61507e+06,2.61505e+06,2.61507e+06,2.61018e+06
3,2615340,2.61529e+06,2.61527e+06,2.61529e+06,2.6104e+06
4,2615540,2.61551e+06,2.61549e+06,2.61551e+06,2.61063e+06
10,2615700,2.61573e+06,2.61571e+06,2.61573e+06,2.61085e+06
7,2615930,2.61595e+06,2.61593e+06,2.61596e+06,2.61107e+06
9,2616170,2.61617e+06,2.61615e+06,2.61618e+06,2.61129e+06
6,2616370,2.61639e+06,2.61637e+06,2.6164e+06,2.61151e+06
5,2616610,2.61661e+06,2.61659e+06,2.61662e+06,2.61173e+06
8,2616780,2.61683e+06,2.61681e+06,2.61684e+06,2.61195e+06
1,2617040,2.61705e+06,2.61703e+06,2.61707e+06,2.61217e+06
2,2617280,2.61727e+06,2.61725e+06,2.61729e+06,2.6124e+06
4,2617470,2.6175e+06,2.61747e+06,2.61751e+06,2.61262e+06
3,2617700,2.61772e+06,2.61769e+06,2.61773e+06,2.61284e+06
10,2618050,2.61794e+06,2.61791e+06,2.61795e+06,2.61306e+06
9,2618440,2.61841e+06,2.61837e+06,2.61838e+06,2.6135e+06
7,2618630,2.61863e+06,2.61859e+06,2.6186e+06,2.61372e+06
5,2618850,2.61884e+06,2.61881e+06,2.61882e+06,2.61395e+06
6,2619120,2.61906e+06,2.61903e+06,2.61904e+06,2.61417e+06
1,2619280,2.61928e+06,2.61925e+06,2.61926e+06,2.61439e+06
8,2619450,2.6195e+06,2.61947e+06,2.61948e+06,2.61461e+06
4,2619630,2.61971e+06,2.61969e+06,2.6197e+06,2.61483e+06
2,2619900,2.61993e+06,2.61991e+06,2.61992e+06,2.61505e+06
3,2620080,2.62015e+06,2.62013e+06,2.62014e+06,2.61527e+06
10,2620370,2.62037e+06,2.62035e+06,2.62036e+06,2.61549e+06
9,2620640,2.62059e+06,2.62057e+06,2.62058e+06,2.61572e+06
5,2620840,2.6208e+06,2.62079e+06,2.62081e+06,2.61594e+06
7,2621090,2.62102e+06,2.62101e+06,2.62103e+06,2.61616e+06
1,2621200,2.62124e+06,2.62123e+06,2.62125e+06,2.61638e+06
6,2621440,2.62146e+06,2.62145e+06,2.62147e+06,2.6166e+06
4,2621660,2.62167e+06,2.62167e+06,2.62169e+06,2.61682e+06
8,2621840,2.62189e+06,2.62189e+06,2.62191e+06,2.61704e+06
3,2622060,2.62211e+06,2.62212e+06,2.62213e+06,2.61726e+06
2,2622330,2.62233e+06,2.62234e+06,2.62235e+06,2.61749e+06
10,2622630,2.62255e+06,2.62256e+06,2.62257e+06,2.61771e+06
5,2622960,2.62302e+06,2.62299e+06,2.62299e+06,2.61815e+06
9,2623270,2.62324e+06,2.62322e+06,2.62321e+06,2.61837e+06
1,2623420,2.62346e+06,2.62344e+06,2.62343e+06,2.61859e+06
7,2623710,2.62368e+06,2.62366e+06,2.62365e+06,2.61881e+06
4,2623930,2.62389e+06,2.62388e+06,2.62388e+06,2.61903e+06
6,2624170,2.62411e+06,2.6241e+06,2.6241e+06,2.61926e+06
3,2624370,2.62433e+06,2.62432e+06,2.62432e+06,2.61948e+06
8,2624500,2.62455e+06,2.62454e+06,2.62454e+06,2.6197e+06
2,2624800,2.62476e+06,2.62476e+06,2.62476e+06,2.61992e+06
10,2624960,2.62498e+06,2.62498e+06,2.62498e+06,2.62014e+06
5,2625170,2.6252e+06,2.6252e+06,2.6252e+06,2.62036e+06
1,2625400,2.62541e+06,2.62542e+06,2.62542e+06,2.62058e+06
9,2625580,2.62563e+06,2.62564e+06,2.62564e+06,2.6208e+06
4,2625810,2.62585e+06,2.62586e+06,2.62586e+06,2.62103e+06
7,2626050,2.62607e+06,2.62608e+06,2.62608e+06,2.62125e+06
3,2626280,2.62628e+06,2.6263e+06,2.6263e+06,2.62147e+06
6,2626500,2.6265e+06,2.62652e+06,2.62652e+06,2.62169e+06
2,2626710,2.62672e+06,2.62674e+06,2.62674e+06,2.62191e+06
8,2626900,2.62694e+06,2.62696e+06,2.62696e+06,2.62213e+06
10,2627260,2.62715e+06,2.62718e+06,2.62718e+06,2.62235e+06
1,2627730,2.62763e+06,2.62761e+06,2.6276e+06,2.6228e+06
5,2627850,2.62785e+06,2.62783e+06,2.62782e+06,2.62302e+06
9,2628030,2.62807e+06,2.62805e+06,2.62804e+06,2.62324e+06
7,2628280,2.62829e+06,2.62827e+06,2.62826e+06,2.62346e+06
4,2628510,2.6285e+06,2.62849e+06,2.62848e+06,2.62368e+06
6,2628690,2.62872e+06,2.62871e+06,2.6287e+06,2.6239e+06
3,2628950,2.62894e+06,2.62893e+06,2.62892e+06,2.62412e+06
8,2629120,2.62915e+06,2.62915e+06,2.62915e+06,2.62435e+06
2,2629350,2.62937e+06,2.62937e+06,2.62937e+06,2.62457e+06
10,2629540,2.62959e+06,2.62959e+06,2.62959e+06,2.62479e+06
1,2629810,2.62981e+06,2.62981e+06,2.62981e+06,2.62501e+06
9,2630070,2.63002e+06,2.63003e+06,2.63003e+06,2.62523e+06
5,2630250,2.63024e+06,2.63025e+06,2.63025e+06,2.62545e+06
4,2630420,2.63046e+06,2.63047e+06,2.63047e+06,2.62567e+06
7,2630680,2.63067e+06,2.63069e+06,2.63069e+06,2.62589e+06
3,2630880,2.63089e+06,2.63091e+06,2.63091e+06,2.62612e+06
6,2631100,2.63111e+06,2.63113e+06,2.63113e+06,2.62634e+06
2,2631360,2.63133e+06,2.63135e+06,2.63135e+06,2.62656e+06
8,2631500,2.63154e+06,2.63157e+06,2.63157e+06,2.62678e+06
10,2631820,2.63176e+06,2.63179e+06,2.63179e+06,2.627e+06
9,2632320,2.63225e+06,2.63223e+06,2.63222e+06,2.62744e+06
1,2632480,2.63247e+06,2.63245e+06,2.63244e+06,2.62766e+06
5,2632650,2.63268e+06,2.63267e+06,2.63267e+06,2.62789e+06
7,2632890,2.6329e+06,2.63289e+06,2.63289e+06,2.62811e+06
4,2633110,2.63312e+06,2.63311e+06,2.63311e+06,2.62833e+06
6,2633390,2.63334e+06,2.63333e+06,2.63333e+06,2.62855e+06
3,2633580,2.63355e+06,2.63355e+06,2.63355e+06,2.62877e+06
8,2633760,2.63377e+06,2.63377e+06,2.63377e+06,2.62899e+06
2,2633950,2.63399e+06,2.63399e+06,2.63399e+06,2.62921e+06
10,2634110,2.63421e+06,2.63421e+06,2.63421e+06,2.62943e+06
9,2634470,2.63442e+06,2.63443e+06,2.63443e+06,2.62966e+06
5,2634670,2.63464e+06,2.63465e+06,2.63465e+06,2.62988e+06
1,2634910,2.63486e+06,2.63487e+06,2.63487e+06,2.6301e+06
4,2635060,2.63508e+06,2.63509e+06,2.63509e+06,2.63032e+06
7,2635250,2.6353e+06,2.63531e+06,2.63531e+06,2.63054e+06
3,2635530,2.63551e+06,2.63553e+06,2.63553e+06,2.63076e+06
6,2635720,2.63573e+06,2.63575e+06,2.63575e+06,2.63098e+06
2,2635980,2.63595e+06,2.63597e+06,2.63597e+06,2.6312e+06
8,2636140,2.63617e+06,2.63619e+06,2.63619e+06,2.63143e+06
10,2636400,2.63638e+06,2.63641e+06,2.63641e+06,2.63165e+06
5,2636830,2.63686e+06,2.63684e+06,2.63683e+06,2.63209e+06
9,2637140,2.63708e+06,2.63706e+06,2.63705e+06,2.63231e+06
4,2637300,2.6373e+06,2.63728e+06,2.63727e+06,2.63253e+06
1,2637530,2.63751e+06,2.6375e+06,2.63749e+06,2.63275e+06
3,2637740,2.63773e+06,2.63772e+06,2.63771e+06,2.63297e+06
7,2637940,2.63795e+06,2.63794e+06,2.63793e+06,2.6332e+06
2,2638170,2.63816e+06,2.63816e+06,2.63815e+06,2.63342e+06
6,2638380,2.63838e+06,2.63838e+06,2.63837e+06,2.63364e+06
8,2638580,2.6386e+06,2.6386e+06,2.63859e+06,2.63386e+06
10,2638730,2.63881e+06,2.63882e+06,2.63881e+06,2.63408e+06
5,2639030,2.63903e+06,2.63904e+06,2.63903e+06,2.6343e+06
4,2639270,2.63925e+06,2.63926e+06,2.63925e+06,2.63452e+06
9,2639430,2.63947e+06,2.63948e+06,2.63947e+06,2.63475e+06
3,2639730,2.63968e+06,2.6397e+06,2.63969e+06,2.63497e+06
1,2639950,2.6399e+06,2.63991e+06,2.63991e+06,2.63519e+06
2,2640090,2.64012e+06,2.64013e+06,2.64013e+06,2.63541e+06
7,2640360,2.64033e+06,2.64035e+06,2.64035e+06,2.63563e+06
8,2640520,2.64055e+06,2.64057e+06,2.64057e+06,2.63585e+06
6,2640730,2.64077e+06,2.64079e+06,2.64079e+06,2.63607e+06
10,2641010,2.64098e+06,2.64101e+06,2.64101e+06,2.63629e+06
4,2641410,2.64146e+06,2.64144e+06,2.64143e+06,2.63674e+06
5,2641700,2.64167e+06,2.64166e+06,2.64165e+06,2.63696e+06
3,2641870,2.64189e+06,2.64188e+06,2.64187e+06,2.63718e+06
9,2642150,2.64211e+06,2.6421e+06,2.64209e+06,2.6374e+06
2,2642320,2.64233e+06,2.64232e+06,2.64231e+06,2.63762e+06
1,2642590,2.64254e+06,2.64254e+06,2.64253e+06,2.63784e+06
8,2642730,2.64276e+06,2.64276e+06,2.64275e+06,2.63806e+06
7,2642980,2.64298e+06,2.64298e+06,2.64297e+06,2.63829e+06
6,2643180,2.6432e+06,2.6432e+06,2.64319e+06,2.63851e+06
10,2643360,2.64341e+06,2.64342e+06,2.64341e+06,2.63873e+06
4,2643570,2.64363e+06,2.64364e+06,2.64363e+06,2.63895e+06
3,2643790,2.64385e+06,2.64386e+06,2.64385e+06,2.63917e+06
5,2644080,2.64407e+06,2.64408e+06,2.64407e+06,2.63939e+06
2,2644310,2.64428e+06,2.64429e+06,2.64429e+06,2.63961e+06
9,2644460,2.6445e+06,2.64451e+06,2.64451e+06,2.63983e+06
8,2644730,2.64472e+06,2.64473e+06,2.64473e+06,2.64006e+06
1,2644960,2.64494e+06,2.64495e+06,2.64495e+06,2.64028e+06
6,2645150,2.64515e+06,2.64517e+06,2.64517e+06,2.6405e+06
7,2645400,2.64537e+06,2.64539e+06,2.64539e+06,2.64072e+06
10,2645650,2.64559e+06,2.64561e+06,2.64561e+06,2.64094e+06
3,2646100,2.64607e+06,2.64605e+06,2.64605e+06,2.64138e+06
4,2646280,2.64629e+06,2.64627e+06,2.64627e+06,2.6416e+06
2,2646500,2.64651e+06,2.64649e+06,2.64649e+06,2.64183e+06
5,2646740,2.64673e+06,2.64671e+06,2.64671e+06,2.64205e+06
8,2646950,2.64694e+06,2.64693e+06,2.64693e+06,2.64227e+06
9,2647190,2.64716e+06,2.64715e+06,2.64715e+06,2.64249e+06
6,2647370,2.64738e+06,2.64737e+06,2.64737e+06,2.64271e+06
1,2647590,2.6476e+06,2.64759e+06,2.64759e+06,2.64293e+06
7,2647850,2.64782e+06,2.64781e+06,2.64781e+06,2.64315e+06
10,2648000,2.64803e+06,2.64803e+06,2.64803e+06,2.64337e+06
3,2648280,2.64825e+06,2.64825e+06,2.64825e+06,2.6436e+06
2,2648470,2.64847e+06,2.64847e+06,2.64847e+06,2.64382e+06
4,2648660,2.64869e+06,2.64869e+06,2.6487e+06,2.64404e+06
8,2648910,2.64891e+06,2.64891e+06,2.64892e+06,2.64426e+06
5,2649100,2.64912e+06,2.64913e+06,2.64914e+06,2.64448e+06
6,2649260,2.64934e+06,2.64935e+06,2.64936e+06,2.6447e+06
9,2649540,2.64956e+06,2.64956e+06,2.64958e+06,2.64492e+06
7,2649770,2.64978e+06,2.64978e+06,2.6498e+06,2.64515e+06
1,2649990,2.64999e+06,2.65e+06,2.65002e+06,2.64537e+06
10,2650320,2.65021e+06,2.65022e+06,2.65024e+06,2.64559e+06
2,2650690,2.65069e+06,2.65067e+06,2.65066e+06,2.64603e+06
3,2650890,2.6509e+06,2.65089e+06,2.65088e+06,2.64625e+06
8,2651090,2.65112e+06,2.6511e+06,2.6511e+06,2.64647e+06
4,2651300,2.65134e+06,2.65132e+06,2.65132e+06,2.64669e+06
6,2651530,2.65156e+06,2.65154e+06,2.65154e+06,2.64692e+06
5,2651760,2.65178e+06,2.65176e+06,2.65176e+06,2.64714e+06
7,2652000,2.65199e+06,2.65198e+06,2.65198e+06,2.64736e+06
9,2652210,2.65221e+06,2.6522e+06,2.6522e+06,2.64758e+06
1,2652520,2.65243e+06,2.65242e+06,2.65242e+06,2.6478e+06
10,2652670,2.65265e+06,2.65264e+06,2.65264e+06,2.64802e+06
2,2652840,2.65287e+06,2.65286e+06,2.65286e+06,2.64824e+06
8,2653100,2.65308e+06,2.65308e+06,2.65308e+06,2.64846e+06
3,2653270,2.6533e+06,2.6533e+06,2.65331e+06,2.64869e+06
6,2653520,2.65352e+06,2.65352e+06,2.65353e+06,2.64891e+06
4,2653730,2.65374e+06,2.65374e+06,2.65375e+06,2.64913e+06
7,2653960,2.65396e+06,2.65396e+06,2.65397e+06,2.64935e+06
5,2654140,2.65417e+06,2.65418e+06,2.65419e+06,2.64957e+06
1,2654310,2.65439e+06,2.6544e+06,2.65441e+06,2.64979e+06
9,2654600,2.65461e+06,2.65462e+06,2.65463e+06,2.65001e+06
10,2654950,2.65483e+06,2.65484e+06,2.65485e+06,2.65023e+06
8,2655300,2.65531e+06,2.65528e+06,2.65528e+06,2.65068e+06
2,2655550,2.65553e+06,2.6555e+06,2.6555e+06,2.6509e+06
6,2655790,2.65575e+06,2.65572e+06,2.65572e+06,2.65112e+06
3,2656020,2.65596e+06,2.65594e+06,2.65594e+06,2.65134e+06
7,2656180,2.65618e+06,2.65616e+06,2.65616e+06,2.65156e+06
4,2656400,2.6564e+06,2.65638e+06,2.65638e+06,2.65178e+06
1,2656540,2.65661e+06,2.6566e+06,2.6566e+06,2.652e+06
5,2656780,2.65683e+06,2.65682e+06,2.65682e+06,2.65223e+06
9,2657020,2.65705e+06,2.65704e+06,2.65704e+06,2.65245e+06
10,2657240,2.65727e+06,2.65726e+06,2.65727e+06,2.65267e+06
8,2657500,2.65748e+06,2.65748e+06,2.65749e+06,2.65289e+06
6,2657730,2.6577e+06,2.6577e+06,2.65771e+06,2.65311e+06
2,2658010,2.65792e+06,2.65792e+06,2.65793e+06,2.65333e+06
7,2658170,2.65814e+06,2.65814e+06,2.65815e+06,2.65355e+06
3,2658380,2.65835e+06,2.65836e+06,2.65837e+06,2.65377e+06
1,2658520,2.65857e+06,2.65858e+06,2.65859e+06,2.654e+06
4,2658730,2.65879e+06,2.6588e+06,2.65881e+06,2.65422e+06
9,2658980,2.659e+06,2.65902e+06,2.65903e+06,2.65444e+06
5,2659210,2.65922e+06,2.65924e+06,2.65925e+06,2.65466e+06
10,2659470,2.65944e+06,2.65946e+06,2.65947e+06,2.65488e+06
6,2659920,2.65992e+06,2.6599e+06,2.6599e+06,2.65532e+06
8,2660150,2.66014e+06,2.66012e+06,2.66012e+06,2.65555e+06
7,2660400,2.66036e+06,2.66034e+06,2.66034e+06,2.65577e+06
2,2660620,2.66058e+06,2.66056e+06,2.66056e+06,2.65599e+06
1,2660770,2.66079e+06,2.66078e+06,2.66078e+06,2.65621e+06
3,2661060,2.66101e+06,2.661e+06,2.661e+06,2.65643e+06
9,2661240,2.66123e+06,2.66122e+06,2.66122e+06,2.65665e+06
4,2661380,2.66145e+06,2.66144e+06,2.66144e+06,2.65687e+06
5,2661640,2.66167e+06,2.66166e+06,2.66166e+06,2.65709e+06
10,2661830,2.66188e+06,2.66188e+06,2.66188e+06,2.65732e+06
6,2662070,2.6621e+06,2.6621e+06,2.6621e+06,2.65754e+06
7,2662330,2.66232e+06,2.66232e+06,2.66232e+06,2.65776e+06
8,2662560,2.66254e+06,2.66254e+06,2.66254e+06,2.65798e+06
1,2662730,2.66276e+06,2.66276e+06,2.66276e+06,2.6582e+06
2,2662970,2.66297e+06,2.66298e+06,2.66298e+06,2.65842e+06
9,2663180,2.66319e+06,2.6632e+06,2.6632e+06,2.65864e+06
3,2663380,2.66341e+06,2.66342e+06,2.66343e+06,2.65886e+06
5,2663660,2.66363e+06,2.66364e+06,2.66365e+06,2.65909e+06
4,2663840,2.66384e+06,2.66386e+06,2.66387e+06,2.65931e+06
10,2664130,2.66406e+06,2.66408e+06,2.66409e+06,2.65953e+06
7,2664540,2.66453e+06,2.66451e+06,2.6645e+06,2.65997e+06
6,2664800,2.66475e+06,2.66473e+06,2.66472e+06,2.66019e+06
1,2664960,2.66497e+06,2.66495e+06,2.66494e+06,2.66041e+06
8,2665140,2.66519e+06,2.66517e+06,2.66516e+06,2.66063e+06
9,2665410,2.6654e+06,2.66539e+06,2.66538e+06,2.66086e+06
2,2665580,2.66562e+06,2.66561e+06,2.6656e+06,2.66108e+06
5,2665840,2.66584e+06,2.66583e+06,2.66582e+06,2.6613e+06
3,2666090,2.66606e+06,2.66605e+06,2.66604e+06,2.66152e+06
4,2666260,2.66627e+06,2.66627e+06,2.66627e+06,2.66174e+06
10,2666470,2.66649e+06,2.66649e+06,2.66649e+06,2.66196e+06
7,2666690,2.66671e+06,2.66671e+06,2.66671e+06,2.66218e+06
1,2666870,2.66693e+06,2.66693e+06,2.66693e+06,2.6624e+06
6,2667100,2.66714e+06,2.66715e+06,2.66715e+06,2.66263e+06
9,2667350,2.66736e+06,2.66737e+06,2.66737e+06,2.66285e+06
8,2667590,2.66758e+06,2.66759e+06,2.66759e+06,2.66307e+06
5,2667800,2.6678e+06,2.66781e+06,2.66781e+06,2.66329e+06
2,2668010,2.66801e+06,2.66803e+06,2.66803e+06,2.66351e+06
4,2668210,2.66823e+06,2.66825e+06,2.66825e+06,2.66373e+06
3,2668450,2.66845e+06,2.66846e+06,2.66847e+06,2.66395e+06
10,2668760,2.66866e+06,2.66868e+06,2.66869e+06,2.66417e+06
1,2669170,2.66914e+06,2.66913e+06,2.66912e+06,2.66462e+06
7,2669320,2.66936e+06,2.66935e+06,2.66934e+06,2.66484e+06
9,2669580,2.66958e+06,2.66957e+06,2.66956e+06,2.66506e+06
6,2669760,2.6698e+06,2.66979e+06,2.66978e+06,2.66528e+06
5,2670030,2.67002e+06,2.67001e+06,2.67e+06,2.6655e+06
8,2670240,2.67024e+06,2.67023e+06,2.67023e+06,2.66572e+06
4,2670470,2.67046e+06,2.67045e+06,2.67045e+06,2.66595e+06
2,2670690,2.67068e+06,2.67067e+06,2.67067e+06,2.66617e+06
3,2670870,2.6709e+06,2.67089e+06,2.67089e+06,2.66639e+06
10,2671090,2.67111e+06,2.67111e+06,2.67111e+06,2.66661e+06
1,2671340,2.67133e+06,2.67133e+06,2.67133e+06,2.66683e+06
9,2671580,2.67155e+06,2.67155e+06,2.67156e+06,2.66705e+06
7,2671790,2.67177e+06,2.67177e+06,2.67178e+06,2.66727e+06
5,2672000,2.67199e+06,2.67199e+06,2.672e+06,2.66749e+06
6,2672190,2.67221e+06,2.67221e+06,2.67222e+06,2.66772e+06
4,2672400,2.67243e+06,2.67243e+06,2.67244e+06,2.66794e+06
8,2672650,2.67265e+06,2.67265e+06,2.67266e+06,2.66816e+06
3,2672820,2.67287e+06,2.67287e+06,2.67289e+06,2.66838e+06
2,2673090,2.67309e+06,2.67309e+06,2.67311e+06,2.6686e+06
10,2673380,2.6733e+06,2.67331e+06,2.67333e+06,2.66882e+06
9,2673850,2.6738e+06,2.67376e+06,2.67379e+06,2.66926e+06
1,2673990,2.67402e+06,2.67398e+06,2.67401e+06,2.66949e+06
7,2674250,2.67424e+06,2.6742e+06,2.67423e+06,2.66971e+06
6,2674440,2.67445e+06,2.67442e+06,2.67445e+06,2.66993e+06
5,2674640,2.67467e+06,2.67464e+06,2.67467e+06,2.67015e+06
4,2675070,2.67489e+06,2.67486e+06,2.67489e+06,2.67037e+06
8,2675200,2.67511e+06,2.67508e+06,2.67511e+06,2.67059e+06
2,2675380,2.67532e+06,2.6753e+06,2.67532e+06,2.67081e+06
3,2675500,2.67554e+06,2.67552e+06,2.67554e+06,2.67103e+06
10,2675680,2.67576e+06,2.67574e+06,2.67576e+06,2.67126e+06
9,2676020,2.67597e+06,2.67596e+06,2.67598e+06,2.67148e+06
7,2676240,2.67619e+06,2.67619e+06,2.6762e+06,2.6717e+06
1,2676410,2.67641e+06,2.67641e+06,2.67642e+06,2.67192e+06
5,2676620,2.67662e+06,2.67663e+06,2.67664e+06,2.67214e+06
6,2676870,2.67684e+06,2.67685e+06,2.67686e+06,2.67236e+06
4,2677050,2.67706e+06,2.67707e+06,2.67708e+06,2.67258e+06
8,2677330,2.67728e+06,2.67729e+06,2.6773e+06,2.6728e+06
2,2677360,2.67749e+06,2.67751e+06,2.67752e+06,2.67303e+06
3,2677560,2.67771e+06,2.67773e+06,2.67774e+06,2.67325e+06
10,2678000,2.67793e+06,2.67795e+06,2.67796e+06,2.67347e+06
7,2678410,2.67839e+06,2.67835e+06,2.67832e+06,2.67391e+06
9,2678670,2.6786e+06,2.67856e+06,2.67854e+06,2.67413e+06
5,2678820,2.67881e+06,2.67878e+06,2.67876e+06,2.67435e+06
1,2679060,2.67902e+06,2.679e+06,2.67898e+06,2.67457e+06
4,2679200,2.67924e+06,2.67922e+06,2.6792e+06,2.6748e+06
6,2679450,2.67945e+06,2.67944e+06,2.67941e+06,2.67502e+06
2,2679670,2.67966e+06,2.67966e+06,2.67963e+06,2.67524e+06
3,2679730,2.67987e+06,2.67988e+06,2.67985e+06,2.67546e+06
8,2679850,2.68008e+06,2.6801e+06,2.68007e+06,2.67568e+06
10,2680310,2.68029e+06,2.68032e+06,2.68029e+06,2.6759e+06
7,2680560,2.68051e+06,2.68053e+06,2.68051e+06,2.67612e+06
5,2680790,2.68072e+06,2.68075e+06,2.68072e+06,2.67635e+06
9,2681000,2.68093e+06,2.68097e+06,2.68094e+06,2.67657e+06
4,2681210,2.68114e+06,2.68119e+06,2.68116e+06,2.67679e+06
1,2681450,2.68135e+06,2.68141e+06,2.68138e+06,2.67701e+06
2,2681570,2.68157e+06,2.68163e+06,2.6816e+06,2.67723e+06
3,2681690,2.68178e+06,2.68185e+06,2.68181e+06,2.67745e+06
6,2681820,2.68199e+06,2.68207e+06,2.68203e+06,2.67767e+06
8,2682140,2.6822e+06,2.68228e+06,2.68225e+06,2.67789e+06
10,2682530,2.68241e+06,2.6825e+06,2.68247e+06,2.67812e+06
5,2682990,2.68294e+06,2.68293e+06,2.68292e+06,2.67856e+06
7,2683230,2.68315e+06,2.68315e+06,2.68314e+06,2.67878e+06
4,2683380,2.68337e+06,2.68337e+06,2.68336e+06,2.679e+06
9,2683630,2.68359e+06,2.68359e+06,2.68358e+06,2.67922e+06
3,2683890,2.6838e+06,2.68381e+06,2.6838e+06,2.67944e+06
1,2684120,2.68402e+06,2.68402e+06,2.68402e+06,2.67966e+06
2,2684170,2.68423e+06,2.68424e+06,2.68423e+06,2.67989e+06
6,2684440,2.68445e+06,2.68446e+06,2.68445e+06,2.68011e+06
8,2684650,2.68467e+06,2.68468e+06,2.68467e+06,2.68033e+06
10,2684810,2.68488e+06,2.6849e+06,2.68489e+06,2.68055e+06
5,2685080,2.6851e+06,2.68512e+06,2.68511e+06,2.68077e+06
4,2685300,2.68531e+06,2.68533e+06,2.68533e+06,2.68099e+06
7,2685550,2.68553e+06,2.68555e+06,2.68555e+06,2.68121e+06
3,2685780,2.68574e+06,2.68577e+06,2.68577e+06,2.68143e+06
9,2685940,2.68596e+06,2.68599e+06,2.68599e+06,2.68166e+06
2,2686140,2.68618e+06,2.68621e+06,2.68621e+06,2.68188e+06
1,2686450,2.68639e+06,2.68643e+06,2.68643e+06,2.6821e+06
8,2686600,2.68661e+06,2.68664e+06,2.68665e+06,2.68232e+06
6,2686810,2.68682e+06,2.68686e+06,2.68686e+06,2.68254e+06
10,2687070,2.68704e+06,2.68708e+06,2.68708e+06,2.68276e+06
4,2687480,2.68752e+06,2.68751e+06,2.68749e+06,2.6832e+06
5,2687730,2.68774e+06,2.68772e+06,2.68771e+06,2.68343e+06
3,2688000,2.68795e+06,2.68794e+06,2.68793e+06,2.68365e+06
7,2688210,2.68817e+06,2.68816e+06,2.68815e+06,2.68387e+06
2,2688360,2.68839e+06,2.68838e+06,2.68837e+06,2.68409e+06
9,2688580,2.6886e+06,2.6886e+06,2.68859e+06,2.68431e+06
8,2688820,2.68882e+06,2.68882e+06,2.6888e+06,2.68453e+06
1,2689040,2.68903e+06,2.68903e+06,2.68902e+06,2.68475e+06
6,2689280,2.68925e+06,2.68925e+06,2.68924e+06,2.68497e+06
10,2689400,2.68946e+06,2.68947e+06,2.68946e+06,2.6852e+06
4,2689620,2.68968e+06,2.68969e+06,2.68968e+06,2.68542e+06
3,2689870,2.6899e+06,2.68991e+06,2.6899e+06,2.68564e+06
5,2690120,2.69011e+06,2.69012e+06,2.69012e+06,2.68586e+06
2,2690310,2.69033e+06,2.69034e+06,2.69033e+06,2.68608e+06
7,2690560,2.69054e+06,2.69056e+06,2.69055e+06,2.6863e+06
8,2690770,2.69076e+06,2.69078e+06,2.69077e+06,2.68652e+06
9,2690950,2.69097e+06,2.691e+06,2.69099e+06,2.68675e+06
6,2691180,2.69119e+06,2.69121e+06,2.69121e+06,2.68697e+06
1,2691410,2.69141e+06,2.69143e+06,2.69143e+06,2.68719e+06
10,2691700,2.69162e+06,2.69165e+06,2.69165e+06,2.68741e+06
3,2692130,2.69211e+06,2.69208e+06,2.69207e+06,2.68785e+06
4,2692310,2.69232e+06,2.6923e+06,2.69229e+06,2.68807e+06
2,2692510,2.69254e+06,2.69252e+06,2.69251e+06,2.68829e+06
5,2692760,2.69275e+06,2.69274e+06,2.69273e+06,2.68852e+06
8,2692960,2.69297e+06,2.69295e+06,2.69294e+06,2.68874e+06
7,2693190,2.69318e+06,2.69317e+06,2.69316e+06,2.68896e+06
6,2693480,2.6934e+06,2.69339e+06,2.69338e+06,2.68918e+06
9,2693650,2.69361e+06,2.69361e+06,2.6936e+06,2.6894e+06
1,2693720,2.69383e+06,2.69382e+06,2.69382e+06,2.68962e+06
10,2694010,2.69404e+06,2.69404e+06,2.69404e+06,2.68984e+06
3,2694240,2.69426e+06,2.69426e+06,2.69426e+06,2.69006e+06
2,2694490,2.69447e+06,2.69448e+06,2.69448e+06,2.69029e+06
4,2694690,2.69469e+06,2.6947e+06,2.6947e+06,2.69051e+06
8,2694920,2.6949e+06,2.69491e+06,2.69492e+06,2.69073e+06
5,2695140,2.69512e+06,2.69513e+06,2.69514e+06,2.69095e+06
6,2695340,2.69533e+06,2.69535e+06,2.69536e+06,2.69117e+06
7,2695530,2.69555e+06,2.69557e+06,2.69557e+06,2.69139e+06
1,2695710,2.69576e+06,2.69579e+06,2.69579e+06,2.69161e+06
9,2695940,2.69598e+06,2.696e+06,2.69601e+06,2.69183e+06
10,2696280,2.69619e+06,2.69622e+06,2.69623e+06,2.69206e+06
2,2696660,2.69668e+06,2.69666e+06,2.69665e+06,2.6925e+06
3,2696940,2.6969e+06,2.69688e+06,2.69687e+06,2.69272e+06
8,2697110,2.69712e+06,2.6971e+06,2.69709e+06,2.69294e+06
4,2697300,2.69733e+06,2.69732e+06,2.69731e+06,2.69316e+06
6,2697570,2.69755e+06,2.69754e+06,2.69753e+06,2.69338e+06
5,2697800,2.69777e+06,2.69776e+06,2.69775e+06,2.6936e+06
1,2697990,2.69798e+06,2.69797e+06,2.69797e+06,2.69383e+06
7,2698200,2.6982e+06,2.69819e+06,2.69819e+06,2.69405e+06
9,2698400,2.69842e+06,2.69841e+06,2.69841e+06,2.69427e+06
10,2698600,2.69864e+06,2.69863e+06,2.69863e+06,2.69449e+06
2,2698800,2.69885e+06,2.69885e+06,2.69885e+06,2.69471e+06
8,2699050,2.69907e+06,2.69906e+06,2.69907e+06,2.69493e+06
3,2699270,2.69929e+06,2.69928e+06,2.69929e+06,2.69515e+06
6,2699520,2.6995e+06,2.6995e+06,2.69951e+06,2.69537e+06
4,2699750,2.69972e+06,2.69972e+06,2.69973e+06,2.6956e+06
1,2699910,2.69994e+06,2.69994e+06,2.69995e+06,2.69582e+06
5,2700130,2.70015e+06,2.70015e+06,2.70017e+06,2.69604e+06
9,2700390,2.70037e+06,2.70037e+06,2.70039e+06,2.69626e+06
7,2700620,2.70059e+06,2.70059e+06,2.70061e+06,2.69648e+06
10,2700850,2.7008e+06,2.70081e+06,2.70083e+06,2.6967e+06
8,2701210,2.70129e+06,2.70126e+06,2.70126e+06,2.69715e+06
2,2701490,2.7015e+06,2.70148e+06,2.70148e+06,2.69737e+06
6,2701700,2.70172e+06,2.7017e+06,2.7017e+06,2.69759e+06
3,2701970,2.70194e+06,2.70192e+06,2.70192e+06,2.69781e+06
1,2702150,2.70216e+06,2.70213e+06,2.70214e+06,2.69803e+06
4,2702420,2.70237e+06,2.70235e+06,2.70236e+06,2.69825e+06
9,2702620,2.70259e+06,2.70257e+06,2.70258e+06,2.69847e+06
5,2702820,2.70281e+06,2.70279e+06,2.7028e+06,2.69869e+06
7,2703070,2.70303e+06,2.70301e+06,2.70302e+06,2.69892e+06
10,2703230,2.70324e+06,2.70323e+06,2.70324e+06,2.69914e+06
8,2703440,2.70346e+06,2.70345e+06,2.70346e+06,2.69936e+06
6,2703630,2.70368e+06,2.70366e+06,2.70368e+06,2.69958e+06
2,2703900,2.70389e+06,2.70388e+06,2.7039e+06,2.6998e+06
1,2704160,2.70411e+06,2.7041e+06,2.70412e+06,2.70002e+06
3,2704230,2.70433e+06,2.70432e+06,2.70434e+06,2.70024e+06
9,2704570,2.70455e+06,2.70454e+06,2.70456e+06,2.70046e+06
4,2704730,2.70476e+06,2.70476e+06,2.70478e+06,2.70069e+06
7,2704990,2.70498e+06,2.70498e+06,2.705e+06,2.70091e+06
5,2705140,2.7052e+06,2.70519e+06,2.70522e+06,2.70113e+06
10,2705520,2.70542e+06,2.70541e+06,2.70544e+06,2.70135e+06
6,2705910,2.7059e+06,2.70586e+06,2.70586e+06,2.70179e+06
8,2706100,2.70611e+06,2.70608e+06,2.70608e+06,2.70201e+06
1,2706330,2.70633e+06,2.7063e+06,2.7063e+06,2.70223e+06
2,2706630,2.70655e+06,2.70652e+06,2.70652e+06,2.70246e+06
9,2706810,2.70676e+06,2.70674e+06,2.70674e+06,2.70268e+06
3,2706970,2.70698e+06,2.70695e+06,2.70696e+06,2.7029e+06
7,2707140,2.70719e+06,2.70717e+06,2.70718e+06,2.70312e+06
4,2707360,2.70741e+06,2.70739e+06,2.7074e+06,2.70334e+06
5,2707580,2.70763e+06,2.70761e+06,2.70762e+06,2.70356e+06
10,2707850,2.70784e+06,2.70783e+06,2.70784e+06,2.70378e+06
6,2708050,2.70806e+06,2.70805e+06,2.70806e+06,2.704e+06
1,2708270,2.70828e+06,2.70827e+06,2.70828e+06,2.70423e+06
8,2708470,2.70849e+06,2.70849e+06,2.7085e+06,2.70445e+06
9,2708730,2.70871e+06,2.70871e+06,2.70872e+06,2.70467e+06
2,2708970,2.70892e+06,2.70892e+06,2.70894e+06,2.70489e+06
7,2709090,2.70914e+06,2.70914e+06,2.70916e+06,2.70511e+06
3,2709330,2.70936e+06,2.70936e+06,2.70938e+06,2.70533e+06
5,2709570,2.70957e+06,2.70958e+06,2.7096e+06,2.70555e+06
4,2709770,2.70979e+06,2.7098e+06,2.70982e+06,2.70578e+06
10,2710080,2.71001e+06,2.71002e+06,2.71004e+06,2.706e+06
1,2710570,2.7105e+06,2.71046e+06,2.71046e+06,2.70644e+06
6,2710750,2.71071e+06,2.71068e+06,2.71068e+06,2.70666e+06
8,2710950,2.71093e+06,2.7109e+06,2.7109e+06,2.70688e+06
2,2711170,2.71114e+06,2.71112e+06,2.71112e+06,2.7071e+06
9,2711350,2.71136e+06,2.71134e+06,2.71134e+06,2.70732e+06
3,2711530,2.71158e+06,2.71156e+06,2.71156e+06,2.70755e+06
7,2711720,2.71179e+06,2.71178e+06,2.71178e+06,2.70777e+06
4,2711900,2.71201e+06,2.712e+06,2.712e+06,2.70799e+06
5,2712200,2.71222e+06,2.71221e+06,2.71222e+06,2.70821e+06
10,2712420,2.71244e+06,2.71243e+06,2.71244e+06,2.70843e+06
1,2712730,2.71266e+06,2.71265e+06,2.71266e+06,2.70865e+06
6,2712900,2.71287e+06,2.71287e+06,2.71288e+06,2.70887e+06
8,2713160,2.71309e+06,2.71309e+06,2.7131e+06,2.70909e+06
9,2713370,2.7133e+06,2.71331e+06,2.71332e+06,2.70932e+06
2,2713560,2.71352e+06,2.71353e+06,2.71354e+06,2.70954e+06
7,2713730,2.71374e+06,2.71375e+06,2.71376e+06,2.70976e+06
3,2713900,2.71395e+06,2.71397e+06,2.71398e+06,2.70998e+06
5,2714130,2.71417e+06,2.71418e+06,2.7142e+06,2.7102e+06
4,2714300,2.71438e+06,2.7144e+06,2.71442e+06,2.71042e+06
10,2714670,2.7146e+06,2.71462e+06,2.71464e+06,2.71064e+06
6,2715100,2.71509e+06,2.71506e+06,2.71506e+06,2.71109e+06
1,2715340,2.7153e+06,2.71528e+06,2.71528e+06,2.71131e+06
8,2715520,2.71552e+06,2.7155e+06,2.7155e+06,2.71153e+06
2,2715820,2.71574e+06,2.71572e+06,2.71572e+06,2.71175e+06
9,2716000,2.71595e+06,2.71593e+06,2.71593e+06,2.71197e+06
3,2716130,2.71617e+06,2.71615e+06,2.71615e+06,2.71219e+06
7,2716360,2.71638e+06,2.71637e+06,2.71637e+06,2.71241e+06
4,2716520,2.7166e+06,2.71659e+06,2.71659e+06,2.71263e+06
5,2716750,2.71681e+06,2.71681e+06,2.71681e+06,2.71286e+06
10,2716980,2.71703e+06,2.71703e+06,2.71703e+06,2.71308e+06
6,2717250,2.71725e+06,2.71725e+06,2.71725e+06,2.7133e+06
8,2717480,2.71746e+06,2.71747e+06,2.71747e+06,2.71352e+06
1,2717660,2.71768e+06,2.71768e+06,2.71769e+06,2.71374e+06
9,2717930,2.71789e+06,2.7179e+06,2.7179e+06,2.71396e+06
2,2718150,2.71811e+06,2.71812e+06,2.71812e+06,2.71418e+06
7,2718340,2.71832e+06,2.71834e+06,2.71834e+06,2.7144e+06
3,2718560,2.71854e+06,2.71856e+06,2.71856e+06,2.71463e+06
5,2718730,2.71875e+06,2.71878e+06,2.71878e+06,2.71485e+06
4,2718920,2.71897e+06,2.719e+06,2.719e+06,2.71507e+06
10,2719230,2.71919e+06,2.71922e+06,2.71922e+06,2.71529e+06
8,2719630,2.71966e+06,2.71964e+06,2.71962e+06,2.71573e+06
6,2719880,2.71988e+06,2.71986e+06,2.71984e+06,2.71595e+06
9,2720140,2.7201e+06,2.72008e+06,2.72006e+06,2.71618e+06
1,2720250,2.72031e+06,2.7203e+06,2.72028e+06,2.7164e+06
7,2720520,2.72053e+06,2.72052e+06,2.7205e+06,2.71662e+06
2,2720790,2.72074e+06,2.72074e+06,2.72072e+06,2.71684e+06
5,2720910,2.72096e+06,2.72095e+06,2.72094e+06,2.71706e+06
3,2721140,2.72118e+06,2.72117e+06,2.72116e+06,2.71728e+06
4,2721410,2.72139e+06,2.72139e+06,2.72138e+06,2.7175e+06
10,2721560,2.72161e+06,2.72161e+06,2.7216e+06,2.71772e+06
8,2721790,2.72182e+06,2.72183e+06,2.72182e+06,2.71795e+06
9,2722050,2.72204e+06,2.72205e+06,2.72204e+06,2.71817e+06
6,2722310,2.72226e+06,2.72227e+06,2.72226e+06,2.71839e+06
7,2722480,2.72247e+06,2.72248e+06,2.72248e+06,2.71861e+06
1,2722690,2.72269e+06,2.7227e+06,2.7227e+06,2.71883e+06
5,2722900,2.7229e+06,2.72292e+06,2.72292e+06,2.71905e+06
2,2723120,2.72312e+06,2.72314e+06,2.72314e+06,2.71927e+06
4,2723290,2.72334e+06,2.72336e+06,2.72336e+06,2.71949e+06
3,2723520,2.72355e+06,2.72358e+06,2.72358e+06,2.71972e+06
10,2723870,2.72377e+06,2.7238e+06,2.7238e+06,2.71994e+06
9,2724310,2.72427e+06,2.72425e+06,2.72424e+06,2.72038e+06
8,2724520,2.72448e+06,2.72447e+06,2.72446e+06,2.7206e+06
7,2724720,2.7247e+06,2.72469e+06,2.72469e+06,2.72082e+06
6,2724920,2.72492e+06,2.72491e+06,2.72491e+06,2.72104e+06
5,2725120,2.72514e+06,2.72512e+06,2.72513e+06,2.72126e+06
1,2725360,2.72536e+06,2.72534e+06,2.72535e+06,2.72149e+06
4,2725570,2.72558e+06,2.72556e+06,2.72557e+06,2.72171e+06
2,2725800,2.72579e+06,2.72578e+06,2.72579e+06,2.72193e+06
3,2725960,2.72601e+06,2.726e+06,2.72601e+06,2.72215e+06
10,2726140,2.72623e+06,2.72622e+06,2.72623e+06,2.72237e+06
9,2726480,2.72645e+06,2.72644e+06,2.72645e+06,2.72259e+06
7,2726670,2.72667e+06,2.72666e+06,2.72667e+06,2.72281e+06
8,2726900,2.72689e+06,2.72688e+06,2.7269e+06,2.72303e+06
5,2727150,2.7271e+06,2.7271e+06,2.72712e+06,2.72326e+06
6,2727350,2.72732e+06,2.72731e+06,2.72734e+06,2.72348e+06
4,2727540,2.72754e+06,2.72753e+06,2.72756e+06,2.7237e+06
1,2727750,2.72776e+06,2.72775e+06,2.72778e+06,2.72392e+06
3,2727950,2.72798e+06,2.72797e+06,2.728e+06,2.72414e+06
2,2728200,2.7282e+06,2.72819e+06,2.72822e+06,2.72436e+06
10,2728450,2.72841e+06,2.72841e+06,2.72844e+06,2.72458e+06
7,2728880,2.72889e+06,2.72886e+06,2.72887e+06,2.72503e+06
9,2729100,2.72911e+06,2.72908e+06,2.72909e+06,2.72525e+06
5,2729330,2.72933e+06,2.7293e+06,2.72931e+06,2.72547e+06
8,2729560,2.72954e+06,2.72952e+06,2.72953e+06,2.72569e+06
4,2729720,2.72976e+06,2.72974e+06,2.72975e+06,2.72591e+06
6,2729970,2.72998e+06,2.72996e+06,2.72997e+06,2.72613e+06
3,2730250,2.7302e+06,2.73018e+06,2.73019e+06,2.72635e+06
1,2730460,2.73042e+06,2.7304e+06,2.73041e+06,2.72658e+06
2,2730600,2.73064e+06,2.73062e+06,2.73063e+06,2.7268e+06
10,2730810,2.73086e+06,2.73084e+06,2.73085e+06,2.72702e+06
7,2731040,2.73107e+06,2.73106e+06,2.73107e+06,2.72724e+06
5,2731300,2.73129e+06,2.73128e+06,2.73129e+06,2.72746e+06
9,2731510,2.73151e+06,2.7315e+06,2.73151e+06,2.72768e+06
4,2731680,2.73173e+06,2.73172e+06,2.73173e+06,2.7279e+06
8,2731870,2.73195e+06,2.73194e+06,2.73195e+06,2.72812e+06
3,2732160,2.73217e+06,2.73215e+06,2.73217e+06,2.72835e+06
6,2732380,2.73238e+06,2.73237e+06,2.73239e+06,2.72857e+06
2,2732640,2.7326e+06,2.73259e+06,2.73261e+06,2.72879e+06
1,2732820,2.73282e+06,2.73281e+06,2.73283e+06,2.72901e+06
10,2733140,2.73304e+06,2.73303e+06,2.73305e+06,2.72923e+06
5,2733460,2.73351e+06,2.73347e+06,2.73347e+06,2.72967e+06
7,2733730,2.73372e+06,2.73369e+06,2.73369e+06,2.72989e+06
4,2733960,2.73394e+06,2.73391e+06,2.73391e+06,2.73012e+06
9,2734170,2.73416e+06,2.73413e+06,2.73413e+06,2.73034e+06
3,2734400,2.73437e+06,2.73435e+06,2.73435e+06,2.73056e+06
8,2734570,2.73459e+06,2.73457e+06,2.73457e+06,2.73078e+06
2,2734730,2.73481e+06,2.73479e+06,2.73479e+06,2.731e+06
6,2735000,2.73502e+06,2.73501e+06,2.73501e+06,2.73122e+06
1,2735220,2.73524e+06,2.73523e+06,2.73523e+06,2.73144e+06
10,2735460,2.73546e+06,2.73545e+06,2.73545e+06,2.73166e+06
5,2735690,2.73567e+06,2.73567e+06,2.73567e+06,2.73189e+06
4,2735920,2.73589e+06,2.73589e+06,2.73589e+06,2.73211e+06
7,2736120,2.73611e+06,2.73611e+06,2.73611e+06,2.73233e+06
3,2736360,2.73632e+06,2.73633e+06,2.73633e+06,2.73255e+06
9,2736540,2.73654e+06,2.73654e+06,2.73655e+06,2.73277e+06
2,2736780,2.73676e+06,2.73676e+06,2.73677e+06,2.73299e+06
8,2736920,2.73697e+06,2.73698e+06,2.73699e+06,2.73321e+06
1,2737090,2.73719e+06,2.7372e+06,2.73721e+06,2.73343e+06
6,2737390,2.7374e+06,2.73742e+06,2.73743e+06,2.73366e+06
10,2737700,2.73762e+06,2.73764e+06,2.73765e+06,2.73388e+06
4,2738100,2.7381e+06,2.73807e+06,2.73806e+06,2.73432e+06
5,2738350,2.73832e+06,2.73829e+06,2.73828e+06,2.73454e+06
3,2738580,2.73853e+06,2.73851e+06,2.7385e+06,2.73476e+06
7,2738760,2.73875e+06,2.73873e+06,2.73872e+06,2.73498e+06
2,2738960,2.73896e+06,2.73895e+06,2.73894e+06,2.7352e+06
9,2739180,2.73918e+06,2.73917e+06,2.73916e+06,2.73543e+06
1,2739310,2.73939e+06,2.73939e+06,2.73938e+06,2.73565e+06
8,2739560,2.73961e+06,2.73961e+06,2.7396e+06,2.73587e+06
6,2739840,2.73983e+06,2.73982e+06,2.73982e+06,2.73609e+06
10,2739980,2.74004e+06,2.74004e+06,2.74004e+06,2.73631e+06
4,2740240,2.74026e+06,2.74026e+06,2.74026e+06,2.73653e+06
3,2740510,2.74047e+06,2.74048e+06,2.74048e+06,2.73675e+06
5,2740730,2.74069e+06,2.7407e+06,2.7407e+06,2.73698e+06
2,2740980,2.7409e+06,2.74092e+06,2.74092e+06,2.7372e+06
7,2741080,2.74112e+06,2.74114e+06,2.74114e+06,2.73742e+06
1,2741280,2.74134e+06,2.74136e+06,2.74135e+06,2.73764e+06
9,2741520,2.74155e+06,2.74158e+06,2.74157e+06,2.73786e+06
6,2741760,2.74177e+06,2.7418e+06,2.74179e+06,2.73808e+06
8,2741970,2.74198e+06,2.74202e+06,2.74201e+06,2.7383e+06
10,2742270,2.7422e+06,2.74223e+06,2.74223e+06,2.73852e+06
3,2742710,2.74268e+06,2.74267e+06,2.74265e+06,2.73897e+06
4,2742890,2.7429e+06,2.74289e+06,2.74287e+06,2.73919e+06
2,2743100,2.74312e+06,2.7431e+06,2.74309e+06,2.73941e+06
5,2743380,2.74333e+06,2.74332e+06,2.74331e+06,2.73963e+06
1,2743540,2.74355e+06,2.74354e+06,2.74353e+06,2.73985e+06
7,2743720,2.74377e+06,2.74376e+06,2.74375e+06,2.74007e+06
6,2744000,2.74398e+06,2.74398e+06,2.74397e+06,2.74029e+06
9,2744190,2.7442e+06,2.7442e+06,2.74419e+06,2.74052e+06
8,2744390,2.74442e+06,2.74442e+06,2.74441e+06,2.74074e+06
10,2744620,2.74463e+06,2.74464e+06,2.74463e+06,2.74096e+06
3,2744860,2.74485e+06,2.74486e+06,2.74485e+06,2.74118e+06
2,2745090,2.74507e+06,2.74507e+06,2.74507e+06,2.7414e+06
4,2745290,2.74528e+06,2.74529e+06,2.74529e+06,2.74162e+06
1,2745460,2.7455e+06,2.74551e+06,2.74551e+06,2.74184e+06
5,2745730,2.74572e+06,2.74573e+06,2.74573e+06,2.74206e+06
6,2745930,2.74594e+06,2.74595e+06,2.74595e+06,2.74229e+06
7,2746140,2.74615e+06,2.74617e+06,2.74617e+06,2.74251e+06
8,2746370,2.74637e+06,2.74639e+06,2.74639e+06,2.74273e+06
9,2746580,2.74659e+06,2.74661e+06,2.74661e+06,2.74295e+06
10,2746860,2.7468e+06,2.74683e+06,2.74683e+06,2.74317e+06
2,2747270,2.74728e+06,2.74727e+06,2.74726e+06,2.74361e+06
3,2747500,2.7475e+06,2.74748e+06,2.74748e+06,2.74383e+06
1,2747720,2.74772e+06,2.7477e+06,2.7477e+06,2.74406e+06
4,2747960,2.74794e+06,2.74792e+06,2.74792e+06,2.74428e+06
6,2748190,2.74815e+06,2.74814e+06,2.74814e+06,2.7445e+06
5,2748380,2.74837e+06,2.74836e+06,2.74836e+06,2.74472e+06
8,2748560,2.74859e+06,2.74858e+06,2.74858e+06,2.74494e+06
7,2748820,2.74881e+06,2.7488e+06,2.7488e+06,2.74516e+06
9,2749050,2.74902e+06,2.74902e+06,2.74902e+06,2.74538e+06
10,2749150,2.74924e+06,2.74924e+06,2.74924e+06,2.7456e+06
2,2749450,2.74946e+06,2.74946e+06,2.74946e+06,2.74583e+06
1,2749670,2.74967e+06,2.74967e+06,2.74968e+06,2.74605e+06
3,2749880,2.74989e+06,2.74989e+06,2.7499e+06,2.74627e+06
6,2750110,2.75011e+06,2.75011e+06,2.75012e+06,2.74649e+06
4,2750330,2.75033e+06,2.75033e+06,2.75034e+06,2.74671e+06
8,2750520,2.75054e+06,2.75055e+06,2.75056e+06,2.74693e+06
5,2750750,2.75076e+06,2.75077e+06,2.75078e+06,2.74715e+06
9,2750980,2.75098e+06,2.75099e+06,2.751e+06,2.74738e+06
7,2751190,2.7512e+06,2.75121e+06,2.75122e+06,2.7476e+06
10,2751490,2.75141e+06,2.75143e+06,2.75144e+06,2.74782e+06
1,2751890,2.7519e+06,2.75187e+06,2.75186e+06,2.74826e+06
2,2752130,2.75211e+06,2.75209e+06,2.75208e+06,2.74848e+06
3,2752340,2.75233e+06,2.75231e+06,2.7523e+06,2.7487e+06
4,2752550,2.75255e+06,2.75253e+06,2.75252e+06,2.74892e+06
6,2752780,2.75276e+06,2.75275e+06,2.75274e+06,2.74915e+06
5,2752990,2.75298e+06,2.75297e+06,2.75297e+06,2.74937e+06
8,2753190,2.7532e+06,2.75318e+06,2.75319e+06,2.74959e+06
7,2753390,2.75341e+06,2.7534e+06,2.75341e+06,2.74981e+06
9,2753610,2.75363e+06,2.75362e+06,2.75363e+06,2.75003e+06
10,2753830,2.75385e+06,2.75384e+06,2.75385e+06,2.75025e+06
1,2754100,2.75407e+06,2.75406e+06,2.75407e+06,2.75047e+06
3,2754320,2.75428e+06,2.75428e+06,2.75429e+06,2.75069e+06
2,2754520,2.7545e+06,2.7545e+06,2.75451e+06,2.75092e+06
6,2754720,2.75472e+06,2.75472e+06,2.75473e+06,2.75114e+06
4,2754900,2.75493e+06,2.75494e+06,2.75495e+06,2.75136e+06
8,2755110,2.75515e+06,2.75516e+06,2.75517e+06,2.75158e+06
5,2755350,2.75537e+06,2.75538e+06,2.75539e+06,2.7518e+06
9,2755600,2.75559e+06,2.75559e+06,2.75561e+06,2.75202e+06
7,2755740,2.7558e+06,2.75581e+06,2.75583e+06,2.75224e+06
10,2756100,2.75602e+06,2.75603e+06,2.75605e+06,2.75246e+06
3,2756600,2.75651e+06,2.75648e+06,2.7565e+06,2.75291e+06
1,2756790,2.75673e+06,2.7567e+06,2.75672e+06,2.75313e+06
2,2756970,2.75695e+06,2.75692e+06,2.75694e+06,2.75335e+06
4,2757170,2.75717e+06,2.75714e+06,2.75716e+06,2.75357e+06
6,2757400,2.75738e+06,2.75736e+06,2.75737e+06,2.75379e+06
5,2757620,2.7576e+06,2.75758e+06,2.75759e+06,2.75401e+06
8,2757810,2.75782e+06,2.7578e+06,2.75781e+06,2.75423e+06
7,2758050,2.75803e+06,2.75802e+06,2.75803e+06,2.75446e+06
9,2758140,2.75825e+06,2.75824e+06,2.75825e+06,2.75468e+06
10,2758430,2.75847e+06,2.75846e+06,2.75847e+06,2.7549e+06
3,2758660,2.75868e+06,2.75868e+06,2.75869e+06,2.75512e+06
2,2758890,2.7589e+06,2.7589e+06,2.75891e+06,2.75534e+06
1,2759170,2.75912e+06,2.75912e+06,2.75913e+06,2.75556e+06
6,2759330,2.75934e+06,2.75934e+06,2.75935e+06,2.75578e+06
4,2759540,2.75955e+06,2.75955e+06,2.75957e+06,2.756e+06
8,2759750,2.75977e+06,2.75977e+06,2.75979e+06,2.75623e+06
5,2759980,2.75999e+06,2.75999e+06,2.76001e+06,2.75645e+06
9,2760160,2.7602e+06,2.76021e+06,2.76023e+06,2.75667e+06
7,2760480,2.76042e+06,2.76043e+06,2.76045e+06,2.75689e+06
10,2760680,2.76064e+06,2.76065e+06,2.76066e+06,2.75711e+06
2,2761060,2.7611e+06,2.76107e+06,2.76106e+06,2.75755e+06
3,2761320,2.76131e+06,2.76129e+06,2.76128e+06,2.75778e+06
6,2761560,2.76153e+06,2.76151e+06,2.7615e+06,2.758e+06
1,2761730,2.76175e+06,2.76173e+06,2.76172e+06,2.75822e+06
8,2761910,2.76196e+06,2.76195e+06,2.76194e+06,2.75844e+06
4,2762090,2.76218e+06,2.76217e+06,2.76216e+06,2.75866e+06
9,2762410,2.76239e+06,2.76238e+06,2.76237e+06,2.75888e+06
5,2762640,2.76261e+06,2.7626e+06,2.76259e+06,2.7591e+06
7,2762850,2.76282e+06,2.76282e+06,2.76281e+06,2.75932e+06
10,2763030,2.76304e+06,2.76304e+06,2.76303e+06,2.75955e+06
2,2763210,2.76325e+06,2.76326e+06,2.76325e+06,2.75977e+06
6,2763460,2.76347e+06,2.76348e+06,2.76346e+06,2.75999e+06
3,2763690,2.76368e+06,2.7637e+06,2.76368e+06,2.76021e+06
8,2763910,2.7639e+06,2.76392e+06,2.7639e+06,2.76043e+06
1,2764030,2.76411e+06,2.76414e+06,2.76412e+06,2.76065e+06
9,2764320,2.76433e+06,2.76435e+06,2.76434e+06,2.76087e+06
4,2764470,2.76454e+06,2.76457e+06,2.76456e+06,2.76109e+06
7,2764760,2.76476e+06,2.76479e+06,2.76477e+06,2.76132e+06
5,2765000,2.76497e+06,2.76501e+06,2.76499e+06,2.76154e+06
10,2765290,2.76519e+06,2.76523e+06,2.76521e+06,2.76176e+06
6,2765690,2.76567e+06,2.76565e+06,2.76562e+06,2.7622e+06
2,2765960,2.76588e+06,2.76587e+06,2.76584e+06,2.76242e+06
8,2766110,2.7661e+06,2.76609e+06,2.76606e+06,2.76264e+06
3,2766350,2.76631e+06,2.76631e+06,2.76628e+06,2.76286e+06
9,2766520,2.76653e+06,2.76652e+06,2.7665e+06,2.76309e+06
1,2766610,2.76674e+06,2.76674e+06,2.76672e+06,2.76331e+06
7,2766890,2.76696e+06,2.76696e+06,2.76694e+06,2.76353e+06
4,2767100,2.76717e+06,2.76718e+06,2.76716e+06,2.76375e+06
5,2767340,2.76739e+06,2.7674e+06,2.76738e+06,2.76397e+06
10,2767600,2.76761e+06,2.76761e+06,2.7676e+06,2.76419e+06
6,2767870,2.76782e+06,2.76783e+06,2.76782e+06,2.76441e+06
8,2768110,2.76804e+06,2.76805e+06,2.76804e+06,2.76463e+06
2,2768290,2.76825e+06,2.76827e+06,2.76826e+06,2.76486e+06
9,2768500,2.76847e+06,2.76849e+06,2.76848e+06,2.76508e+06
3,2768700,2.76868e+06,2.76871e+06,2.7687e+06,2.7653e+06
7,2768890,2.7689e+06,2.76892e+06,2.76892e+06,2.76552e+06
1,2769020,2.76911e+06,2.76914e+06,2.76914e+06,2.76574e+06
5,2769320,2.76933e+06,2.76936e+06,2.76936e+06,2.76596e+06
4,2769550,2.76954e+06,2.76958e+06,2.76958e+06,2.76618e+06
10,2769820,2.76976e+06,2.7698e+06,2.7698e+06,2.7664e+06
8,2770250,2.77026e+06,2.77025e+06,2.77024e+06,2.76685e+06
6,2770500,2.77048e+06,2.77047e+06,2.77046e+06,2.76707e+06
9,2770740,2.77069e+06,2.77069e+06,2.77068e+06,2.76729e+06
2,2770950,2.77091e+06,2.7709e+06,2.7709e+06,2.76751e+06
7,2771120,2.77113e+06,2.77112e+06,2.77112e+06,2.76773e+06
3,2771360,2.77135e+06,2.77134e+06,2.77134e+06,2.76795e+06
5,2771580,2.77157e+06,2.77156e+06,2.77156e+06,2.76818e+06
1,2771780,2.77179e+06,2.77178e+06,2.77179e+06,2.7684e+06
4,2771980,2.77201e+06,2.772e+06,2.77201e+06,2.76862e+06
10,2772150,2.77222e+06,2.77222e+06,2.77223e+06,2.76884e+06
8,2772450,2.77244e+06,2.77243e+06,2.77245e+06,2.76906e+06
9,2772660,2.77266e+06,2.77265e+06,2.77267e+06,2.76928e+06
6,2772910,2.77288e+06,2.77287e+06,2.77289e+06,2.7695e+06
7,2773110,2.7731e+06,2.77309e+06,2.77311e+06,2.76972e+06
2,2773350,2.77332e+06,2.77331e+06,2.77333e+06,2.76995e+06
5,2773550,2.77353e+06,2.77353e+06,2.77355e+06,2.77017e+06
3,2773760,2.77375e+06,2.77375e+06,2.77377e+06,2.77039e+06
4,2773890,2.77397e+06,2.77397e+06,2.77399e+06,2.77061e+06
1,2774210,2.77419e+06,2.77418e+06,2.77421e+06,2.77083e+06
10,2774450,2.77441e+06,2.7744e+06,2.77444e+06,2.77105e+06
9,2774890,2.77489e+06,2.77486e+06,2.77487e+06,2.77149e+06
8,2775120,2.77511e+06,2.77508e+06,2.77509e+06,2.77172e+06
7,2775310,2.77532e+06,2.7753e+06,2.77531e+06,2.77194e+06
6,2775560,2.77554e+06,2.77551e+06,2.77553e+06,2.77216e+06
5,2775790,2.77576e+06,2.77573e+06,2.77575e+06,2.77238e+06
2,2776060,2.77598e+06,2.77595e+06,2.77597e+06,2.7726e+06
4,2776130,2.77619e+06,2.77617e+06,2.77619e+06,2.77282e+06
3,2776340,2.77641e+06,2.77639e+06,2.77641e+06,2.77304e+06
1,2776610,2.77663e+06,2.77661e+06,2.77663e+06,2.77326e+06
10,2776810,2.77685e+06,2.77683e+06,2.77684e+06,2.77349e+06
9,2777090,2.77706e+06,2.77705e+06,2.77706e+06,2.77371e+06
7,2777270,2.77728e+06,2.77727e+06,2.77728e+06,2.77393e+06
8,2777530,2.7775e+06,2.77749e+06,2.7775e+06,2.77415e+06
5,2777740,2.77771e+06,2.77771e+06,2.77772e+06,2.77437e+06
6,2777970,2.77793e+06,2.77792e+06,2.77794e+06,2.77459e+06
4,2778130,2.77815e+06,2.77814e+06,2.77816e+06,2.77481e+06
2,2778360,2.77837e+06,2.77836e+06,2.77838e+06,2.77503e+06
1,2778530,2.77858e+06,2.77858e+06,2.7786e+06,2.77526e+06
3,2778750,2.7788e+06,2.7788e+06,2.77882e+06,2.77548e+06
10,2779090,2.77902e+06,2.77902e+06,2.77904e+06,2.7757e+06
7,2779460,2.77947e+06,2.77944e+06,2.77943e+06,2.77614e+06
9,2779700,2.77969e+06,2.77966e+06,2.77965e+06,2.77636e+06
5,2779910,2.7799e+06,2.77988e+06,2.77987e+06,2.77658e+06
8,2780140,2.78012e+06,2.7801e+06,2.78008e+06,2.7768e+06
4,2780310,2.78033e+06,2.78032e+06,2.7803e+06,2.77703e+06
6,2780560,2.78055e+06,2.78053e+06,2.78052e+06,2.77725e+06
1,2780640,2.78076e+06,2.78075e+06,2.78074e+06,2.77747e+06
2,2780960,2.78098e+06,2.78097e+06,2.78096e+06,2.77769e+06
3,2781130,2.78119e+06,2.78119e+06,2.78118e+06,2.77791e+06
10,2781410,2.78141e+06,2.78141e+06,2.7814e+06,2.77813e+06
7,2781520,2.78162e+06,2.78163e+06,2.78161e+06,2.77835e+06
5,2781890,2.78184e+06,2.78185e+06,2.78183e+06,2.77858e+06
9,2782060,2.78205e+06,2.78206e+06,2.78205e+06,2.7788e+06
4,2782270,2.78226e+06,2.78228e+06,2.78227e+06,2.77902e+06
8,2782460,2.78248e+06,2.7825e+06,2.78249e+06,2.77924e+06
1,2782690,2.78269e+06,2.78272e+06,2.78271e+06,2.77946e+06
6,2782880,2.78291e+06,2.78294e+06,2.78293e+06,2.77968e+06
3,2783080,2.78312e+06,2.78316e+06,2.78314e+06,2.7799e+06
2,2783400,2.78334e+06,2.78338e+06,2.78336e+06,2.78012e+06
10,2783630,2.78355e+06,2.78359e+06,2.78358e+06,2.78035e+06
5,2784040,2.78404e+06,2.78403e+06,2.78401e+06,2.78079e+06
7,2784280,2.78426e+06,2.78425e+06,2.78423e+06,2.78101e+06
4,2784540,2.78447e+06,2.78446e+06,2.78445e+06,2.78123e+06
9,2784740,2.78469e+06,2.78468e+06,2.78467e+06,2.78145e+06
1,2784880,2.78491e+06,2.7849e+06,2.78489e+06,2.78167e+06
8,2785110,2.78512e+06,2.78512e+06,2.78511e+06,2.78189e+06
3,2785340,2.78534e+06,2.78534e+06,2.78533e+06,2.78212e+06
6,2785540,2.78556e+06,2.78556e+06,2.78555e+06,2.78234e+06
2,2785680,2.78577e+06,2.78577e+06,2.78577e+06,2.78256e+06
10,2785970,2.78599e+06,2.78599e+06,2.78599e+06,2.78278e+06
5,2786220,2.7862e+06,2.78621e+06,2.78621e+06,2.783e+06
4,2786460,2.78642e+06,2.78643e+06,2.78643e+06,2.78322e+06
7,2786660,2.78664e+06,2.78665e+06,2.78665e+06,2.78344e+06
1,2786830,2.78685e+06,2.78687e+06,2.78687e+06,2.78366e+06
9,2787080,2.78707e+06,2.78708e+06,2.78709e+06,2.78389e+06
3,2787250,2.78729e+06,2.7873e+06,2.78731e+06,2.78411e+06
8,2787460,2.7875e+06,2.78752e+06,2.78753e+06,2.78433e+06
2,2787780,2.78772e+06,2.78774e+06,2.78775e+06,2.78455e+06
6,2787890,2.78794e+06,2.78796e+06,2.78797e+06,2.78477e+06
10,2788230,2.78815e+06,2.78818e+06,2.78819e+06,2.78499e+06
4,2788610,2.78863e+06,2.78862e+06,2.78861e+06,2.78543e+06
5,2788850,2.78885e+06,2.78884e+06,2.78883e+06,2.78566e+06
1,2789080,2.78907e+06,2.78906e+06,2.78905e+06,2.78588e+06
7,2789250,2.78928e+06,2.78927e+06,2.78927e+06,2.7861e+06
3,2789540,2.7895e+06,2.78949e+06,2.78949e+06,2.78632e+06
9,2789730,2.78972e+06,2.78971e+06,2.78971e+06,2.78654e+06
2,2789950,2.78994e+06,2.78993e+06,2.78993e+06,2.78676e+06
8,2790110,2.79016e+06,2.79015e+06,2.79015e+06,2.78698e+06
6,2790400,2.79037e+06,2.79037e+06,2.79037e+06,2.7872e+06
10,2790580,2.79059e+06,2.79059e+06,2.79059e+06,2.78743e+06
4,2790810,2.79081e+06,2.79081e+06,2.79081e+06,2.78765e+06
1,2790990,2.79103e+06,2.79102e+06,2.79103e+06,2.78787e+06
5,2791210,2.79125e+06,2.79124e+06,2.79125e+06,2.78809e+06
3,2791450,2.79147e+06,2.79146e+06,2.79147e+06,2.78831e+06
7,2791640,2.79168e+06,2.79168e+06,2.79169e+06,2.78853e+06
2,2791920,2.7919e+06,2.7919e+06,2.79191e+06,2.78875e+06
9,2792090,2.79212e+06,2.79212e+06,2.79213e+06,2.78898e+06
6,2792350,2.79234e+06,2.79234e+06,2.79235e+06,2.7892e+06
8,2792560,2.79256e+06,2.79255e+06,2.79257e+06,2.78942e+06
10,2792890,2.79277e+06,2.79277e+06,2.79279e+06,2.78964e+06
1,2793240,2.79324e+06,2.79321e+06,2.7932e+06,2.79008e+06
4,2793480,2.79345e+06,2.79343e+06,2.79342e+06,2.7903e+06
3,2793700,2.79367e+06,2.79365e+06,2.79364e+06,2.79052e+06
5,2793880,2.79389e+06,2.79387e+06,2.79386e+06,2.79075e+06
2,2794100,2.7941e+06,2.79409e+06,2.79408e+06,2.79097e+06
7,2794270,2.79432e+06,2.79431e+06,2.7943e+06,2.79119e+06
6,2794530,2.79454e+06,2.79452e+06,2.79452e+06,2.79141e+06
9,2794740,2.79475e+06,2.79474e+06,2.79474e+06,2.79163e+06
8,2794900,2.79497e+06,2.79496e+06,2.79496e+06,2.79185e+06
10,2795210,2.79519e+06,2.79518e+06,2.79518e+06,2.79207e+06
1,2795400,2.7954e+06,2.7954e+06,2.7954e+06,2.79229e+06
3,2795610,2.79562e+06,2.79562e+06,2.79562e+06,2.79252e+06
4,2795850,2.79584e+06,2.79584e+06,2.79584e+06,2.79274e+06
2,2795990,2.79605e+06,2.79605e+06,2.79606e+06,2.79296e+06
5,2796270,2.79627e+06,2.79627e+06,2.79628e+06,2.79318e+06
6,2796460,2.79649e+06,2.79649e+06,2.7965e+06,2.7934e+06
7,2796710,2.7967e+06,2.79671e+06,2.79672e+06,2.79362e+06
8,2796900,2.79692e+06,2.79693e+06,2.79695e+06,2.79384e+06
9,2797150,2.79714e+06,2.79715e+06,2.79717e+06,2.79406e+06
10,2797450,2.79735e+06,2.79737e+06,2.79739e+06,2.79429e+06
3,2797900,2.79785e+06,2.79783e+06,2.79783e+06,2.79473e+06
1,2798120,2.79807e+06,2.79804e+06,2.79805e+06,2.79495e+06
4,2798300,2.79828e+06,2.79826e+06,2.79827e+06,2.79517e+06
5,2798530,2.7985e+06,2.79848e+06,2.79849e+06,2.79539e+06
2,2798760,2.79872e+06,2.7987e+06,2.79871e+06,2.79561e+06
7,2798910,2.79894e+06,2.79892e+06,2.79893e+06,2.79583e+06
6,2799140,2.79916e+06,2.79914e+06,2.79915e+06,2.79606e+06
9,2799330,2.79938e+06,2.79936e+06,2.79937e+06,2.79628e+06
8,2799540,2.79959e+06,2.79958e+06,2.7996e+06,2.7965e+06
10,2799740,2.79981e+06,2.7998e+06,2.79982e+06,2.79672e+06
3,2800050,2.80003e+06,2.80002e+06,2.80004e+06,2.79694e+06
4,2800290,2.80025e+06,2.80024e+06,2.80026e+06,2.79716e+06
1,2800490,2.80047e+06,2.80046e+06,2.80048e+06,2.79738e+06
2,2800730,2.80069e+06,2.80067e+06,2.8007e+06,2.79761e+06
5,2800930,2.8009e+06,2.80089e+06,2.80092e+06,2.79783e+06
6,2801150,2.80112e+06,2.80111e+06,2.80114e+06,2.79805e+06
7,2801320,2.80134e+06,2.80133e+06,2.80136e+06,2.79827e+06
8,2801530,2.80156e+06,2.80155e+06,2.80158e+06,2.79849e+06
9,2801750,2.80178e+06,2.80177e+06,2.8018e+06,2.79871e+06
10,2802020,2.80199e+06,2.80199e+06,2.80203e+06,2.79893e+06
4,2802400,2.80247e+06,2.80244e+06,2.80245e+06,2.79938e+06
3,2802670,2.80269e+06,2.80266e+06,2.80267e+06,2.7996e+06
2,2802970,2.80291e+06,2.80288e+06,2.80289e+06,2.79982e+06
1,2803180,2.80312e+06,2.8031e+06,2.80311e+06,2.80004e+06
6,2803400,2.80334e+06,2.80332e+06,2.80333e+06,2.80026e+06
5,2803600,2.80356e+06,2.80354e+06,2.80355e+06,2.80048e+06
8,2803740,2.80378e+06,2.80376e+06,2.80377e+06,2.8007e+06
7,2803950,2.804e+06,2.80398e+06,2.80399e+06,2.80092e+06
9,2804200,2.80421e+06,2.8042e+06,2.80421e+06,2.80115e+06
10,2804390,2.80443e+06,2.80442e+06,2.80443e+06,2.80137e+06
4,2804600,2.80465e+06,2.80464e+06,2.80465e+06,2.80159e+06
2,2804930,2.80487e+06,2.80486e+06,2.80487e+06,2.80181e+06
3,2805110,2.80508e+06,2.80508e+06,2.80509e+06,2.80203e+06
6,2805320,2.8053e+06,2.8053e+06,2.80531e+06,2.80225e+06
1,2805500,2.80552e+06,2.80552e+06,2.80553e+06,2.80247e+06
8,2805690,2.80574e+06,2.80574e+06,2.80575e+06,2.80269e+06
5,2805940,2.80596e+06,2.80595e+06,2.80597e+06,2.80292e+06
9,2806160,2.80617e+06,2.80617e+06,2.80619e+06,2.80314e+06
7,2806380,2.80639e+06,2.80639e+06,2.80641e+06,2.80336e+06
10,2806670,2.80661e+06,2.80661e+06,2.80663e+06,2.80358e+06
2,2807070,2.80708e+06,2.80705e+06,2.80705e+06,2.80402e+06
4,2807320,2.8073e+06,2.80727e+06,2.80727e+06,2.80424e+06
6,2807560,2.80752e+06,2.80749e+06,2.80749e+06,2.80446e+06
3,2807790,2.80773e+06,2.80771e+06,2.80771e+06,2.80469e+06
8,2807940,2.80795e+06,2.80793e+06,2.80793e+06,2.80491e+06
1,2808060,2.80816e+06,2.80815e+06,2.80815e+06,2.80513e+06
9,2808380,2.80838e+06,2.80837e+06,2.80837e+06,2.80535e+06
5,2808600,2.8086e+06,2.80859e+06,2.80859e+06,2.80557e+06
7,2808790,2.80881e+06,2.80881e+06,2.80881e+06,2.80579e+06
10,2809040,2.80903e+06,2.80903e+06,2.80903e+06,2.80601e+06
2,2809260,2.80924e+06,2.80924e+06,2.80925e+06,2.80623e+06
6,2809470,2.80946e+06,2.80946e+06,2.80946e+06,2.80646e+06
4,2809700,2.80968e+06,2.80968e+06,2.80968e+06,2.80668e+06
8,2809910,2.80989e+06,2.8099e+06,2.8099e+06,2.8069e+06
3,2810090,2.81011e+06,2.81012e+06,2.81012e+06,2.80712e+06
9,2810340,2.81032e+06,2.81034e+06,2.81034e+06,2.80734e+06
1,2810440,2.81054e+06,2.81056e+06,2.81056e+06,2.80756e+06
7,2810720,2.81076e+06,2.81078e+06,2.81078e+06,2.80778e+06
5,2810970,2.81097e+06,2.811e+06,2.811e+06,2.80801e+06
10,2811260,2.81119e+06,2.81122e+06,2.81122e+06,2.80823e+06
6,2811660,2.81166e+06,2.81164e+06,2.81163e+06,2.80867e+06
2,2811880,2.81188e+06,2.81186e+06,2.81185e+06,2.80889e+06
8,2812080,2.81209e+06,2.81208e+06,2.81207e+06,2.80911e+06
4,2812290,2.81231e+06,2.8123e+06,2.81229e+06,2.80933e+06
9,2812580,2.81253e+06,2.81252e+06,2.81251e+06,2.80955e+06
3,2812750,2.81274e+06,2.81274e+06,2.81273e+06,2.80978e+06
7,2812930,2.81296e+06,2.81296e+06,2.81295e+06,2.81e+06
1,2813090,2.81318e+06,2.81318e+06,2.81317e+06,2.81022e+06
5,2813350,2.81339e+06,2.8134e+06,2.81339e+06,2.81044e+06
10,2813600,2.81361e+06,2.81361e+06,2.8136e+06,2.81066e+06
6,2813870,2.81382e+06,2.81383e+06,2.81382e+06,2.81088e+06
8,2814090,2.81404e+06,2.81405e+06,2.81404e+06,2.8111e+06
2,2814290,2.81426e+06,2.81427e+06,2.81426e+06,2.81132e+06
9,2814510,2.81447e+06,2.81449e+06,2.81448e+06,2.81155e+06
4,2814640,2.81469e+06,2.81471e+06,2.8147e+06,2.81177e+06
7,2814890,2.81491e+06,2.81493e+06,2.81492e+06,2.81199e+06
3,2815090,2.81512e+06,2.81515e+06,2.81514e+06,2.81221e+06
5,2815330,2.81534e+06,2.81537e+06,2.81536e+06,2.81243e+06
1,2815500,2.81555e+06,2.81559e+06,2.81558e+06,2.81265e+06
10,2815870,2.81577e+06,2.8158e+06,2.8158e+06,2.81287e+06
8,2816270,2.81626e+06,2.81624e+06,2.81623e+06,2.81332e+06
6,2816500,2.81647e+06,2.81646e+06,2.81645e+06,2.81354e+06
9,2816730,2.81669e+06,2.81668e+06,2.81667e+06,2.81376e+06
2,2816990,2.81691e+06,2.8169e+06,2.81689e+06,2.81398e+06
7,2817100,2.81713e+06,2.81712e+06,2.81711e+06,2.8142e+06
4,2817310,2.81734e+06,2.81734e+06,2.81733e+06,2.81442e+06
5,2817490,2.81756e+06,2.81756e+06,2.81755e+06,2.81464e+06
3,2817750,2.81778e+06,2.81778e+06,2.81777e+06,2.81486e+06
1,2817990,2.818e+06,2.81799e+06,2.81799e+06,2.81509e+06
10,2818160,2.81821e+06,2.81821e+06,2.81821e+06,2.81531e+06
8,2818450,2.81843e+06,2.81843e+06,2.81843e+06,2.81553e+06
9,2818660,2.81865e+06,2.81865e+06,2.81865e+06,2.81575e+06
6,2818870,2.81887e+06,2.81887e+06,2.81888e+06,2.81597e+06
7,2819110,2.81908e+06,2.81909e+06,2.8191e+06,2.81619e+06
2,2819380,2.8193e+06,2.81931e+06,2.81932e+06,2.81641e+06
5,2819480,2.81952e+06,2.81953e+06,2.81954e+06,2.81663e+06
4,2819700,2.81974e+06,2.81975e+06,2.81976e+06,2.81686e+06
1,2819940,2.81995e+06,2.81996e+06,2.81998e+06,2.81708e+06
3,2820140,2.82017e+06,2.82018e+06,2.8202e+06,2.8173e+06
10,2820460,2.82039e+06,2.8204e+06,2.82042e+06,2.81752e+06
9,2820880,2.82087e+06,2.82085e+06,2.82085e+06,2.81796e+06
8,2821130,2.82109e+06,2.82107e+06,2.82107e+06,2.81818e+06
7,2821290,2.8213e+06,2.82129e+06,2.82129e+06,2.81841e+06
6,2821520,2.82152e+06,2.82151e+06,2.82151e+06,2.81863e+06
5,2821710,2.82174e+06,2.82173e+06,2.82173e+06,2.81885e+06
2,2822000,2.82196e+06,2.82195e+06,2.82195e+06,2.81907e+06
1,2822170,2.82218e+06,2.82217e+06,2.82217e+06,2.81929e+06
4,2822390,2.8224e+06,2.82238e+06,2.82239e+06,2.81951e+06
3,2822590,2.82261e+06,2.8226e+06,2.82261e+06,2.81973e+06
10,2822810,2.82283e+06,2.82282e+06,2.82283e+06,2.81995e+06
9,2823060,2.82305e+06,2.82304e+06,2.82305e+06,2.82018e+06
7,2823220,2.82327e+06,2.82326e+06,2.82327e+06,2.8204e+06
8,2823460,2.82349e+06,2.82348e+06,2.82349e+06,2.82062e+06
5,2823680,2.82371e+06,2.8237e+06,2.82371e+06,2.82084e+06
6,2823930,2.82392e+06,2.82392e+06,2.82393e+06,2.82106e+06
1,2824100,2.82414e+06,2.82414e+06,2.82415e+06,2.82128e+06
2,2824450,2.82436e+06,2.82436e+06,2.82437e+06,2.8215e+06
3,2824550,2.82458e+06,2.82458e+06,2.82459e+06,2.82172e+06
4,2824800,2.8248e+06,2.8248e+06,2.82481e+06,2.82195e+06
10,2825080,2.82502e+06,2.82502e+06,2.82503e+06,2.82217e+06
7,2825430,2.82547e+06,2.82545e+06,2.82545e+06,2.82261e+06
9,2825670,2.82569e+06,2.82567e+06,2.82567e+06,2.82283e+06
5,2825870,2.82591e+06,2.82589e+06,2.82589e+06,2.82305e+06
8,2826110,2.82613e+06,2.82611e+06,2.82611e+06,2.82327e+06
1,2826290,2.82634e+06,2.82633e+06,2.82633e+06,2.82349e+06
6,2826570,2.82656e+06,2.82655e+06,2.82655e+06,2.82372e+06
3,2826830,2.82678e+06,2.82677e+06,2.82677e+06,2.82394e+06
2,2827050,2.827e+06,2.82699e+06,2.82699e+06,2.82416e+06
4,2827220,2.82722e+06,2.82721e+06,2.82721e+06,2.82438e+06
10,2827450,2.82743e+06,2.82743e+06,2.82743e+06,2.8246e+06
7,2827620,2.82765e+06,2.82765e+06,2.82765e+06,2.82482e+06
5,2827860,2.82787e+06,2.82787e+06,2.82786e+06,2.82504e+06
9,2828070,2.82809e+06,2.82808e+06,2.82808e+06,2.82526e+06
1,2828180,2.82831e+06,2.8283e+06,2.8283e+06,2.82549e+06
8,2828450,2.82852e+06,2.82852e+06,2.82852e+06,2.82571e+06
3,2828710,2.82874e+06,2.82874e+06,2.82874e+06,2.82593e+06
6,2828940,2.82896e+06,2.82896e+06,2.82896e+06,2.82615e+06
4,2829180,2.82918e+06,2.82918e+06,2.82918e+06,2.82637e+06
2,2829480,2.8294e+06,2.8294e+06,2.8294e+06,2.82659e+06
10,2829730,2.82961e+06,2.82962e+06,2.82962e+06,2.82681e+06
5,2830090,2.83008e+06,2.83005e+06,2.83004e+06,2.82726e+06
7,2830320,2.83029e+06,2.83027e+06,2.83026e+06,2.82748e+06
1,2830460,2.83051e+06,2.83049e+06,2.83047e+06,2.8277e+06
9,2830720,2.83072e+06,2.8307e+06,2.83069e+06,2.82792e+06
3,2831000,2.83094e+06,2.83092e+06,2.83091e+06,2.82814e+06
8,2831130,2.83115e+06,2.83114e+06,2.83113e+06,2.82836e+06
4,2831360,2.83137e+06,2.83136e+06,2.83135e+06,2.82858e+06
6,2831580,2.83159e+06,2.83158e+06,2.83157e+06,2.82881e+06
2,2831780,2.8318e+06,2.8318e+06,2.83179e+06,2.82903e+06
10,2832050,2.83202e+06,2.83202e+06,2.83201e+06,2.82925e+06
5,2832280,2.83223e+06,2.83224e+06,2.83223e+06,2.82947e+06
1,2832440,2.83245e+06,2.83246e+06,2.83245e+06,2.82969e+06
7,2832660,2.83266e+06,2.83267e+06,2.83267e+06,2.82991e+06
3,2832910,2.83288e+06,2.83289e+06,2.83289e+06,2.83013e+06
9,2833070,2.83309e+06,2.83311e+06,2.83311e+06,2.83035e+06
4,2833260,2.83331e+06,2.83333e+06,2.83333e+06,2.83058e+06
8,2833480,2.83352e+06,2.83355e+06,2.83355e+06,2.8308e+06
2,2833640,2.83374e+06,2.83377e+06,2.83377e+06,2.83102e+06
6,2833920,2.83395e+06,2.83399e+06,2.83399e+06,2.83124e+06
10,2834290,2.83417e+06,2.83421e+06,2.83421e+06,2.83146e+06
1,2834700,2.83466e+06,2.83465e+06,2.83464e+06,2.8319e+06
5,2834880,2.83488e+06,2.83486e+06,2.83486e+06,2.83212e+06
7,2835120,2.8351e+06,2.83508e+06,2.83508e+06,2.83235e+06
9,2835380,2.83531e+06,2.8353e+06,2.8353e+06,2.83257e+06
3,2835560,2.83553e+06,2.83552e+06,2.83552e+06,2.83279e+06
8,2835720,2.83575e+06,2.83574e+06,2.83574e+06,2.83301e+06
4,2835990,2.83596e+06,2.83596e+06,2.83596e+06,2.83323e+06
6,2836180,2.83618e+06,2.83618e+06,2.83618e+06,2.83345e+06
2,2836400,2.8364e+06,2.8364e+06,2.8364e+06,2.83367e+06
10,2836580,2.83661e+06,2.83661e+06,2.83662e+06,2.83389e+06
1,2836800,2.83683e+06,2.83683e+06,2.83684e+06,2.83412e+06
7,2837030,2.83705e+06,2.83705e+06,2.83706e+06,2.83434e+06
5,2837310,2.83726e+06,2.83727e+06,2.83728e+06,2.83456e+06
3,2837520,2.83748e+06,2.83749e+06,2.8375e+06,2.83478e+06
9,2837700,2.8377e+06,2.83771e+06,2.83771e+06,2.835e+06
4,2837860,2.83791e+06,2.83793e+06,2.83793e+06,2.83522e+06
8,2838120,2.83813e+06,2.83815e+06,2.83815e+06,2.83544e+06
2,2838320,2.83835e+06,2.83836e+06,2.83837e+06,2.83566e+06
6,2838520,2.83856e+06,2.83858e+06,2.83859e+06,2.83589e+06
10,2838850,2.83878e+06,2.8388e+06,2.83881e+06,2.83611e+06
7,2839310,2.83926e+06,2.83924e+06,2.83923e+06,2.83655e+06
1,2839490,2.83947e+06,2.83945e+06,2.83945e+06,2.83677e+06
5,2839680,2.83969e+06,2.83967e+06,2.83967e+06,2.83699e+06
9,2839930,2.83991e+06,2.83989e+06,2.83989e+06,2.83721e+06
3,2840080,2.84012e+06,2.84011e+06,2.84011e+06,2.83743e+06
8,2840360,2.84034e+06,2.84033e+06,2.84032e+06,2.83766e+06
4,2840550,2.84055e+06,2.84055e+06,2.84054e+06,2.83788e+06
6,2840800,2.84077e+06,2.84077e+06,2.84076e+06,2.8381e+06
2,2840970,2.84099e+06,2.84098e+06,2.84098e+06,2.83832e+06
10,2841150,2.8412e+06,2.8412e+06,2.8412e+06,2.83854e+06
7,2841410,2.84142e+06,2.84142e+06,2.84142e+06,2.83876e+06
5,2841650,2.84163e+06,2.84164e+06,2.84164e+06,2.83898e+06
1,2841810,2.84185e+06,2.84186e+06,2.84186e+06,2.83921e+06
3,2842020,2.84207e+06,2.84208e+06,2.84208e+06,2.83943e+06
9,2842300,2.84228e+06,2.8423e+06,2.8423e+06,2.83965e+06
4,2842500,2.8425e+06,2.84251e+06,2.84251e+06,2.83987e+06
8,2842720,2.84271e+06,2.84273e+06,2.84273e+06,2.84009e+06
2,2842890,2.84293e+06,2.84295e+06,2.84295e+06,2.84031e+06
6,2843150,2.84315e+06,2.84317e+06,2.84317e+06,2.84053e+06
10,2843430,2.84336e+06,2.84339e+06,2.84339e+06,2.84075e+06
5,2843840,2.84384e+06,2.84382e+06,2.84381e+06,2.8412e+06
7,2844080,2.84406e+06,2.84404e+06,2.84403e+06,2.84142e+06
3,2844350,2.84427e+06,2.84426e+06,2.84425e+06,2.84164e+06
1,2844460,2.84449e+06,2.84447e+06,2.84447e+06,2.84186e+06
4,2844730,2.8447e+06,2.84469e+06,2.84469e+06,2.84208e+06
9,2844980,2.84492e+06,2.84491e+06,2.8449e+06,2.8423e+06
2,2845060,2.84513e+06,2.84513e+06,2.84512e+06,2.84252e+06
8,2845300,2.84535e+06,2.84535e+06,2.84534e+06,2.84275e+06
6,2845590,2.84557e+06,2.84557e+06,2.84556e+06,2.84297e+06
10,2845790,2.84578e+06,2.84578e+06,2.84578e+06,2.84319e+06
5,2846020,2.846e+06,2.846e+06,2.846e+06,2.84341e+06
3,2846230,2.84621e+06,2.84622e+06,2.84622e+06,2.84363e+06
7,2846450,2.84643e+06,2.84644e+06,2.84644e+06,2.84385e+06
4,2846690,2.84664e+06,2.84666e+06,2.84666e+06,2.84407e+06
1,2846740,2.84686e+06,2.84688e+06,2.84688e+06,2.84429e+06
2,2847020,2.84707e+06,2.84709e+06,2.84709e+06,2.84452e+06
9,2847250,2.84729e+06,2.84731e+06,2.84731e+06,2.84474e+06
6,2847470,2.8475e+06,2.84753e+06,2.84753e+06,2.84496e+06
8,2847700,2.84772e+06,2.84775e+06,2.84775e+06,2.84518e+06
10,2848050,2.84793e+06,2.84797e+06,2.84797e+06,2.8454e+06
3,2848510,2.84842e+06,2.8484e+06,2.84839e+06,2.84584e+06
5,2848610,2.84864e+06,2.84862e+06,2.84861e+06,2.84606e+06
4,2848950,2.84885e+06,2.84884e+06,2.84883e+06,2.84629e+06
7,2849120,2.84907e+06,2.84905e+06,2.84905e+06,2.84651e+06
2,2849240,2.84928e+06,2.84927e+06,2.84927e+06,2.84673e+06
1,2849440,2.8495e+06,2.84949e+06,2.84949e+06,2.84695e+06
6,2849680,2.84971e+06,2.84971e+06,2.84971e+06,2.84717e+06
9,2849910,2.84993e+06,2.84993e+06,2.84993e+06,2.84739e+06
8,2850110,2.85015e+06,2.85015e+06,2.85014e+06,2.84761e+06
10,2850330,2.85036e+06,2.85036e+06,2.85036e+06,2.84783e+06
3,2850610,2.85058e+06,2.85058e+06,2.85058e+06,2.84806e+06
4,2850840,2.85079e+06,2.8508e+06,2.8508e+06,2.84828e+06
5,2851040,2.85101e+06,2.85102e+06,2.85102e+06,2.8485e+06
2,2851310,2.85122e+06,2.85124e+06,2.85124e+06,2.84872e+06
7,2851420,2.85144e+06,2.85145e+06,2.85146e+06,2.84894e+06
6,2851630,2.85165e+06,2.85167e+06,2.85168e+06,2.84916e+06
1,2851790,2.85187e+06,2.85189e+06,2.85189e+06,2.84938e+06
8,2852040,2.85208e+06,2.85211e+06,2.85211e+06,2.84961e+06
9,2852280,2.8523e+06,2.85233e+06,2.85233e+06,2.84983e+06
10,2852580,2.85251e+06,2.85254e+06,2.85255e+06,2.85005e+06
4,2852970,2.853e+06,2.85298e+06,2.85297e+06,2.85049e+06
3,2853240,2.85322e+06,2.85319e+06,2.85319e+06,2.85071e+06
2,2853480,2.85343e+06,2.85341e+06,2.8534e+06,2.85093e+06
5,2853650,2.85365e+06,2.85363e+06,2.85362e+06,2.85115e+06
6,2853950,2.85386e+06,2.85385e+06,2.85384e+06,2.85138e+06
7,2854110,2.85408e+06,2.85407e+06,2.85406e+06,2.8516e+06
8,2854320,2.85429e+06,2.85428e+06,2.85428e+06,2.85182e+06
1,2854350,2.8545e+06,2.8545e+06,2.8545e+06,2.85204e+06
9,2854740,2.85472e+06,2.85472e+06,2.85472e+06,2.85226e+06
10,2854910,2.85493e+06,2.85494e+06,2.85494e+06,2.85248e+06
4,2855140,2.85515e+06,2.85515e+06,2.85515e+06,2.8527e+06
2,2855340,2.85536e+06,2.85537e+06,2.85537e+06,2.85292e+06
3,2855600,2.85558e+06,2.85559e+06,2.85559e+06,2.85315e+06
6,2855790,2.85579e+06,2.85581e+06,2.85581e+06,2.85337e+06
5,2856040,2.85601e+06,2.85603e+06,2.85603e+06,2.85359e+06
8,2856240,2.85622e+06,2.85624e+06,2.85625e+06,2.85381e+06
7,2856450,2.85644e+06,2.85646e+06,2.85647e+06,2.85403e+06
9,2856680,2.85665e+06,2.85668e+06,2.85668e+06,2.85425e+06
1,2856800,2.85687e+06,2.8569e+06,2.8569e+06,2.85447e+06
10,2857090,2.85708e+06,2.85712e+06,2.85712e+06,2.85469e+06
2,2857580,2.85757e+06,2.85755e+06,2.85755e+06,2.85514e+06
4,2857790,2.85779e+06,2.85777e+06,2.85777e+06,2.85536e+06
6,2858030,2.858e+06,2.85799e+06,2.85799e+06,2.85558e+06
3,2858240,2.85822e+06,2.8582e+06,2.8582e+06,2.8558e+06
8,2858380,2.85843e+06,2.85842e+06,2.85842e+06,2.85602e+06
5,2858650,2.85865e+06,2.85864e+06,2.85864e+06,2.85624e+06
9,2858890,2.85887e+06,2.85886e+06,2.85886e+06,2.85646e+06
7,2859100,2.85908e+06,2.85908e+06,2.85908e+06,2.85669e+06
1,2859250,2.8593e+06,2.85929e+06,2.85929e+06,2.85691e+06
10,2859490,2.85951e+06,2.85951e+06,2.85951e+06,2.85713e+06
2,2859800,2.85973e+06,2.85973e+06,2.85973e+06,2.85735e+06
6,2859990,2.85994e+06,2.85995e+06,2.85995e+06,2.85757e+06
4,2860200,2.86016e+06,2.86016e+06,2.86017e+06,2.85779e+06
8,2860360,2.86037e+06,2.86038e+06,2.86038e+06,2.85801e+06
3,2860560,2.86059e+06,2.8606e+06,2.8606e+06,2.85823e+06
9,2860800,2.8608e+06,2.86082e+06,2.86082e+06,2.85846e+06
5,2861000,2.86102e+06,2.86104e+06,2.86104e+06,2.85868e+06
1,2861090,2.86123e+06,2.86125e+06,2.86126e+06,2.8589e+06
7,2861460,2.86145e+06,2.86147e+06,2.86147e+06,2.85912e+06
10,2861750,2.86166e+06,2.86169e+06,2.86169e+06,2.85934e+06
6,2862130,2.86214e+06,2.86211e+06,2.8621e+06,2.85978e+06
2,2862430,2.86236e+06,2.86233e+06,2.86232e+06,2.86001e+06
8,2862590,2.86257e+06,2.86255e+06,2.86254e+06,2.86023e+06
4,2862770,2.86278e+06,2.86276e+06,2.86275e+06,2.86045e+06
9,2863010,2.863e+06,2.86298e+06,2.86297e+06,2.86067e+06
3,2863180,2.86321e+06,2.8632e+06,2.86319e+06,2.86089e+06
1,2863380,2.86342e+06,2.86342e+06,2.86341e+06,2.86111e+06
5,2863560,2.86364e+06,2.86363e+06,2.86362e+06,2.86133e+06
7,2863830,2.86385e+06,2.86385e+06,2.86384e+06,2.86155e+06
10,2864080,2.86406e+06,2.86407e+06,2.86406e+06,2.86178e+06
6,2864330,2.86428e+06,2.86428e+06,2.86428e+06,2.862e+06
8,2864550,2.86449e+06,2.8645e+06,2.8645e+06,2.86222e+06
2,2864750,2.8647e+06,2.86472e+06,2.86471e+06,2.86244e+06
9,2864950,2.86492e+06,2.86494e+06,2.86493e+06,2.86266e+06
4,2865120,2.86513e+06,2.86515e+06,2.86515e+06,2.86288e+06
1,2865230,2.86534e+06,2.86537e+06,2.86537e+06,2.8631e+06
3,2865530,2.86556e+06,2.86559e+06,2.86558e+06,2.86332e+06
7,2865770,2.86577e+06,2.86581e+06,2.8658e+06,2.86355e+06
5,2865960,2.86598e+06,2.86602e+06,2.86602e+06,2.86377e+06
10,2866230,2.86619e+06,2.86624e+06,2.86624e+06,2.86399e+06
8,2866680,2.86669e+06,2.86667e+06,2.86665e+06,2.86443e+06
6,2866920,2.8669e+06,2.86689e+06,2.86687e+06,2.86465e+06
9,2867120,2.86712e+06,2.8671e+06,2.86709e+06,2.86487e+06
2,2867410,2.86733e+06,2.86732e+06,2.86731e+06,2.86509e+06
1,2867570,2.86755e+06,2.86754e+06,2.86753e+06,2.86532e+06
4,2867780,2.86776e+06,2.86776e+06,2.86775e+06,2.86554e+06
7,2867950,2.86798e+06,2.86797e+06,2.86797e+06,2.86576e+06
3,2868180,2.86819e+06,2.86819e+06,2.86818e+06,2.86598e+06
5,2868410,2.86841e+06,2.86841e+06,2.8684e+06,2.8662e+06
10,2868470,2.86862e+06,2.86862e+06,2.86862e+06,2.86642e+06
8,2868870,2.86883e+06,2.86884e+06,2.86884e+06,2.86664e+06
9,2869070,2.86905e+06,2.86906e+06,2.86906e+06,2.86686e+06
6,2869300,2.86926e+06,2.86928e+06,2.86928e+06,2.86709e+06
1,2869460,2.86948e+06,2.86949e+06,2.86949e+06,2.86731e+06
2,2869700,2.86969e+06,2.86971e+06,2.86971e+06,2.86753e+06
7,2869900,2.86991e+06,2.86993e+06,2.86993e+06,2.86775e+06
4,2870120,2.87012e+06,2.87014e+06,2.87015e+06,2.86797e+06
5,2870340,2.87034e+06,2.87036e+06,2.87037e+06,2.86819e+06
3,2870580,2.87055e+06,2.87058e+06,2.87059e+06,2.86841e+06
10,2870770,2.87077e+06,2.8708e+06,2.87081e+06,2.86863e+06
9,2871350,2.87126e+06,2.87124e+06,2.87124e+06,2.86908e+06
8,2871500,2.87148e+06,2.87146e+06,2.87146e+06,2.8693e+06
1,2871630,2.87169e+06,2.87167e+06,2.87168e+06,2.86952e+06
6,2871910,2.87191e+06,2.87189e+06,2.8719e+06,2.86974e+06
7,2872140,2.87212e+06,2.87211e+06,2.87211e+06,2.86996e+06
2,2872330,2.87234e+06,2.87233e+06,2.87233e+06,2.87018e+06
5,2872560,2.87256e+06,2.87254e+06,2.87255e+06,2.87041e+06
4,2872790,2.87277e+06,2.87276e+06,2.87277e+06,2.87063e+06
3,2873010,2.87299e+06,2.87298e+06,2.87299e+06,2.87085e+06
10,2873160,2.8732e+06,2.8732e+06,2.8732e+06,2.87107e+06
9,2873480,2.87342e+06,2.87341e+06,2.87342e+06,2.87129e+06
1,2873540,2.87364e+06,2.87363e+06,2.87364e+06,2.87151e+06
8,2873800,2.87385e+06,2.87385e+06,2.87386e+06,2.87173e+06
7,2874030,2.87407e+06,2.87407e+06,2.87408e+06,2.87195e+06
6,2874240,2.87428e+06,2.87428e+06,2.87429e+06,2.87218e+06
5,2874500,2.8745e+06,2.8745e+06,2.87451e+06,2.8724e+06
2,2874740,2.87472e+06,2.87472e+06,2.87473e+06,2.87262e+06
3,2874910,2.87493e+06,2.87493e+06,2.87495e+06,2.87284e+06
4,2875170,2.87515e+06,2.87515e+06,2.87517e+06,2.87306e+06
10,2875480,2.87536e+06,2.87537e+06,2.87539e+06,2.87328e+06
1,2875750,2.87582e+06,2.8758e+06,2.87578e+06,2.87372e+06
9,2876040,2.87604e+06,2.87602e+06,2.876e+06,2.87395e+06
8,2876270,2.87625e+06,2.87623e+06,2.87622e+06,2.87417e+06
6,2876490,2.87647e+06,2.87645e+06,2.87644e+06,2.87439e+06
7,2876680,2.87668e+06,2.87667e+06,2.87666e+06,2.87461e+06
2,2876820,2.8769e+06,2.87688e+06,2.87688e+06,2.87483e+06
5,2877070,2.87711e+06,2.8771e+06,2.87709e+06,2.87505e+06
4,2877310,2.87733e+06,2.87732e+06,2.87731e+06,2.87527e+06
3,2877510,2.87754e+06,2.87754e+06,2.87753e+06,2.87549e+06
10,2877790,2.87776e+06,2.87775e+06,2.87775e+06,2.87572e+06
1,2877900,2.87797e+06,2.87797e+06,2.87797e+06,2.87594e+06
8,2878200,2.87819e+06,2.87819e+06,2.87818e+06,2.87616e+06
9,2878400,2.8784e+06,2.8784e+06,2.8784e+06,2.87638e+06
7,2878610,2.87862e+06,2.87862e+06,2.87862e+06,2.8766e+06
6,2878830,2.87883e+06,2.87884e+06,2.87884e+06,2.87682e+06
5,2879060,2.87905e+06,2.87906e+06,2.87906e+06,2.87704e+06
2,2879280,2.87926e+06,2.87927e+06,2.87928e+06,2.87726e+06
3,2879440,2.87948e+06,2.87949e+06,2.87949e+06,2.87749e+06
4,2879690,2.87969e+06,2.87971e+06,2.87971e+06,2.87771e+06
10,2880000,2.87991e+06,2.87993e+06,2.87993e+06,2.87793e+06
8,2880400,2.8804e+06,2.88037e+06,2.88036e+06,2.87837e+06
1,2880700,2.88061e+06,2.88059e+06,2.88058e+06,2.87859e+06
9,2880820,2.88083e+06,2.8808e+06,2.8808e+06,2.87881e+06
6,2881070,2.88104e+06,2.88102e+06,2.88102e+06,2.87903e+06
7,2881260,2.88126e+06,2.88124e+06,2.88124e+06,2.87926e+06
2,2881420,2.88147e+06,2.88146e+06,2.88146e+06,2.87948e+06
5,2881710,2.88169e+06,2.88167e+06,2.88168e+06,2.8797e+06
4,2881880,2.8819e+06,2.88189e+06,2.8819e+06,2.87992e+06
3,2882080,2.88212e+06,2.88211e+06,2.88211e+06,2.88014e+06
10,2882260,2.88233e+06,2.88233e+06,2.88233e+06,2.88036e+06
8,2882580,2.88255e+06,2.88254e+06,2.88255e+06,2.88058e+06
9,2882780,2.88277e+06,2.88276e+06,2.88277e+06,2.88081e+06
1,2882960,2.88298e+06,2.88298e+06,2.88299e+06,2.88103e+06
7,2883230,2.8832e+06,2.8832e+06,2.88321e+06,2.88125e+06
6,2883380,2.88341e+06,2.88341e+06,2.88343e+06,2.88147e+06
5,2883640,2.88363e+06,2.88363e+06,2.88365e+06,2.88169e+06
2,2883860,2.88384e+06,2.88385e+06,2.88387e+06,2.88191e+06
3,2884020,2.88406e+06,2.88407e+06,2.88409e+06,2.88213e+06
4,2884300,2.88427e+06,2.88428e+06,2.88431e+06,2.88235e+06
10,2884530,2.88449e+06,2.8845e+06,2.88453e+06,2.88258e+06
9,2884980,2.88498e+06,2.88495e+06,2.88496e+06,2.88302e+06
8,2885210,2.8852e+06,2.88517e+06,2.88518e+06,2.88324e+06
7,2885430,2.88541e+06,2.88539e+06,2.8854e+06,2.88346e+06
1,2885600,2.88563e+06,2.88561e+06,2.88562e+06,2.88368e+06
5,2885860,2.88585e+06,2.88583e+06,2.88584e+06,2.8839e+06
6,2886130,2.88606e+06,2.88604e+06,2.88606e+06,2.88412e+06
3,2886330,2.88628e+06,2.88626e+06,2.88628e+06,2.88435e+06
2,2886530,2.8865e+06,2.88648e+06,2.88649e+06,2.88457e+06
4,2886610,2.88671e+06,2.8867e+06,2.88671e+06,2.88479e+06
10,2886870,2.88693e+06,2.88692e+06,2.88693e+06,2.88501e+06
9,2887170,2.88715e+06,2.88713e+06,2.88715e+06,2.88523e+06
7,2887350,2.88736e+06,2.88735e+06,2.88737e+06,2.88545e+06
8,2887570,2.88758e+06,2.88757e+06,2.88759e+06,2.88567e+06
5,2887820,2.8878e+06,2.88779e+06,2.88781e+06,2.88589e+06
1,2888030,2.88802e+06,2.88801e+06,2.88803e+06,2.88612e+06
3,2888190,2.88823e+06,2.88822e+06,2.88825e+06,2.88634e+06
6,2888460,2.88845e+06,2.88844e+06,2.88846e+06,2.88656e+06
4,2888650,2.88867e+06,2.88866e+06,2.88868e+06,2.88678e+06
2,2888910,2.88888e+06,2.88888e+06,2.8889e+06,2.887e+06
10,2889130,2.8891e+06,2.8891e+06,2.88912e+06,2.88722e+06
7,2889510,2.88957e+06,2.88953e+06,2.88953e+06,2.88766e+06
9,2889750,2.88978e+06,2.88975e+06,2.88975e+06,2.88789e+06
5,2889990,2.89e+06,2.88997e+06,2.88997e+06,2.88811e+06
8,2890200,2.89021e+06,2.89019e+06,2.89019e+06,2.88833e+06
3,2890430,2.89043e+06,2.89041e+06,2.8904e+06,2.88855e+06
1,2890690,2.89064e+06,2.89062e+06,2.89062e+06,2.88877e+06
4,2890930,2.89086e+06,2.89084e+06,2.89084e+06,2.88899e+06
6,2891070,2.89107e+06,2.89106e+06,2.89106e+06,2.88921e+06
2,2891210,2.89129e+06,2.89128e+06,2.89128e+06,2.88944e+06
10,2891470,2.8915e+06,2.8915e+06,2.8915e+06,2.88966e+06
7,2891730,2.89172e+06,2.89171e+06,2.89172e+06,2.88988e+06
5,2891930,2.89194e+06,2.89193e+06,2.89194e+06,2.8901e+06
9,2892150,2.89215e+06,2.89215e+06,2.89215e+06,2.89032e+06
3,2892340,2.89237e+06,2.89237e+06,2.89237e+06,2.89054e+06
8,2892550,2.89258e+06,2.89259e+06,2.89259e+06,2.89076e+06
4,2892760,2.8928e+06,2.8928e+06,2.89281e+06,2.89098e+06
1,2893040,2.89301e+06,2.89302e+06,2.89303e+06,2.89121e+06
2,2893250,2.89323e+06,2.89324e+06,2.89325e+06,2.89143e+06
6,2893420,2.89344e+06,2.89346e+06,2.89347e+06,2.89165e+06
10,2893720,2.89366e+06,2.89368e+06,2.89369e+06,2.89187e+06
5,2894120,2.89414e+06,2.89412e+06,2.89411e+06,2.89231e+06
7,2894390,2.89436e+06,2.89434e+06,2.89433e+06,2.89253e+06
3,2894650,2.89457e+06,2.89455e+06,2.89455e+06,2.89275e+06
9,2894800,2.89479e+06,2.89477e+06,2.89477e+06,2.89298e+06
4,2895010,2.89501e+06,2.89499e+06,2.89499e+06,2.8932e+06
8,2895160,2.89522e+06,2.89521e+06,2.89521e+06,2.89342e+06
2,2895380,2.89544e+06,2.89543e+06,2.89543e+06,2.89364e+06
1,2895650,2.89566e+06,2.89564e+06,2.89565e+06,2.89386e+06
6,2895870,2.89587e+06,2.89586e+06,2.89587e+06,2.89408e+06
10,2896010,2.89609e+06,2.89608e+06,2.89609e+06,2.8943e+06
5,2896310,2.8963e+06,2.8963e+06,2.89631e+06,2.89452e+06
3,2896520,2.89652e+06,2.89652e+06,2.89652e+06,2.89475e+06
7,2896760,2.89674e+06,2.89674e+06,2.89674e+06,2.89497e+06
4,2897010,2.89695e+06,2.89695e+06,2.89696e+06,2.89519e+06
9,2897150,2.89717e+06,2.89717e+06,2.89718e+06,2.89541e+06
8,2897520,2.89738e+06,2.89739e+06,2.8974e+06,2.89563e+06
2,2897570,2.8976e+06,2.89761e+06,2.89762e+06,2.89585e+06
6,2897770,2.89782e+06,2.89783e+06,2.89784e+06,2.89607e+06
1,2898010,2.89803e+06,2.89804e+06,2.89806e+06,2.89629e+06
10,2898260,2.89825e+06,2.89826e+06,2.89828e+06,2.89652e+06
3,2898760,2.89873e+06,2.8987e+06,2.8987e+06,2.89696e+06
5,2898940,2.89895e+06,2.89892e+06,2.89892e+06,2.89718e+06
4,2899220,2.89916e+06,2.89914e+06,2.89914e+06,2.8974e+06
7,2899360,2.89938e+06,2.89936e+06,2.89936e+06,2.89762e+06
2,2899700,2.89959e+06,2.89957e+06,2.89958e+06,2.89784e+06
9,2899780,2.89981e+06,2.89979e+06,2.8998e+06,2.89806e+06
6,2900010,2.90002e+06,2.90001e+06,2.90001e+06,2.89829e+06
8,2900230,2.90024e+06,2.90023e+06,2.90023e+06,2.89851e+06
1,2900360,2.90045e+06,2.90045e+06,2.90045e+06,2.89873e+06
10,2900550,2.90067e+06,2.90066e+06,2.90067e+06,2.89895e+06
3,2900870,2.90088e+06,2.90088e+06,2.90089e+06,2.89917e+06
4,2901150,2.9011e+06,2.9011e+06,2.90111e+06,2.89939e+06
5,2901320,2.90131e+06,2.90132e+06,2.90133e+06,2.89961e+06
7,2901740,2.90153e+06,2.90154e+06,2.90154e+06,2.89984e+06
2,2901800,2.90174e+06,2.90176e+06,2.90176e+06,2.90006e+06
6,2901980,2.90196e+06,2.90197e+06,2.90198e+06,2.90028e+06
9,2902190,2.90217e+06,2.90219e+06,2.9022e+06,2.9005e+06
1,2902250,2.90239e+06,2.90241e+06,2.90242e+06,2.90072e+06
8,2902530,2.9026e+06,2.90263e+06,2.90264e+06,2.90094e+06
10,2902840,2.90282e+06,2.90285e+06,2.90285e+06,2.90116e+06
4,2903210,2.9033e+06,2.90327e+06,2.90326e+06,2.90161e+06
3,2903500,2.90352e+06,2.90349e+06,2.90348e+06,2.90183e+06
2,2903880,2.90373e+06,2.90371e+06,2.9037e+06,2.90205e+06
5,2904020,2.90394e+06,2.90393e+06,2.90391e+06,2.90227e+06
6,2904220,2.90416e+06,2.90414e+06,2.90413e+06,2.90249e+06
7,2904360,2.90437e+06,2.90436e+06,2.90435e+06,2.90271e+06
1,2904560,2.90459e+06,2.90458e+06,2.90457e+06,2.90293e+06
9,2904760,2.9048e+06,2.9048e+06,2.90479e+06,2.90315e+06
8,2904960,2.90501e+06,2.90501e+06,2.90501e+06,2.90338e+06
10,2905140,2.90523e+06,2.90523e+06,2.90523e+06,2.9036e+06
4,2905370,2.90544e+06,2.90545e+06,2.90545e+06,2.90382e+06
2,2905670,2.90566e+06,2.90567e+06,2.90566e+06,2.90404e+06
3,2905870,2.90587e+06,2.90589e+06,2.90588e+06,2.90426e+06
6,2906090,2.90609e+06,2.9061e+06,2.9061e+06,2.90448e+06
5,2906360,2.9063e+06,2.90632e+06,2.90632e+06,2.9047e+06
1,2906590,2.90651e+06,2.90654e+06,2.90654e+06,2.90492e+06
7,2906730,2.90673e+06,2.90676e+06,2.90676e+06,2.90515e+06
8,2906920,2.90694e+06,2.90697e+06,2.90698e+06,2.90537e+06
9,2907140,2.90716e+06,2.90719e+06,2.9072e+06,2.90559e+06
10,2907370,2.90737e+06,2.90741e+06,2.90741e+06,2.90581e+06
2,2907860,2.90787e+06,2.90785e+06,2.90785e+06,2.90625e+06
4,2908100,2.90809e+06,2.90807e+06,2.90806e+06,2.90647e+06
6,2908340,2.9083e+06,2.90829e+06,2.90828e+06,2.90669e+06
3,2908550,2.90852e+06,2.90851e+06,2.9085e+06,2.90692e+06
1,2908860,2.90874e+06,2.90873e+06,2.90872e+06,2.90714e+06
5,2909000,2.90895e+06,2.90894e+06,2.90894e+06,2.90736e+06
8,2909120,2.90917e+06,2.90916e+06,2.90916e+06,2.90758e+06
7,2909360,2.90939e+06,2.90938e+06,2.90938e+06,2.9078e+06
9,2909560,2.9096e+06,2.9096e+06,2.9096e+06,2.90802e+06
10,2909740,2.90982e+06,2.90982e+06,2.90982e+06,2.90824e+06
2,2910030,2.91004e+06,2.91003e+06,2.91004e+06,2.90846e+06
6,2910270,2.91025e+06,2.91025e+06,2.91026e+06,2.90869e+06
4,2910470,2.91047e+06,2.91047e+06,2.91048e+06,2.90891e+06
1,2910760,2.91068e+06,2.91069e+06,2.9107e+06,2.90913e+06
3,2910890,2.9109e+06,2.91091e+06,2.91092e+06,2.90935e+06
8,2911060,2.91112e+06,2.91112e+06,2.91114e+06,2.90957e+06
5,2911320,2.91133e+06,2.91134e+06,2.91136e+06,2.90979e+06
9,2911560,2.91155e+06,2.91156e+06,2.91158e+06,2.91001e+06
7,2911780,2.91177e+06,2.91178e+06,2.9118e+06,2.91024e+06
10,2912020,2.91198e+06,2.91199e+06,2.91202e+06,2.91046e+06
6,2912520,2.91248e+06,2.91244e+06,2.91245e+06,2.9109e+06
2,2912710,2.91269e+06,2.91266e+06,2.91267e+06,2.91112e+06
1,2912960,2.91291e+06,2.91288e+06,2.91289e+06,2.91134e+06
4,2913140,2.91312e+06,2.9131e+06,2.91311e+06,2.91156e+06
8,2913330,2.91334e+06,2.91332e+06,2.91333e+06,2.91178e+06
3,2913490,2.91356e+06,2.91354e+06,2.91355e+06,2.91201e+06
9,2913800,2.91377e+06,2.91375e+06,2.91376e+06,2.91223e+06
5,2914000,2.91399e+06,2.91397e+06,2.91398e+06,2.91245e+06
7,2914180,2.9142e+06,2.91419e+06,2.9142e+06,2.91267e+06
10,2914400,2.91442e+06,2.91441e+06,2.91442e+06,2.91289e+06
6,2914660,2.91464e+06,2.91463e+06,2.91464e+06,2.91311e+06
1,2914860,2.91485e+06,2.91485e+06,2.91486e+06,2.91333e+06
2,2915080,2.91507e+06,2.91506e+06,2.91508e+06,2.91355e+06
8,2915300,2.91528e+06,2.91528e+06,2.9153e+06,2.91378e+06
4,2915480,2.9155e+06,2.9155e+06,2.91552e+06,2.914e+06
9,2915720,2.91572e+06,2.91572e+06,2.91573e+06,2.91422e+06
3,2915870,2.91593e+06,2.91594e+06,2.91595e+06,2.91444e+06
7,2916130,2.91615e+06,2.91615e+06,2.91617e+06,2.91466e+06
5,2916320,2.91636e+06,2.91637e+06,2.91639e+06,2.91488e+06
10,2916670,2.91658e+06,2.91659e+06,2.91661e+06,2.9151e+06
1,2917100,2.91705e+06,2.91702e+06,2.91702e+06,2.91555e+06
6,2917330,2.91727e+06,2.91724e+06,2.91724e+06,2.91577e+06
2,2917450,2.91748e+06,2.91746e+06,2.91745e+06,2.91599e+06
4,2917590,2.9177e+06,2.91768e+06,2.91767e+06,2.91621e+06
8,2917860,2.91791e+06,2.9179e+06,2.91789e+06,2.91643e+06
3,2918120,2.91813e+06,2.91811e+06,2.91811e+06,2.91665e+06
9,2918330,2.91834e+06,2.91833e+06,2.91833e+06,2.91687e+06
5,2918510,2.91856e+06,2.91855e+06,2.91855e+06,2.91709e+06
7,2918760,2.91877e+06,2.91877e+06,2.91876e+06,2.91732e+06
10,2918970,2.91899e+06,2.91899e+06,2.91898e+06,2.91754e+06
1,2919230,2.9192e+06,2.9192e+06,2.9192e+06,2.91776e+06
2,2919440,2.91942e+06,2.91942e+06,2.91942e+06,2.91798e+06
6,2919670,2.91964e+06,2.91964e+06,2.91964e+06,2.9182e+06
8,2919860,2.91985e+06,2.91986e+06,2.91986e+06,2.91842e+06
4,2920070,2.92007e+06,2.92008e+06,2.92008e+06,2.91864e+06
9,2920330,2.92028e+06,2.92029e+06,2.92029e+06,2.91886e+06
3,2920450,2.9205e+06,2.92051e+06,2.92051e+06,2.91909e+06
7,2920650,2.92071e+06,2.92073e+06,2.92073e+06,2.91931e+06
5,2920910,2.92093e+06,2.92095e+06,2.92095e+06,2.91953e+06
10,2921220,2.92114e+06,2.92117e+06,2.92117e+06,2.91975e+06
2,2921590,2.92163e+06,2.9216e+06,2.9216e+06,2.92019e+06
1,2921850,2.92184e+06,2.92182e+06,2.92182e+06,2.92041e+06
6,2922100,2.92206e+06,2.92204e+06,2.92204e+06,2.92064e+06
4,2922310,2.92227e+06,2.92226e+06,2.92225e+06,2.92086e+06
8,2922510,2.92249e+06,2.92247e+06,2.92247e+06,2.92108e+06
3,2922720,2.9227e+06,2.92269e+06,2.92269e+06,2.9213e+06
9,2922930,2.92292e+06,2.92291e+06,2.92291e+06,2.92152e+06
5,2923130,2.92313e+06,2.92313e+06,2.92313e+06,2.92174e+06
7,2923320,2.92335e+06,2.92335e+06,2.92335e+06,2.92196e+06
10,2923570,2.92356e+06,2.92356e+06,2.92356e+06,2.92218e+06
2,2923750,2.92378e+06,2.92378e+06,2.92378e+06,2.92241e+06
6,2923990,2.92399e+06,2.924e+06,2.924e+06,2.92263e+06
1,2924210,2.92421e+06,2.92422e+06,2.92422e+06,2.92285e+06
8,2924400,2.92442e+06,2.92443e+06,2.92444e+06,2.92307e+06
4,2924590,2.92464e+06,2.92465e+06,2.92465e+06,2.92329e+06
9,2924860,2.92485e+06,2.92487e+06,2.92487e+06,2.92351e+06
3,2925080,2.92507e+06,2.92509e+06,2.92509e+06,2.92373e+06
7,2925250,2.92528e+06,2.92531e+06,2.92531e+06,2.92395e+06
5,2925480,2.9255e+06,2.92552e+06,2.92553e+06,2.92418e+06
10,2925810,2.92572e+06,2.92574e+06,2.92575e+06,2.9244e+06
6,2926190,2.92619e+06,2.92617e+06,2.92615e+06,2.92484e+06
2,2926440,2.9264e+06,2.92639e+06,2.92637e+06,2.92506e+06
8,2926610,2.92662e+06,2.9266e+06,2.92659e+06,2.92528e+06
1,2926760,2.92683e+06,2.92682e+06,2.92681e+06,2.9255e+06
9,2927060,2.92705e+06,2.92704e+06,2.92702e+06,2.92572e+06
4,2927200,2.92726e+06,2.92726e+06,2.92724e+06,2.92595e+06
7,2927430,2.92748e+06,2.92747e+06,2.92746e+06,2.92617e+06
3,2927680,2.92769e+06,2.92769e+06,2.92768e+06,2.92639e+06
5,2927910,2.92791e+06,2.92791e+06,2.9279e+06,2.92661e+06
10,2928110,2.92812e+06,2.92813e+06,2.92812e+06,2.92683e+06
6,2928390,2.92834e+06,2.92834e+06,2.92834e+06,2.92705e+06
8,2928630,2.92855e+06,2.92856e+06,2.92856e+06,2.92727e+06
2,2928800,2.92877e+06,2.92878e+06,2.92878e+06,2.92749e+06
9,2929000,2.92898e+06,2.929e+06,2.92899e+06,2.92772e+06
1,2929160,2.9292e+06,2.92922e+06,2.92921e+06,2.92794e+06
7,2929350,2.92941e+06,2.92943e+06,2.92943e+06,2.92816e+06
4,2929560,2.92963e+06,2.92965e+06,2.92965e+06,2.92838e+06
5,2929860,2.92984e+06,2.92987e+06,2.92987e+06,2.9286e+06
3,2930070,2.93006e+06,2.93009e+06,2.93009e+06,2.92882e+06
10,2930350,2.93027e+06,2.9303e+06,2.93031e+06,2.92904e+06
8,2930750,2.93077e+06,2.93075e+06,2.93074e+06,2.92949e+06
6,2931010,2.93098e+06,2.93097e+06,2.93096e+06,2.92971e+06
9,2931230,2.9312e+06,2.93119e+06,2.93118e+06,2.92993e+06
2,2931470,2.93142e+06,2.9314e+06,2.9314e+06,2.93015e+06
7,2931630,2.93164e+06,2.93162e+06,2.93162e+06,2.93037e+06
1,2931800,2.93185e+06,2.93184e+06,2.93184e+06,2.93059e+06
5,2932050,2.93207e+06,2.93206e+06,2.93206e+06,2.93081e+06
4,2932290,2.93229e+06,2.93228e+06,2.93228e+06,2.93104e+06
3,2932480,2.9325e+06,2.93249e+06,2.9325e+06,2.93126e+06
10,2932640,2.93272e+06,2.93271e+06,2.93272e+06,2.93148e+06
8,2932940,2.93294e+06,2.93293e+06,2.93294e+06,2.9317e+06
9,2933180,2.93316e+06,2.93315e+06,2.93316e+06,2.93192e+06
6,2933400,2.93337e+06,2.93337e+06,2.93338e+06,2.93214e+06
7,2933600,2.93359e+06,2.93358e+06,2.9336e+06,2.93236e+06
2,2933820,2.93381e+06,2.9338e+06,2.93382e+06,2.93258e+06
5,2934010,2.93403e+06,2.93402e+06,2.93404e+06,2.93281e+06
1,2934290,2.93424e+06,2.93424e+06,2.93426e+06,2.93303e+06
3,2934450,2.93446e+06,2.93446e+06,2.93448e+06,2.93325e+06
4,2934700,2.93468e+06,2.93467e+06,2.9347e+06,2.93347e+06
10,2934900,2.9349e+06,2.93489e+06,2.93493e+06,2.93369e+06
9,2935420,2.93538e+06,2.93535e+06,2.93536e+06,2.93413e+06
8,2935600,2.9356e+06,2.93557e+06,2.93558e+06,2.93435e+06
7,2935810,2.93582e+06,2.93579e+06,2.9358e+06,2.93458e+06
6,2936070,2.93603e+06,2.93601e+06,2.93602e+06,2.9348e+06
5,2936220,2.93625e+06,2.93623e+06,2.93624e+06,2.93502e+06
2,2936500,2.93647e+06,2.93645e+06,2.93646e+06,2.93524e+06
3,2936680,2.93669e+06,2.93666e+06,2.93668e+06,2.93546e+06
1,2936940,2.9369e+06,2.93688e+06,2.9369e+06,2.93568e+06
4,2937120,2.93712e+06,2.9371e+06,2.93712e+06,2.9359e+06
10,2937240,2.93734e+06,2.93732e+06,2.93734e+06,2.93612e+06
9,2937560,2.93756e+06,2.93754e+06,2.93756e+06,2.93635e+06
7,2937780,2.93777e+06,2.93776e+06,2.93778e+06,2.93657e+06
8,2937990,2.93799e+06,2.93798e+06,2.938e+06,2.93679e+06
5,2938210,2.93821e+06,2.93819e+06,2.93822e+06,2.93701e+06
6,2938440,2.93843e+06,2.93841e+06,2.93844e+06,2.93723e+06
3,2938630,2.93864e+06,2.93863e+06,2.93866e+06,2.93745e+06
2,2938900,2.93886e+06,2.93885e+06,2.93888e+06,2.93767e+06
4,2939050,2.93908e+06,2.93907e+06,2.9391e+06,2.93789e+06
1,2939280,2.9393e+06,2.93929e+06,2.93932e+06,2.93812e+06
10,2939550,2.93951e+06,2.93951e+06,2.93954e+06,2.93834e+06
7,2939970,2.93998e+06,2.93995e+06,2.93996e+06,2.93878e+06
9,2940200,2.9402e+06,2.94017e+06,2.94018e+06,2.939e+06
5,2940410,2.94041e+06,2.94039e+06,2.94039e+06,2.93922e+06
8,2940620,2.94063e+06,2.9406e+06,2.94061e+06,2.93944e+06
3,2940870,2.94085e+06,2.94082e+06,2.94083e+06,2.93966e+06
6,2941040,2.94106e+06,2.94104e+06,2.94105e+06,2.93989e+06
4,2941310,2.94128e+06,2.94126e+06,2.94127e+06,2.94011e+06
2,2941440,2.9415e+06,2.94148e+06,2.94149e+06,2.94033e+06
1,2941740,2.94171e+06,2.9417e+06,2.9417e+06,2.94055e+06
10,2941860,2.94193e+06,2.94192e+06,2.94192e+06,2.94077e+06
7,2942120,2.94214e+06,2.94214e+06,2.94214e+06,2.94099e+06
5,2942360,2.94236e+06,2.94235e+06,2.94236e+06,2.94121e+06
9,2942560,2.94258e+06,2.94257e+06,2.94258e+06,2.94144e+06
3,2942770,2.94279e+06,2.94279e+06,2.94279e+06,2.94166e+06
8,2942970,2.94301e+06,2.94301e+06,2.94301e+06,2.94188e+06
4,2943250,2.94322e+06,2.94323e+06,2.94323e+06,2.9421e+06
6,2943420,2.94344e+06,2.94345e+06,2.94345e+06,2.94232e+06
1,2943610,2.94366e+06,2.94367e+06,2.94367e+06,2.94254e+06
2,2943970,2.94387e+06,2.94389e+06,2.94389e+06,2.94276e+06
10,2944130,2.94409e+06,2.9441e+06,2.9441e+06,2.94298e+06
5,2944530,2.94456e+06,2.94452e+06,2.94451e+06,2.94343e+06
7,2944750,2.94477e+06,2.94474e+06,2.94473e+06,2.94365e+06
3,2945000,2.94498e+06,2.94496e+06,2.94495e+06,2.94387e+06
9,2945200,2.9452e+06,2.94518e+06,2.94517e+06,2.94409e+06
4,2945450,2.94541e+06,2.94539e+06,2.94538e+06,2.94431e+06
8,2945610,2.94562e+06,2.94561e+06,2.9456e+06,2.94453e+06
1,2945930,2.94584e+06,2.94583e+06,2.94582e+06,2.94475e+06
6,2946070,2.94605e+06,2.94605e+06,2.94604e+06,2.94498e+06
2,2946180,2.94626e+06,2.94627e+06,2.94625e+06,2.9452e+06
10,2946440,2.94648e+06,2.94648e+06,2.94647e+06,2.94542e+06
5,2946670,2.94669e+06,2.9467e+06,2.94669e+06,2.94564e+06
3,2946900,2.9469e+06,2.94692e+06,2.94691e+06,2.94586e+06
7,2947120,2.94712e+06,2.94714e+06,2.94712e+06,2.94608e+06
4,2947360,2.94733e+06,2.94736e+06,2.94734e+06,2.9463e+06
9,2947560,2.94754e+06,2.94757e+06,2.94756e+06,2.94652e+06
1,2947710,2.94776e+06,2.94779e+06,2.94778e+06,2.94675e+06
8,2947910,2.94797e+06,2.94801e+06,2.94799e+06,2.94697e+06
2,2948140,2.94818e+06,2.94823e+06,2.94821e+06,2.94719e+06
6,2948360,2.94839e+06,2.94845e+06,2.94843e+06,2.94741e+06
10,2948710,2.94861e+06,2.94866e+06,2.94865e+06,2.94763e+06
3,2949180,2.9491e+06,2.94908e+06,2.94907e+06,2.94807e+06
5,2949350,2.94931e+06,2.9493e+06,2.94929e+06,2.94829e+06
4,2949600,2.94953e+06,2.94952e+06,2.9495e+06,2.94852e+06
7,2949770,2.94974e+06,2.94974e+06,2.94972e+06,2.94874e+06
1,2949880,2.94996e+06,2.94995e+06,2.94994e+06,2.94896e+06
9,2950170,2.95017e+06,2.95017e+06,2.95016e+06,2.94918e+06
2,2950280,2.95039e+06,2.95039e+06,2.95038e+06,2.9494e+06
8,2950510,2.9506e+06,2.95061e+06,2.95059e+06,2.94962e+06
6,2950830,2.95082e+06,2.95082e+06,2.95081e+06,2.94984e+06
10,2950990,2.95103e+06,2.95104e+06,2.95103e+06,2.95006e+06
3,2951300,2.95124e+06,2.95126e+06,2.95125e+06,2.95029e+06
4,2951550,2.95146e+06,2.95148e+06,2.95147e+06,2.95051e+06
5,2951720,2.95167e+06,2.95169e+06,2.95169e+06,2.95073e+06
1,2951860,2.95189e+06,2.95191e+06,2.9519e+06,2.95095e+06
7,2952060,2.9521e+06,2.95213e+06,2.95212e+06,2.95117e+06
2,2952320,2.95232e+06,2.95235e+06,2.95234e+06,2.95139e+06
9,2952510,2.95253e+06,2.95256e+06,2.95256e+06,2.95161e+06
6,2952740,2.95274e+06,2.95278e+06,2.95278e+06,2.95184e+06
8,2952930,2.95296e+06,2.953e+06,2.95299e+06,2.95206e+06
10,2953250,2.95317e+06,2.95322e+06,2.95321e+06,2.95228e+06
4,2953660,2.95366e+06,2.95365e+06,2.95363e+06,2.95272e+06
3,2953890,2.95387e+06,2.95387e+06,2.95385e+06,2.95294e+06
1,2954130,2.95409e+06,2.95408e+06,2.95407e+06,2.95316e+06
5,2954340,2.95431e+06,2.9543e+06,2.95429e+06,2.95338e+06
2,2954500,2.95452e+06,2.95452e+06,2.95451e+06,2.95361e+06
7,2954670,2.95474e+06,2.95473e+06,2.95473e+06,2.95383e+06
6,2954960,2.95495e+06,2.95495e+06,2.95495e+06,2.95405e+06
9,2955170,2.95517e+06,2.95517e+06,2.95516e+06,2.95427e+06
8,2955370,2.95539e+06,2.95539e+06,2.95538e+06,2.95449e+06
10,2955550,2.9556e+06,2.9556e+06,2.9556e+06,2.95471e+06
4,2955810,2.95582e+06,2.95582e+06,2.95582e+06,2.95493e+06
1,2956040,2.95603e+06,2.95604e+06,2.95604e+06,2.95515e+06
3,2956220,2.95625e+06,2.95626e+06,2.95626e+06,2.95538e+06
2,2956550,2.95647e+06,2.95647e+06,2.95647e+06,2.9556e+06
5,2956670,2.95668e+06,2.95669e+06,2.95669e+06,2.95582e+06
6,2956900,2.9569e+06,2.95691e+06,2.95691e+06,2.95604e+06
7,2957100,2.95711e+06,2.95713e+06,2.95713e+06,2.95626e+06
8,2957320,2.95733e+06,2.95734e+06,2.95735e+06,2.95648e+06
9,2957530,2.95754e+06,2.95756e+06,2.95757e+06,2.9567e+06
10,2957820,2.95776e+06,2.95778e+06,2.95779e+06,2.95692e+06
1,2958240,2.95824e+06,2.95822e+06,2.95821e+06,2.95737e+06
4,2958470,2.95845e+06,2.95843e+06,2.95843e+06,2.95759e+06
2,2958640,2.95867e+06,2.95865e+06,2.95865e+06,2.95781e+06
3,2958850,2.95888e+06,2.95887e+06,2.95887e+06,2.95803e+06
6,2959120,2.9591e+06,2.95909e+06,2.95908e+06,2.95825e+06
5,2959360,2.95932e+06,2.9593e+06,2.9593e+06,2.95847e+06
8,2959540,2.95953e+06,2.95952e+06,2.95952e+06,2.95869e+06
7,2959720,2.95975e+06,2.95974e+06,2.95974e+06,2.95892e+06
9,2959920,2.95996e+06,2.95995e+06,2.95996e+06,2.95914e+06
10,2960140,2.96018e+06,2.96017e+06,2.96017e+06,2.95936e+06
1,2960420,2.96039e+06,2.96039e+06,2.96039e+06,2.95958e+06
2,2960630,2.96061e+06,2.96061e+06,2.96061e+06,2.9598e+06
4,2960830,2.96082e+06,2.96082e+06,2.96083e+06,2.96002e+06
6,2961040,2.96104e+06,2.96104e+06,2.96105e+06,2.96024e+06
3,2961220,2.96126e+06,2.96126e+06,2.96127e+06,2.96046e+06
8,2961450,2.96147e+06,2.96148e+06,2.96148e+06,2.96069e+06
5,2961690,2.96169e+06,2.96169e+06,2.9617e+06,2.96091e+06
9,2961900,2.9619e+06,2.96191e+06,2.96192e+06,2.96113e+06
7,2962110,2.96212e+06,2.96213e+06,2.96214e+06,2.96135e+06
10,2962390,2.96233e+06,2.96235e+06,2.96236e+06,2.96157e+06
2,2962820,2.96281e+06,2.96278e+06,2.96278e+06,2.96201e+06
1,2963070,2.96302e+06,2.963e+06,2.96299e+06,2.96224e+06
4,2963220,2.96324e+06,2.96321e+06,2.96321e+06,2.96246e+06
3,2963430,2.96345e+06,2.96343e+06,2.96343e+06,2.96268e+06
6,2963650,2.96367e+06,2.96365e+06,2.96365e+06,2.9629e+06
5,2963900,2.96388e+06,2.96387e+06,2.96386e+06,2.96312e+06
8,2964070,2.96409e+06,2.96408e+06,2.96408e+06,2.96334e+06
7,2964290,2.96431e+06,2.9643e+06,2.9643e+06,2.96356e+06
9,2964520,2.96452e+06,2.96452e+06,2.96452e+06,2.96378e+06
10,2964740,2.96474e+06,2.96473e+06,2.96473e+06,2.96401e+06
2,2964970,2.96495e+06,2.96495e+06,2.96495e+06,2.96423e+06
4,2965170,2.96517e+06,2.96517e+06,2.96517e+06,2.96445e+06
1,2965390,2.96538e+06,2.96539e+06,2.96539e+06,2.96467e+06
6,2965590,2.96559e+06,2.9656e+06,2.9656e+06,2.96489e+06
3,2965800,2.96581e+06,2.96582e+06,2.96582e+06,2.96511e+06
8,2965970,2.96602e+06,2.96604e+06,2.96604e+06,2.96533e+06
5,2966240,2.96624e+06,2.96626e+06,2.96626e+06,2.96555e+06
9,2966420,2.96645e+06,2.96647e+06,2.96647e+06,2.96578e+06
7,2966670,2.96667e+06,2.96669e+06,2.96669e+06,2.966e+06
10,2966930,2.96688e+06,2.96691e+06,2.96691e+06,2.96622e+06
4,2967360,2.96735e+06,2.96733e+06,2.96732e+06,2.96666e+06
2,2967600,2.96757e+06,2.96755e+06,2.96754e+06,2.96688e+06
6,2967790,2.96778e+06,2.96777e+06,2.96776e+06,2.9671e+06
1,2967990,2.968e+06,2.96798e+06,2.96797e+06,2.96732e+06
8,2968160,2.96821e+06,2.9682e+06,2.96819e+06,2.96755e+06
3,2968400,2.96843e+06,2.96842e+06,2.96841e+06,2.96777e+06
9,2968640,2.96864e+06,2.96863e+06,2.96863e+06,2.96799e+06
5,2968860,2.96885e+06,2.96885e+06,2.96884e+06,2.96821e+06
7,2969080,2.96907e+06,2.96907e+06,2.96906e+06,2.96843e+06
10,2969240,2.96928e+06,2.96929e+06,2.96928e+06,2.96865e+06
4,2969490,2.9695e+06,2.9695e+06,2.9695e+06,2.96887e+06
6,2969710,2.96971e+06,2.96972e+06,2.96971e+06,2.96909e+06
2,2969960,2.96992e+06,2.96994e+06,2.96993e+06,2.96932e+06
8,2970180,2.97014e+06,2.97015e+06,2.97015e+06,2.96954e+06
1,2970280,2.97035e+06,2.97037e+06,2.97037e+06,2.96976e+06
9,2970570,2.97057e+06,2.97059e+06,2.97058e+06,2.96998e+06
3,2970760,2.97078e+06,2.9708e+06,2.9708e+06,2.9702e+06
7,2971000,2.971e+06,2.97102e+06,2.97102e+06,2.97042e+06
5,2971220,2.97121e+06,2.97124e+06,2.97124e+06,2.97064e+06
10,2971460,2.97142e+06,2.97145e+06,2.97145e+06,2.97086e+06
6,2971900,2.97191e+06,2.97189e+06,2.97188e+06,2.97131e+06
4,2972170,2.97212e+06,2.97211e+06,2.97209e+06,2.97153e+06
8,2972360,2.97234e+06,2.97232e+06,2.97231e+06,2.97175e+06
2,2972590,2.97255e+06,2.97254e+06,2.97253e+06,2.97197e+06
9,2972820,2.97277e+06,2.97276e+06,2.97275e+06,2.97219e+06
1,2972930,2.97298e+06,2.97297e+06,2.97297e+06,2.97241e+06
7,2973120,2.9732e+06,2.97319e+06,2.97319e+06,2.97264e+06
3,2973390,2.97341e+06,2.97341e+06,2.9734e+06,2.97286e+06
5,2973610,2.97363e+06,2.97362e+06,2.97362e+06,2.97308e+06
10,2973810,2.97384e+06,2.97384e+06,2.97384e+06,2.9733e+06
6,2974040,2.97406e+06,2.97406e+06,2.97406e+06,2.97352e+06
8,2974290,2.97427e+06,2.97427e+06,2.97428e+06,2.97374e+06
4,2974490,2.97449e+06,2.97449e+06,2.9745e+06,2.97396e+06
9,2974760,2.9747e+06,2.97471e+06,2.97471e+06,2.97418e+06
2,2974970,2.97492e+06,2.97493e+06,2.97493e+06,2.97441e+06
7,2975100,2.97513e+06,2.97514e+06,2.97515e+06,2.97463e+06
1,2975260,2.97535e+06,2.97536e+06,2.97537e+06,2.97485e+06
5,2975570,2.97556e+06,2.97558e+06,2.97559e+06,2.97507e+06
3,2975750,2.97578e+06,2.97579e+06,2.97581e+06,2.97529e+06
10,2976080,2.97599e+06,2.97601e+06,2.97602e+06,2.97551e+06
8,2976460,2.97647e+06,2.97645e+06,2.97644e+06,2.97595e+06
6,2976700,2.97669e+06,2.97667e+06,2.97666e+06,2.97618e+06
9,2976910,2.9769e+06,2.97689e+06,2.97688e+06,2.9764e+06
4,2977100,2.97712e+06,2.97711e+06,2.9771e+06,2.97662e+06
7,2977340,2.97734e+06,2.97732e+06,2.97732e+06,2.97684e+06
2,2977580,2.97755e+06,2.97754e+06,2.97754e+06,2.97706e+06
5,2977750,2.97777e+06,2.97776e+06,2.97776e+06,2.97728e+06
1,2978000,2.97799e+06,2.97797e+06,2.97798e+06,2.9775e+06
3,2978180,2.9782e+06,2.97819e+06,2.9782e+06,2.97772e+06
10,2978420,2.97842e+06,2.97841e+06,2.97842e+06,2.97795e+06
8,2978600,2.97863e+06,2.97863e+06,2.97863e+06,2.97817e+06
9,2978850,2.97885e+06,2.97884e+06,2.97885e+06,2.97839e+06
6,2979060,2.97907e+06,2.97906e+06,2.97907e+06,2.97861e+06
7,2979270,2.97928e+06,2.97928e+06,2.97929e+06,2.97883e+06
4,2979460,2.9795e+06,2.97949e+06,2.97951e+06,2.97905e+06
5,2979720,2.97972e+06,2.97971e+06,2.97973e+06,2.97927e+06
2,2979930,2.97993e+06,2.97993e+06,2.97995e+06,2.97949e+06
3,2980130,2.98015e+06,2.98015e+06,2.98017e+06,2.97972e+06
1,2980370,2.98036e+06,2.98036e+06,2.98039e+06,2.97994e+06
10,2980670,2.98058e+06,2.98058e+06,2.98061e+06,2.98016e+06
9,2981040,2.98106e+06,2.98104e+06,2.98105e+06,2.9806e+06
8,2981310,2.98128e+06,2.98126e+06,2.98127e+06,2.98082e+06
7,2981480,2.9815e+06,2.98148e+06,2.98149e+06,2.98104e+06
6,2981710,2.98172e+06,2.9817e+06,2.98171e+06,2.98127e+06
5,2981900,2.98194e+06,2.98191e+06,2.98193e+06,2.98149e+06
4,2982180,2.98215e+06,2.98213e+06,2.98215e+06,2.98171e+06
3,2982380,2.98237e+06,2.98235e+06,2.98237e+06,2.98193e+06
2,2982570,2.98259e+06,2.98257e+06,2.98259e+06,2.98215e+06
1,2982830,2.98281e+06,2.98279e+06,2.98281e+06,2.98237e+06
10,2983000,2.98303e+06,2.983e+06,2.98303e+06,2.98259e+06
9,2983260,2.98324e+06,2.98322e+06,2.98325e+06,2.98281e+06
7,2983460,2.98346e+06,2.98344e+06,2.98347e+06,2.98304e+06
8,2983650,2.98368e+06,2.98366e+06,2.98368e+06,2.98326e+06
5,2983920,2.9839e+06,2.98388e+06,2.9839e+06,2.98348e+06
6,2984150,2.98412e+06,2.98409e+06,2.98412e+06,2.9837e+06
3,2984340,2.98434e+06,2.98431e+06,2.98434e+06,2.98392e+06
4,2984530,2.98455e+06,2.98453e+06,2.98456e+06,2.98414e+06
1,2984730,2.98477e+06,2.98475e+06,2.98478e+06,2.98436e+06
2,2985000,2.98499e+06,2.98497e+06,2.985e+06,2.98458e+06
10,2985270,2.98521e+06,2.98518e+06,2.98522e+06,2.98481e+06
7,2985660,2.98567e+06,2.98563e+06,2.98564e+06,2.98525e+06
9,2985880,2.98589e+06,2.98585e+06,2.98586e+06,2.98547e+06
5,2986130,2.98611e+06,2.98607e+06,2.98608e+06,2.98569e+06
8,2986320,2.98632e+06,2.98629e+06,2.9863e+06,2.98591e+06
3,2986560,2.98654e+06,2.98651e+06,2.98652e+06,2.98613e+06
6,2986760,2.98675e+06,2.98672e+06,2.98673e+06,2.98635e+06
1,2986970,2.98697e+06,2.98694e+06,2.98695e+06,2.98658e+06
4,2987190,2.98718e+06,2.98716e+06,2.98717e+06,2.9868e+06
2,2987290,2.9874e+06,2.98738e+06,2.98739e+06,2.98702e+06
10,2987610,2.98761e+06,2.9876e+06,2.98761e+06,2.98724e+06
7,2987870,2.98783e+06,2.98782e+06,2.98783e+06,2.98746e+06
5,2988090,2.98805e+06,2.98803e+06,2.98805e+06,2.98768e+06
9,2988270,2.98826e+06,2.98825e+06,2.98827e+06,2.9879e+06
3,2988460,2.98848e+06,2.98847e+06,2.98848e+06,2.98812e+06
8,2988650,2.98869e+06,2.98869e+06,2.9887e+06,2.98835e+06
1,2988860,2.98891e+06,2.98891e+06,2.98892e+06,2.98857e+06
6,2989090,2.98912e+06,2.98913e+06,2.98914e+06,2.98879e+06
2,2989340,2.98934e+06,2.98934e+06,2.98936e+06,2.98901e+06
4,2989530,2.98955e+06,2.98956e+06,2.98958e+06,2.98923e+06
10,2989850,2.98977e+06,2.98978e+06,2.9898e+06,2.98945e+06
5,2990290,2.99025e+06,2.99022e+06,2.99021e+06,2.98989e+06
7,2990490,2.99046e+06,2.99043e+06,2.99043e+06,2.99012e+06
3,2990740,2.99068e+06,2.99065e+06,2.99065e+06,2.99034e+06
9,2990930,2.99089e+06,2.99087e+06,2.99087e+06,2.99056e+06
1,2991050,2.99111e+06,2.99109e+06,2.99109e+06,2.99078e+06
8,2991260,2.99132e+06,2.99131e+06,2.9913e+06,2.991e+06
2,2991490,2.99154e+06,2.99152e+06,2.99152e+06,2.99122e+06
6,2991720,2.99175e+06,2.99174e+06,2.99174e+06,2.99144e+06
4,2991930,2.99197e+06,2.99196e+06,2.99196e+06,2.99167e+06
10,2992150,2.99218e+06,2.99218e+06,2.99218e+06,2.99189e+06
5,2992460,2.9924e+06,2.9924e+06,2.9924e+06,2.99211e+06
3,2992690,2.99261e+06,2.99262e+06,2.99262e+06,2.99233e+06
7,2992860,2.99282e+06,2.99283e+06,2.99284e+06,2.99255e+06
1,2992990,2.99304e+06,2.99305e+06,2.99306e+06,2.99277e+06
9,2993270,2.99325e+06,2.99327e+06,2.99327e+06,2.99299e+06
2,2993510,2.99347e+06,2.99349e+06,2.99349e+06,2.99321e+06
8,2993640,2.99368e+06,2.99371e+06,2.99371e+06,2.99344e+06
4,2993840,2.9939e+06,2.99392e+06,2.99393e+06,2.99366e+06
6,2994070,2.99411e+06,2.99414e+06,2.99415e+06,2.99388e+06
10,2994400,2.99433e+06,2.99436e+06,2.99437e+06,2.9941e+06
3,2994910,2.99482e+06,2.9948e+06,2.99479e+06,2.99454e+06
5,2995090,2.99504e+06,2.99502e+06,2.99501e+06,2.99476e+06
1,2995250,2.99525e+06,2.99524e+06,2.99523e+06,2.99498e+06
7,2995410,2.99547e+06,2.99546e+06,2.99545e+06,2.99521e+06
2,2995680,2.99568e+06,2.99567e+06,2.99567e+06,2.99543e+06
9,2995920,2.9959e+06,2.99589e+06,2.99589e+06,2.99565e+06
4,2996110,2.99612e+06,2.99611e+06,2.99611e+06,2.99587e+06
8,2996300,2.99633e+06,2.99633e+06,2.99633e+06,2.99609e+06
6,2996550,2.99655e+06,2.99655e+06,2.99655e+06,2.99631e+06
10,2996720,2.99677e+06,2.99677e+06,2.99677e+06,2.99653e+06
3,2997010,2.99698e+06,2.99698e+06,2.99699e+06,2.99675e+06
1,2997210,2.9972e+06,2.9972e+06,2.99721e+06,2.99698e+06
5,2997410,2.99742e+06,2.99742e+06,2.99743e+06,2.9972e+06
2,2997640,2.99763e+06,2.99764e+06,2.99765e+06,2.99742e+06
7,2997810,2.99785e+06,2.99786e+06,2.99787e+06,2.99764e+06
4,2998060,2.99807e+06,2.99807e+06,2.99809e+06,2.99786e+06
9,2998260,2.99828e+06,2.99829e+06,2.99831e+06,2.99808e+06
6,2998510,2.9985e+06,2.99851e+06,2.99853e+06,2.9983e+06
8,2998730,2.99872e+06,2.99873e+06,2.99875e+06,2.99852e+06
10,2999010,2.99893e+06,2.99895e+06,2.99897e+06,2.99875e+06
1,2999450,2.99942e+06,2.9994e+06,2.9994e+06,2.99919e+06
3,2999650,2.99963e+06,2.99961e+06,2.99962e+06,2.99941e+06
2,2999810,2.99985e+06,2.99983e+06,2.99984e+06,2.99963e+06
5,3000080,3.00007e+06,3.00005e+06,3.00006e+06,2.99985e+06
4,3000320,3.00029e+06,3.00027e+06,3.00028e+06,3.00007e+06
7,3000450,3.0005e+06,3.00049e+06,3.0005e+06,3.00029e+06
6,3000730,3.00072e+06,3.00071e+06,3.00072e+06,3.00052e+06
9,3000940,3.00094e+06,3.00093e+06,3.00093e+06,3.00074e+06
8,3001110,3.00116e+06,3.00114e+06,3.00115e+06,3.00096e+06
10,3001360,3.00137e+06,3.00136e+06,3.00137e+06,3.00118e+06
1,3001610,3.00159e+06,3.00158e+06,3.00159e+06,3.0014e+06
2,3001870,3.00181e+06,3.0018e+06,3.00181e+06,3.00162e+06
3,3002010,3.00203e+06,3.00202e+06,3.00203e+06,3.00184e+06
4,3002240,3.00224e+06,3.00224e+06,3.00225e+06,3.00207e+06
5,3002430,3.00246e+06,3.00246e+06,3.00247e+06,3.00229e+06
6,3002680,3.00268e+06,3.00267e+06,3.00269e+06,3.00251e+06
7,3002900,3.0029e+06,3.00289e+06,3.00291e+06,3.00273e+06
8,3003110,3.00311e+06,3.00311e+06,3.00313e+06,3.00295e+06
9,3003310,3.00333e+06,3.00333e+06,3.00335e+06,3.00317e+06
10,3003600,3.00355e+06,3.00355e+06,3.00357e+06,3.00339e+06
1,3003930,3.004e+06,3.00398e+06,3.00398e+06,3.00384e+06
2,3004190,3.00422e+06,3.0042e+06,3.0042e+06,3.00406e+06
3,3004410,3.00444e+06,3.00442e+06,3.00442e+06,3.00428e+06
4,3004630,3.00465e+06,3.00464e+06,3.00463e+06,3.0045e+06
5,3004880,3.00487e+06,3.00486e+06,3.00485e+06,3.00472e+06
6,3005140,3.00509e+06,3.00508e+06,3.00507e+06,3.00494e+06
7,3005330,3.0053e+06,3.00529e+06,3.00529e+06,3.00516e+06
8,3005520,3.00552e+06,3.00551e+06,3.00551e+06,3.00538e+06
9,3005750,3.00574e+06,3.00573e+06,3.00573e+06,3.00561e+06
10,3005920,3.00596e+06,3.00595e+06,3.00595e+06,3.00583e+06
1,3006110,3.00617e+06,3.00617e+06,3.00616e+06,3.00605e+06
2,3006350,3.00639e+06,3.00639e+06,3.00638e+06,3.00627e+06
3,3006530,3.00661e+06,3.0066e+06,3.0066e+06,3.00649e+06
4,3006750,3.00682e+06,3.00682e+06,3.00682e+06,3.00671e+06
5,3007040,3.00704e+06,3.00704e+06,3.00704e+06,3.00693e+06
6,3007300,3.00726e+06,3.00726e+06,3.00726e+06,3.00715e+06
7,3007520,3.00747e+06,3.00748e+06,3.00748e+06,3.00738e+06
8,3007710,3.00769e+06,3.0077e+06,3.0077e+06,3.0076e+06
9,3007890,3.00791e+06,3.00792e+06,3.00791e+06,3.00782e+06
10,3008210,3.00812e+06,3.00813e+06,3.00813e+06,3.00804e+06
1,3008520,3.00858e+06,3.00857e+06,3.00855e+06,3.00848e+06
2,3008750,3.0088e+06,3.00878e+06,3.00877e+06,3.0087e+06
3,3009010,3.00901e+06,3.009e+06,3.00899e+06,3.00892e+06
4,3009190,3.00923e+06,3.00922e+06,3.00921e+06,3.00915e+06
5,3009430,3.00945e+06,3.00944e+06,3.00943e+06,3.00937e+06
6,3009680,3.00966e+06,3.00966e+06,3.00965e+06,3.00959e+06
7,3009900,3.00988e+06,3.00988e+06,3.00987e+06,3.00981e+06
8,3010110,3.0101e+06,3.01009e+06,3.01009e+06,3.01003e+06
9,3010330,3.01032e+06,3.01031e+06,3.01031e+06,3.01025e+06
10,3010580,3.01053e+06,3.01053e+06,3.01052e+06,3.01047e+06
1,3010760,3.01075e+06,3.01075e+06,3.01074e+06,3.01069e+06
2,3010950,3.01097e+06,3.01097e+06,3.01096e+06,3.01092e+06
3,3011100,3.01118e+06,3.01119e+06,3.01118e+06,3.01114e+06
4,3011330,3.0114e+06,3.0114e+06,3.0114e+06,3.01136e+06
5,3011610,3.01162e+06,3.01162e+06,3.01162e+06,3.01158e+06
6,3011810,3.01183e+06,3.01184e+06,3.01184e+06,3.0118e+06
7,3012090,3.01205e+06,3.01206e+06,3.01206e+06,3.01202e+06
8,3012260,3.01227e+06,3.01228e+06,3.01228e+06,3.01224e+06
9,3012470,3.01249e+06,3.0125e+06,3.0125e+06,3.01247e+06
10,3012800,3.0127e+06,3.01271e+06,3.01271e+06,3.01269e+06
1,3013150,3.01316e+06,3.01315e+06,3.01314e+06,3.01313e+06
2,3013370,3.01338e+06,3.01337e+06,3.01336e+06,3.01335e+06
3,3013590,3.0136e+06,3.01359e+06,3.01358e+06,3.01357e+06
4,3013790,3.01381e+06,3.0138e+06,3.0138e+06,3.01379e+06
5,3013990,3.01403e+06,3.01402e+06,3.01401e+06,3.01401e+06
6,3014260,3.01425e+06,3.01424e+06,3.01423e+06,3.01424e+06
7,3014450,3.01446e+06,3.01446e+06,3.01445e+06,3.01446e+06
8,3014670,3.01468e+06,3.01468e+06,3.01467e+06,3.01468e+06
9,3014920,3.0149e+06,3.0149e+06,3.01489e+06,3.0149e+06
10,3015080,3.01512e+06,3.01511e+06,3.01511e+06,3.01512e+06
1,3015350,3.01533e+06,3.01533e+06,3.01533e+06,3.01534e+06
2,3015570,3.01555e+06,3.01555e+06,3.01555e+06,3.01556e+06
3,3015780,3.01577e+06,3.01577e+06,3.01577e+06,3.01578e+06
4,3015970,3.01598e+06,3.01599e+06,3.01599e+06,3.01601e+06
5,3016200,3.0162e+06,3.0162e+06,3.01621e+06,3.01623e+06
6,3016390,3.01642e+06,3.01642e+06,3.01643e+06,3.01645e+06
7,3016650,3.01664e+06,3.01664e+06,3.01665e+06,3.01667e+06
8,3016830,3.01685e+06,3.01686e+06,3.01687e+06,3.01689e+06
9,3017060,3.01707e+06,3.01708e+06,3.01709e+06,3.01711e+06
10,3017350,3.01729e+06,3.0173e+06,3.0173e+06,3.01733e+06
1,3017750,3.01775e+06,3.01774e+06,3.01773e+06,3.01778e+06
2,3017940,3.01796e+06,3.01795e+06,3.01795e+06,3.018e+06
3,3018180,3.01818e+06,3.01817e+06,3.01817e+06,3.01822e+06
4,3018380,3.0184e+06,3.01839e+06,3.01839e+06,3.01844e+06
5,3018600,3.01862e+06,3.01861e+06,3.01861e+06,3.01866e+06
6,3018850,3.01884e+06,3.01883e+06,3.01883e+06,3.01888e+06
7,3019050,3.01905e+06,3.01905e+06,3.01904e+06,3.0191e+06
8,3019240,3.01927e+06,3.01926e+06,3.01926e+06,3.01932e+06
9,3019490,3.01949e+06,3.01948e+06,3.01948e+06,3.01955e+06
10,3019680,3.01971e+06,3.0197e+06,3.0197e+06,3.01977e+06
1,3019960,3.01992e+06,3.01992e+06,3.01992e+06,3.01999e+06
2,3020160,3.02014e+06,3.02014e+06,3.02014e+06,3.02021e+06
3,3020310,3.02036e+06,3.02036e+06,3.02036e+06,3.02043e+06
4,3020560,3.02058e+06,3.02057e+06,3.02058e+06,3.02065e+06
5,3020800,3.0208e+06,3.02079e+06,3.0208e+06,3.02087e+06
6,3021010,3.02101e+06,3.02101e+06,3.02102e+06,3.02109e+06
7,3021220,3.02123e+06,3.02123e+06,3.02124e+06,3.02132e+06
8,3021450,3.02145e+06,3.02145e+06,3.02146e+06,3.02154e+06
9,3021640,3.02167e+06,3.02167e+06,3.02168e+06,3.02176e+06
10,3021980,3.02189e+06,3.02189e+06,3.0219e+06,3021980
